timestamp,session_id,last_lap,current_lap,sector1_time,sector2_time,sector3_time,delta_front,lap_distance,car_pos,current_sector
229.925,13859826608897719907,0,0,0,0,0,0,0.000,0,0
229.956,13859826608897719907,0,0,0,0,0,0,0.000,0,0
229.971,13859826608897719907,0,0,0,0,0,0,0.000,0,0
229.986,13859826608897719907,0,0,0,0,0,0,0.000,0,0
230.000,13859826608897719907,0,0,0,0,0,0,0.000,0,0
230.016,13859826608897719907,0,0,0,0,0,0,0.000,0,0
230.031,13859826608897719907,0,0,0,0,0,0,0.000,0,0
230.047,13859826608897719907,0,0,0,0,0,0,0.000,0,0
230.062,13859826608897719907,0,0,0,0,0,0,0.000,0,0
230.078,13859826608897719907,0,0,0,0,0,0,0.000,0,0
230.094,13859826608897719907,0,0,0,0,0,0,0.000,0,0
230.109,13859826608897719907,0,0,0,0,0,0,0.000,0,0
230.125,13859826608897719907,0,0,0,0,0,0,0.000,0,0
230.141,13859826608897719907,0,0,0,0,0,0,0.000,0,0
230.157,13859826608897719907,0,0,0,0,0,0,0.000,0,0
230.173,13859826608897719907,0,0,0,0,0,0,0.000,0,0
230.189,13859826608897719907,0,0,0,0,0,0,0.000,0,0
230.205,13859826608897719907,0,0,0,0,0,0,0.000,0,0
230.221,13859826608897719907,0,0,0,0,0,0,0.000,0,0
230.253,13859826608897719907,0,0,0,0,0,0,0.000,0,0
230.269,13859826608897719907,0,0,0,0,0,0,0.000,0,0
230.284,13859826608897719907,0,0,0,0,0,0,0.000,0,0
230.300,13859826608897719907,0,0,0,0,0,0,0.000,0,0
230.315,13859826608897719907,0,0,0,0,0,0,0.000,0,0
230.331,13859826608897719907,0,0,0,0,0,0,0.000,0,0
230.346,13859826608897719907,0,0,0,0,0,0,0.000,0,0
230.362,13859826608897719907,0,0,0,0,0,0,0.000,0,0
230.378,13859826608897719907,0,0,0,0,0,0,0.000,0,0
230.393,13859826608897719907,0,0,0,0,0,0,0.000,0,0
230.408,13859826608897719907,0,0,0,0,0,0,0.000,0,0
230.423,13859826608897719907,0,0,0,0,0,0,0.000,0,0
230.454,13859826608897719907,0,0,0,0,0,0,0.000,0,0
230.469,13859826608897719907,0,0,0,0,0,0,0.000,0,0
230.484,13859826608897719907,0,0,0,0,0,0,0.000,0,0
230.500,13859826608897719907,0,0,0,0,0,0,0.000,0,0
230.515,13859826608897719907,0,0,0,0,0,0,0.000,0,0
230.531,13859826608897719907,0,0,0,0,0,0,0.000,0,0
230.546,13859826608897719907,0,0,0,0,0,0,0.000,0,0
230.562,13859826608897719907,0,0,0,0,0,0,0.000,0,0
230.578,13859826608897719907,0,0,0,0,0,0,0.000,0,0
230.594,13859826608897719907,0,0,0,0,0,0,0.000,0,0
230.609,13859826608897719907,0,0,0,0,0,0,0.000,0,0
230.641,13859826608897719907,0,0,0,0,0,0,0.000,0,0
230.656,13859826608897719907,0,0,0,0,0,0,0.000,0,0
230.687,13859826608897719907,0,0,0,0,0,0,0.000,0,0
230.703,13859826608897719907,0,0,0,0,0,0,0.000,0,0
230.718,13859826608897719907,0,0,0,0,0,0,0.000,0,0
230.734,13859826608897719907,0,0,0,0,0,0,0.000,0,0
230.749,13859826608897719907,0,0,0,0,0,0,0.000,0,0
230.765,13859826608897719907,0,0,0,0,0,0,0.000,0,0
230.796,13859826608897719907,0,0,0,0,0,0,0.000,0,0
230.811,13859826608897719907,0,0,0,0,0,0,0.000,0,0
230.827,13859826608897719907,0,0,0,0,0,0,0.000,0,0
230.843,13859826608897719907,0,0,0,0,0,0,0.000,0,0
230.858,13859826608897719907,0,0,0,0,0,0,0.000,0,0
230.890,13859826608897719907,0,0,0,0,0,0,0.000,0,0
230.921,13859826608897719907,0,0,0,0,0,0,0.000,0,0
230.936,13859826608897719907,0,0,0,0,0,0,0.000,0,0
230.951,13859826608897719907,0,0,0,0,0,0,0.000,0,0
230.967,13859826608897719907,0,0,0,0,0,0,0.000,0,0
230.982,13859826608897719907,0,0,0,0,0,0,0.000,0,0
230.997,13859826608897719907,0,0,0,0,0,0,0.000,0,0
231.013,13859826608897719907,0,0,0,0,0,0,0.000,0,0
231.043,13859826608897719907,0,0,0,0,0,0,0.000,0,0
231.059,13859826608897719907,0,0,0,0,0,0,0.000,0,0
231.074,13859826608897719907,0,0,0,0,0,0,0.000,0,0
231.104,13859826608897719907,0,0,0,0,0,0,0.000,0,0
231.120,13859826608897719907,0,0,0,0,0,0,0.000,0,0
231.135,13859826608897719907,0,0,0,0,0,0,0.000,0,0
231.150,13859826608897719907,0,0,0,0,0,0,0.000,0,0
231.166,13859826608897719907,0,0,0,0,0,0,0.000,0,0
231.181,13859826608897719907,0,0,0,0,0,0,0.000,0,0
231.196,13859826608897719907,0,0,0,0,0,0,0.000,0,0
231.212,13859826608897719907,0,0,0,0,0,0,0.000,0,0
231.227,13859826608897719907,0,0,0,0,0,0,0.000,0,0
231.242,13859826608897719907,0,0,0,0,0,0,0.000,0,0
231.257,13859826608897719907,0,0,0,0,0,0,0.000,0,0
231.288,13859826608897719907,0,0,0,0,0,0,0.000,0,0
231.303,13859826608897719907,0,0,0,0,0,0,0.000,0,0
231.334,13859826608897719907,0,0,0,0,0,0,0.000,0,0
231.349,13859826608897719907,0,0,0,0,0,0,0.000,0,0
231.364,13859826608897719907,0,0,0,0,0,0,0.000,0,0
231.379,13859826608897719907,0,0,0,0,0,0,0.000,0,0
231.394,13859826608897719907,0,0,0,0,0,0,0.000,0,0
231.459,13859826608897719907,0,0,0,0,0,0,0.000,0,0
231.506,13859826608897719907,0,0,0,0,0,0,0.000,0,0
231.521,13859826608897719907,0,0,0,0,0,0,0.000,0,0
231.552,13859826608897719907,0,0,0,0,0,0,0.000,0,0
231.567,13859826608897719907,0,0,0,0,0,0,0.000,0,0
231.583,13859826608897719907,0,0,0,0,0,0,0.000,0,0
231.599,13859826608897719907,0,0,0,0,0,0,0.000,0,0
231.614,13859826608897719907,0,0,0,0,0,0,0.000,0,0
231.629,13859826608897719907,0,0,0,0,0,0,0.000,0,0
231.644,13859826608897719907,0,0,0,0,0,0,0.000,0,0
231.659,13859826608897719907,0,0,0,0,0,0,0.000,0,0
231.674,13859826608897719907,0,0,0,0,0,0,0.000,0,0
231.704,13859826608897719907,0,0,0,0,0,0,0.000,0,0
231.718,13859826608897719907,0,0,0,0,0,0,0.000,0,0
231.733,13859826608897719907,0,0,0,0,0,0,0.000,0,0
231.748,13859826608897719907,0,0,0,0,0,0,0.000,0,0
231.762,13859826608897719907,0,0,0,0,0,0,0.000,0,0
231.777,13859826608897719907,0,0,0,0,0,0,0.000,0,0
231.806,13859826608897719907,0,0,0,0,0,0,0.000,0,0
231.821,13859826608897719907,0,0,0,0,0,0,0.000,0,0
231.835,13859826608897719907,0,0,0,0,0,0,0.000,0,0
231.850,13859826608897719907,0,0,0,0,0,0,0.000,0,0
231.865,13859826608897719907,0,0,0,0,0,0,0.000,0,0
231.880,13859826608897719907,0,0,0,0,0,0,0.000,0,0
231.894,13859826608897719907,0,0,0,0,0,0,0.000,0,0
231.909,13859826608897719907,0,0,0,0,0,0,0.000,0,0
231.926,13859826608897719907,0,0,0,0,0,0,0.000,0,0
231.942,13859826608897719907,0,0,0,0,0,0,0.000,0,0
231.959,13859826608897719907,0,0,0,0,0,0,0.000,0,0
231.975,13859826608897719907,0,0,0,0,0,0,0.000,0,0
231.992,13859826608897719907,0,0,0,0,0,0,0.000,0,0
232.009,13859826608897719907,0,0,0,0,0,0,0.000,0,0
232.025,13859826608897719907,0,0,0,0,0,0,0.000,0,0
232.040,13859826608897719907,0,0,0,0,0,0,0.000,0,0
232.070,13859826608897719907,0,0,0,0,0,0,0.000,0,0
232.085,13859826608897719907,0,0,0,0,0,0,0.000,0,0
232.100,13859826608897719907,0,0,0,0,0,0,0.000,0,0
232.115,13859826608897719907,0,0,0,0,0,0,0.000,0,0
232.130,13859826608897719907,0,0,0,0,0,0,0.000,0,0
232.146,13859826608897719907,0,0,0,0,0,0,0.000,0,0
232.161,13859826608897719907,0,0,0,0,0,0,0.000,0,0
232.177,13859826608897719907,0,0,0,0,0,0,0.000,0,0
232.192,13859826608897719907,0,0,0,0,0,0,0.000,0,0
232.222,13859826608897719907,0,0,0,0,0,0,0.000,0,0
232.238,13859826608897719907,0,0,0,0,0,0,0.000,0,0
232.253,13859826608897719907,0,0,0,0,0,0,0.000,0,0
232.267,13859826608897719907,0,0,0,0,0,0,0.000,0,0
232.282,13859826608897719907,0,0,0,0,0,0,0.000,0,0
232.297,13859826608897719907,0,0,0,0,0,0,0.000,0,0
232.312,13859826608897719907,0,0,0,0,0,0,0.000,0,0
232.327,13859826608897719907,0,0,0,0,0,0,0.000,0,0
232.342,13859826608897719907,0,0,0,0,0,0,0.000,0,0
232.372,13859826608897719907,0,0,0,0,0,0,0.000,0,0
232.387,13859826608897719907,0,0,0,0,0,0,0.000,0,0
232.402,13859826608897719907,0,0,0,0,0,0,0.000,0,0
232.417,13859826608897719907,0,0,0,0,0,0,0.000,0,0
232.432,13859826608897719907,0,0,0,0,0,0,0.000,0,0
232.447,13859826608897719907,0,0,0,0,0,0,0.000,0,0
232.461,13859826608897719907,0,0,0,0,0,0,0.000,0,0
232.477,13859826608897719907,0,0,0,0,0,0,0.000,0,0
232.492,13859826608897719907,0,0,0,0,0,0,0.000,0,0
232.507,13859826608897719907,0,0,0,0,0,0,0.000,0,0
232.537,13859826608897719907,0,0,0,0,0,0,0.000,0,0
232.552,13859826608897719907,0,0,0,0,0,0,0.000,0,0
232.567,13859826608897719907,0,0,0,0,0,0,0.000,0,0
232.583,13859826608897719907,0,0,0,0,0,0,0.000,0,0
232.598,13859826608897719907,0,0,0,0,0,0,0.000,0,0
232.614,13859826608897719907,0,0,0,0,0,0,0.000,0,0
232.630,13859826608897719907,0,0,0,0,0,0,0.000,0,0
232.646,13859826608897719907,0,0,0,0,0,0,0.000,0,0
232.662,13859826608897719907,0,0,0,0,0,0,0.000,0,0
232.677,13859826608897719907,0,0,0,0,0,0,0.000,0,0
232.693,13859826608897719907,0,0,0,0,0,0,0.000,0,0
232.709,13859826608897719907,0,0,0,0,0,0,0.000,0,0
232.754,13859826608897719907,0,0,0,0,0,0,0.000,0,0
232.769,13859826608897719907,0,0,0,0,0,0,0.000,0,0
232.783,13859826608897719907,0,0,0,0,0,0,0.000,0,0
232.798,13859826608897719907,0,0,0,0,0,0,0.000,0,0
232.813,13859826608897719907,0,0,0,0,0,0,0.000,0,0
232.827,13859826608897719907,0,0,0,0,0,0,0.000,0,0
232.842,13859826608897719907,0,0,0,0,0,0,0.000,0,0
232.887,13859826608897719907,0,0,0,0,0,0,0.000,0,0
232.917,13859826608897719907,0,0,0,0,0,0,0.000,0,0
232.961,13859826608897719907,0,0,0,0,0,0,0.000,0,0
232.976,13859826608897719907,0,0,0,0,0,0,0.000,0,0
232.991,13859826608897719907,0,0,0,0,0,0,0.000,0,0
233.021,13859826608897719907,0,0,0,0,0,0,0.000,0,0
233.036,13859826608897719907,0,0,0,0,0,0,0.000,0,0
233.051,13859826608897719907,0,0,0,0,0,0,0.000,0,0
233.066,13859826608897719907,0,0,0,0,0,0,0.000,0,0
233.082,13859826608897719907,0,0,0,0,0,0,0.000,0,0
233.097,13859826608897719907,0,0,0,0,0,0,0.000,0,0
233.112,13859826608897719907,0,0,0,0,0,0,0.000,0,0
233.127,13859826608897719907,0,0,0,0,0,0,0.000,0,0
233.157,13859826608897719907,0,0,0,0,0,0,0.000,0,0
233.172,13859826608897719907,0,0,0,0,0,0,0.000,0,0
233.188,13859826608897719907,0,0,0,0,0,0,0.000,0,0
233.203,13859826608897719907,0,0,0,0,0,0,0.000,0,0
233.219,13859826608897719907,0,0,0,0,0,0,0.000,0,0
233.252,13859826608897719907,0,0,0,0,0,0,0.000,0,0
233.268,13859826608897719907,0,0,0,0,0,0,0.000,0,0
233.284,13859826608897719907,0,0,0,0,0,0,0.000,0,0
233.300,13859826608897719907,0,0,0,0,0,0,0.000,0,0
233.316,13859826608897719907,0,0,0,0,0,0,0.000,0,0
233.331,13859826608897719907,0,0,0,0,0,0,0.000,0,0
233.347,13859826608897719907,0,0,0,0,0,0,0.000,0,0
233.362,13859826608897719907,0,0,0,0,0,0,0.000,0,0
233.377,13859826608897719907,0,0,0,0,0,0,0.000,0,0
233.406,13859826608897719907,0,0,0,0,0,0,0.000,0,0
233.420,13859826608897719907,0,0,0,0,0,0,0.000,0,0
233.435,13859826608897719907,0,0,0,0,0,0,0.000,0,0
233.449,13859826608897719907,0,0,0,0,0,0,0.000,0,0
233.464,13859826608897719907,0,0,0,0,0,0,0.000,0,0
233.478,13859826608897719907,0,0,0,0,0,0,0.000,0,0
233.493,13859826608897719907,0,0,0,0,0,0,0.000,0,0
233.522,13859826608897719907,0,0,0,0,0,0,0.000,0,0
233.537,13859826608897719907,0,0,0,0,0,0,0.000,0,0
233.552,13859826608897719907,0,0,0,0,0,0,0.000,0,0
233.567,13859826608897719907,0,0,0,0,0,0,0.000,0,0
233.581,13859826608897719907,0,0,0,0,0,0,0.000,0,0
233.596,13859826608897719907,0,0,0,0,0,0,0.000,0,0
233.611,13859826608897719907,0,0,0,0,0,0,0.000,0,0
233.626,13859826608897719907,0,0,0,0,0,0,0.000,0,0
233.641,13859826608897719907,0,0,0,0,0,0,0.000,0,0
233.671,13859826608897719907,0,0,0,0,0,0,0.000,0,0
233.686,13859826608897719907,0,0,0,0,0,0,0.000,0,0
233.700,13859826608897719907,0,0,0,0,0,0,0.000,0,0
233.715,13859826608897719907,0,0,0,0,0,0,0.000,0,0
233.730,13859826608897719907,0,0,0,0,0,0,0.000,0,0
233.745,13859826608897719907,0,0,0,0,0,0,0.000,0,0
233.759,13859826608897719907,0,0,0,0,0,0,0.000,0,0
233.788,13859826608897719907,0,0,0,0,0,0,0.000,0,0
233.803,13859826608897719907,0,0,0,0,0,0,0.000,0,0
233.818,13859826608897719907,0,0,0,0,0,0,0.000,0,0
233.832,13859826608897719907,0,0,0,0,0,0,0.000,0,0
233.847,13859826608897719907,0,0,0,0,0,0,0.000,0,0
233.862,13859826608897719907,0,0,0,0,0,0,0.000,0,0
233.877,13859826608897719907,0,0,0,0,0,0,0.000,0,0
233.893,13859826608897719907,0,0,0,0,0,0,0.000,0,0
233.907,13859826608897719907,0,0,0,0,0,0,0.000,0,0
233.937,13859826608897719907,0,0,0,0,0,0,0.000,0,0
233.952,13859826608897719907,0,0,0,0,0,0,0.000,0,0
233.967,13859826608897719907,0,0,0,0,0,0,0.000,0,0
233.981,13859826608897719907,0,0,0,0,0,0,0.000,0,0
233.996,13859826608897719907,0,0,0,0,0,0,0.000,0,0
234.011,13859826608897719907,0,0,0,0,0,0,0.000,0,0
234.040,13859826608897719907,0,0,0,0,0,0,0.000,0,0
234.054,13859826608897719907,0,0,0,0,0,0,0.000,0,0
234.069,13859826608897719907,0,0,0,0,0,0,0.000,0,0
234.084,13859826608897719907,0,0,0,0,0,0,0.000,0,0
234.098,13859826608897719907,0,0,0,0,0,0,0.000,0,0
234.113,13859826608897719907,0,0,0,0,0,0,0.000,0,0
234.142,13859826608897719907,0,0,0,0,0,0,0.000,0,0
234.172,13859826608897719907,0,0,0,0,0,0,0.000,0,0
234.186,13859826608897719907,0,0,0,0,0,0,0.000,0,0
234.201,13859826608897719907,0,0,0,0,0,0,0.000,0,0
234.216,13859826608897719907,0,0,0,0,0,0,0.000,0,0
234.230,13859826608897719907,0,0,0,0,0,0,0.000,0,0
234.292,13859826608897719907,0,0,0,0,0,0,0.000,0,0
234.308,13859826608897719907,0,0,0,0,0,0,0.000,0,0
234.341,13859826608897719907,0,0,0,0,0,0,0.000,0,0
234.372,13859826608897719907,0,0,0,0,0,0,0.000,0,0
234.388,13859826608897719907,0,0,0,0,0,0,0.000,0,0
234.402,13859826608897719907,0,0,0,0,0,0,0.000,0,0
234.417,13859826608897719907,0,0,0,0,0,0,0.000,0,0
234.431,13859826608897719907,0,0,0,0,0,0,0.000,0,0
234.446,13859826608897719907,0,0,0,0,0,0,0.000,0,0
234.460,13859826608897719907,0,0,0,0,0,0,0.000,0,0
234.475,13859826608897719907,0,0,0,0,0,0,0.000,0,0
234.505,13859826608897719907,0,0,0,0,0,0,0.000,0,0
234.520,13859826608897719907,0,0,0,0,0,0,0.000,0,0
234.534,13859826608897719907,0,0,0,0,0,0,0.000,0,0
234.549,13859826608897719907,0,0,0,0,0,0,0.000,0,0
234.565,13859826608897719907,0,0,0,0,0,0,0.000,0,0
234.580,13859826608897719907,0,0,0,0,0,0,0.000,0,0
234.595,13859826608897719907,0,0,0,0,0,0,0.000,0,0
234.610,13859826608897719907,0,0,0,0,0,0,0.000,0,0
234.639,13859826608897719907,0,0,0,0,0,0,0.000,0,0
234.654,13859826608897719907,0,0,0,0,0,0,0.000,0,0
234.668,13859826608897719907,0,0,0,0,0,0,0.000,0,0
234.683,13859826608897719907,0,0,0,0,0,0,0.000,0,0
234.698,13859826608897719907,0,0,0,0,0,0,0.000,0,0
234.713,13859826608897719907,0,0,0,0,0,0,0.000,0,0
234.743,13859826608897719907,0,0,0,0,0,0,0.000,0,0
234.758,13859826608897719907,0,0,0,0,0,0,0.000,0,0
234.788,13859826608897719907,0,0,0,0,0,0,0.000,0,0
234.803,13859826608897719907,0,0,0,0,0,0,0.000,0,0
234.818,13859826608897719907,0,0,0,0,0,0,0.000,0,0
234.833,13859826608897719907,0,0,0,0,0,0,0.000,0,0
234.848,13859826608897719907,0,0,0,0,0,0,0.000,0,0
234.863,13859826608897719907,0,0,0,0,0,0,0.000,0,0
234.878,13859826608897719907,0,0,0,0,0,0,0.000,0,0
234.893,13859826608897719907,0,0,0,0,0,0,0.000,0,0
234.908,13859826608897719907,0,0,0,0,0,0,0.000,0,0
234.938,13859826608897719907,0,0,0,0,0,0,0.000,0,0
234.953,13859826608897719907,0,0,0,0,0,0,0.000,0,0
234.968,13859826608897719907,0,0,0,0,0,0,0.000,0,0
234.983,13859826608897719907,0,0,0,0,0,0,0.000,0,0
234.997,13859826608897719907,0,0,0,0,0,0,0.000,0,0
235.012,13859826608897719907,0,0,0,0,0,0,0.000,0,0
235.027,13859826608897719907,0,0,0,0,0,0,0.000,0,0
235.056,13859826608897719907,0,0,0,0,0,0,0.000,0,0
235.070,13859826608897719907,0,0,0,0,0,0,0.000,0,0
235.085,13859826608897719907,0,0,0,0,0,0,0.000,0,0
235.100,13859826608897719907,0,0,0,0,0,0,0.000,0,0
235.115,13859826608897719907,0,0,0,0,0,0,0.000,0,0
235.130,13859826608897719907,0,0,0,0,0,0,0.000,0,0
235.145,13859826608897719907,0,0,0,0,0,0,0.000,0,0
235.160,13859826608897719907,0,0,0,0,0,0,0.000,0,0
235.176,13859826608897719907,0,0,0,0,0,0,0.000,0,0
235.206,13859826608897719907,0,0,0,0,0,0,0.000,0,0
235.221,13859826608897719907,0,0,0,0,0,0,0.000,0,0
235.251,13859826608897719907,0,0,0,0,0,0,0.000,0,0
235.266,13859826608897719907,0,0,0,0,0,0,0.000,0,0
235.281,13859826608897719907,0,0,0,0,0,0,0.000,0,0
235.296,13859826608897719907,0,0,0,0,0,0,0.000,0,0
235.310,13859826608897719907,0,0,0,0,0,0,0.000,0,0
235.339,13859826608897719907,0,0,0,0,0,0,0.000,0,0
235.354,13859826608897719907,0,0,0,0,0,0,0.000,0,0
235.368,13859826608897719907,0,0,0,0,0,0,0.000,0,0
235.382,13859826608897719907,0,0,0,0,0,0,0.000,0,0
235.396,13859826608897719907,0,0,0,0,0,0,0.000,0,0
235.411,13859826608897719907,0,0,0,0,0,0,0.000,0,0
235.439,13859826608897719907,0,0,0,0,0,0,0.000,0,0
235.453,13859826608897719907,0,0,0,0,0,0,0.000,0,0
235.468,13859826608897719907,0,0,0,0,0,0,0.000,0,0
235.482,13859826608897719907,0,0,0,0,0,0,0.000,0,0
235.497,13859826608897719907,0,0,0,0,0,0,0.000,0,0
235.511,13859826608897719907,0,0,0,0,0,0,0.000,0,0
235.540,13859826608897719907,0,0,0,0,0,0,0.000,0,0
235.554,13859826608897719907,0,0,0,0,0,0,0.000,0,0
235.569,13859826608897719907,0,0,0,0,0,0,0.000,0,0
235.583,13859826608897719907,0,0,0,0,0,0,0.000,0,0
235.598,13859826608897719907,0,0,0,0,0,0,0.000,0,0
235.612,13859826608897719907,0,0,0,0,0,0,0.000,0,0
235.627,13859826608897719907,0,0,0,0,0,0,0.000,0,0
235.642,13859826608897719907,0,0,0,0,0,0,0.000,0,0
235.671,13859826608897719907,0,0,0,0,0,0,0.000,0,0
235.686,13859826608897719907,0,0,0,0,0,0,0.000,0,0
235.701,13859826608897719907,0,0,0,0,0,0,0.000,0,0
235.715,13859826608897719907,0,0,0,0,0,0,0.000,0,0
235.730,13859826608897719907,0,0,0,0,0,0,0.000,0,0
235.745,13859826608897719907,0,0,0,0,0,0,0.000,0,0
235.760,13859826608897719907,0,0,0,0,0,0,0.000,0,0
235.789,13859826608897719907,0,0,0,0,0,0,0.000,0,0
235.803,13859826608897719907,0,0,0,0,0,0,0.000,0,0
235.818,13859826608897719907,0,0,0,0,0,0,0.000,0,0
235.833,13859826608897719907,0,0,0,0,0,0,0.000,0,0
235.848,13859826608897719907,0,0,0,0,0,0,0.000,0,0
235.863,13859826608897719907,0,0,0,0,0,0,0.000,0,0
235.878,13859826608897719907,0,0,0,0,0,0,0.000,0,0
235.893,13859826608897719907,0,0,0,0,0,0,0.000,0,0
235.909,13859826608897719907,0,0,0,0,0,0,0.000,0,0
235.940,13859826608897719907,0,0,0,0,0,0,0.000,0,0
235.956,13859826608897719907,0,0,0,0,0,0,0.000,0,0
235.973,13859826608897719907,0,0,0,0,0,0,0.000,0,0
235.989,13859826608897719907,0,0,0,0,0,0,0.000,0,0
236.006,13859826608897719907,0,0,0,0,0,0,0.000,0,0
236.024,13859826608897719907,0,0,0,0,0,0,0.000,0,0
236.041,13859826608897719907,0,0,0,0,0,0,0.000,0,0
236.057,13859826608897719907,0,0,0,0,0,0,0.000,0,0
236.088,13859826608897719907,0,0,0,0,0,0,0.000,0,0
236.104,13859826608897719907,0,0,0,0,0,0,0.000,0,0
236.119,13859826608897719907,0,0,0,0,0,0,0.000,0,0
236.134,13859826608897719907,0,0,0,0,0,0,0.000,0,0
236.148,13859826608897719907,0,0,0,0,0,0,0.000,0,0
236.163,13859826608897719907,0,0,0,0,0,0,0.000,0,0
236.179,13859826608897719907,0,0,0,0,0,0,0.000,0,0
236.194,13859826608897719907,0,0,0,0,0,0,0.000,0,0
236.209,13859826608897719907,0,0,0,0,0,0,0.000,0,0
236.239,13859826608897719907,0,0,0,0,0,0,0.000,0,0
236.254,13859826608897719907,0,0,0,0,0,0,0.000,0,0
236.269,13859826608897719907,0,0,0,0,0,0,0.000,0,0
236.284,13859826608897719907,0,0,0,0,0,0,0.000,0,0
236.300,13859826608897719907,0,0,0,0,0,0,0.000,0,0
236.315,13859826608897719907,0,0,0,0,0,0,0.000,0,0
236.330,13859826608897719907,0,0,0,0,0,0,0.000,0,0
236.345,13859826608897719907,0,0,0,0,0,0,0.000,0,0
236.360,13859826608897719907,0,0,0,0,0,0,0.000,0,0
236.375,13859826608897719907,0,0,0,0,0,0,0.000,0,0
236.391,13859826608897719907,0,0,0,0,0,0,0.000,0,0
236.421,13859826608897719907,0,0,0,0,0,0,0.000,0,0
236.436,13859826608897719907,0,0,0,0,0,0,0.000,0,0
236.451,13859826608897719907,0,0,0,0,0,0,0.000,0,0
236.466,13859826608897719907,0,0,0,0,0,0,0.000,0,0
236.481,13859826608897719907,0,0,0,0,0,0,0.000,0,0
236.495,13859826608897719907,0,0,0,0,0,0,0.000,0,0
236.510,13859826608897719907,0,0,0,0,0,0,0.000,0,0
236.539,13859826608897719907,0,0,0,0,0,0,0.000,0,0
236.553,13859826608897719907,0,0,0,0,0,0,0.000,0,0
236.568,13859826608897719907,0,0,0,0,0,0,0.000,0,0
236.596,13859826608897719907,0,0,0,0,0,0,0.000,0,0
236.611,13859826608897719907,0,0,0,0,0,0,0.000,0,0
236.641,13859826608897719907,0,0,0,0,0,0,0.000,0,0
236.672,13859826608897719907,0,0,0,0,0,0,0.000,0,0
236.687,13859826608897719907,0,0,0,0,0,0,0.000,0,0
236.702,13859826608897719907,0,0,0,0,0,0,0.000,0,0
236.717,13859826608897719907,0,0,0,0,0,0,0.000,0,0
236.746,13859826608897719907,0,0,0,0,0,0,0.000,0,0
236.761,13859826608897719907,0,0,0,0,0,0,0.000,0,0
236.775,13859826608897719907,0,0,0,0,0,0,0.000,0,0
236.804,13859826608897719907,0,0,0,0,0,0,0.000,0,0
236.819,13859826608897719907,0,0,0,0,0,0,0.000,0,0
236.834,13859826608897719907,0,0,0,0,0,0,0.000,0,0
236.848,13859826608897719907,0,0,0,0,0,0,0.000,0,0
236.863,13859826608897719907,0,0,0,0,0,0,0.000,0,0
236.878,13859826608897719907,0,0,0,0,0,0,0.000,0,0
236.893,13859826608897719907,0,0,0,0,0,0,0.000,0,0
236.922,13859826608897719907,0,0,0,0,0,0,0.000,0,0
236.936,13859826608897719907,0,0,0,0,0,0,0.000,0,0
236.951,13859826608897719907,0,0,0,0,0,0,0.000,0,0
236.966,13859826608897719907,0,0,0,0,0,0,0.000,0,0
236.980,13859826608897719907,0,0,0,0,0,0,0.000,0,0
236.995,13859826608897719907,0,0,0,0,0,0,0.000,0,0
237.010,13859826608897719907,0,0,0,0,0,0,0.000,0,0
237.039,13859826608897719907,0,0,0,0,0,0,0.000,0,0
237.054,13859826608897719907,0,0,0,0,0,0,0.000,0,0
237.069,13859826608897719907,0,0,0,0,0,0,0.000,0,0
237.084,13859826608897719907,0,0,0,0,0,0,0.000,0,0
237.099,13859826608897719907,0,0,0,0,0,0,0.000,0,0
237.114,13859826608897719907,0,0,0,0,0,0,0.000,0,0
237.129,13859826608897719907,0,0,0,0,0,0,0.000,0,0
237.144,13859826608897719907,0,0,0,0,0,0,0.000,0,0
237.159,13859826608897719907,0,0,0,0,0,0,0.000,0,0
237.189,13859826608897719907,0,0,0,0,0,0,0.000,0,0
237.204,13859826608897719907,0,0,0,0,0,0,0.000,0,0
237.219,13859826608897719907,0,0,0,0,0,0,0.000,0,0
237.234,13859826608897719907,0,0,0,0,0,0,0.000,0,0
237.249,13859826608897719907,0,0,0,0,0,0,0.000,0,0
237.264,13859826608897719907,0,0,0,0,0,0,0.000,0,0
237.279,13859826608897719907,0,0,0,0,0,0,0.000,0,0
237.294,13859826608897719907,0,0,0,0,0,0,0.000,0,0
237.311,13859826608897719907,0,0,0,0,0,0,0.000,0,0
237.328,13859826608897719907,0,0,0,0,0,0,0.000,0,0
237.345,13859826608897719907,0,0,0,0,0,0,0.000,0,0
237.362,13859826608897719907,0,0,0,0,0,0,0.000,0,0
237.379,13859826608897719907,0,0,0,0,0,0,0.000,0,0
237.412,13859826608897719907,0,0,0,0,0,0,0.000,0,0
237.456,13859826608897719907,0,0,0,0,0,0,0.000,0,0
237.471,13859826608897719907,0,0,0,0,0,0,0.000,0,0
237.485,13859826608897719907,0,0,0,0,0,0,0.000,0,0
237.500,13859826608897719907,0,0,0,0,0,0,0.000,0,0
237.515,13859826608897719907,0,0,0,0,0,0,0.000,0,0
237.530,13859826608897719907,0,0,0,0,0,0,0.000,0,0
237.544,13859826608897719907,0,0,0,0,0,0,0.000,0,0
237.559,13859826608897719907,0,0,0,0,0,0,0.000,0,0
237.589,13859826608897719907,0,0,0,0,0,0,0.000,0,0
237.604,13859826608897719907,0,0,0,0,0,0,0.000,0,0
237.619,13859826608897719907,0,0,0,0,0,0,0.000,0,0
237.634,13859826608897719907,0,0,0,0,0,0,0.000,0,0
237.649,13859826608897719907,0,0,0,0,0,0,0.000,0,0
237.665,13859826608897719907,0,0,0,0,0,0,0.000,0,0
237.680,13859826608897719907,0,0,0,0,0,0,0.000,0,0
237.696,13859826608897719907,0,0,0,0,0,0,0.000,0,0
237.711,13859826608897719907,0,0,0,0,0,0,0.000,0,0
237.727,13859826608897719907,0,0,0,0,0,0,0.000,0,0
237.742,13859826608897719907,0,0,0,0,0,0,0.000,0,0
237.758,13859826608897719907,0,0,0,0,0,0,0.000,0,0
237.774,13859826608897719907,0,0,0,0,0,0,0.000,0,0
237.790,13859826608897719907,0,0,0,0,0,0,0.000,0,0
237.805,13859826608897719907,0,0,0,0,0,0,0.000,0,0
237.836,13859826608897719907,0,0,0,0,0,0,0.000,0,0
237.851,13859826608897719907,0,0,0,0,0,0,0.000,0,0
237.866,13859826608897719907,0,0,0,0,0,0,0.000,0,0
237.881,13859826608897719907,0,0,0,0,0,0,0.000,0,0
237.896,13859826608897719907,0,0,0,0,0,0,0.000,0,0
237.911,13859826608897719907,0,0,0,0,0,0,0.000,0,0
237.940,13859826608897719907,0,0,0,0,0,0,0.000,0,0
237.955,13859826608897719907,0,0,0,0,0,0,0.000,0,0
237.970,13859826608897719907,0,0,0,0,0,0,0.000,0,0
237.985,13859826608897719907,0,0,0,0,0,0,0.000,0,0
237.999,13859826608897719907,0,0,0,0,0,0,0.000,0,0
238.014,13859826608897719907,0,0,0,0,0,0,0.000,0,0
238.029,13859826608897719907,0,0,0,0,0,0,0.000,0,0
238.044,13859826608897719907,0,0,0,0,0,0,0.000,0,0
238.059,13859826608897719907,0,0,0,0,0,0,0.000,0,0
238.089,13859826608897719907,0,0,0,0,0,0,0.000,0,0
238.104,13859826608897719907,0,0,0,0,0,0,0.000,0,0
238.119,13859826608897719907,0,0,0,0,0,0,0.000,0,0
238.134,13859826608897719907,0,0,0,0,0,0,0.000,0,0
238.149,13859826608897719907,0,0,0,0,0,0,0.000,0,0
238.164,13859826608897719907,0,0,0,0,0,0,0.000,0,0
238.195,13859826608897719907,0,0,0,0,0,0,0.000,0,0
238.210,13859826608897719907,0,0,0,0,0,0,0.000,0,0
238.225,13859826608897719907,0,0,0,0,0,0,0.000,0,0
238.255,13859826608897719907,0,0,0,0,0,0,0.000,0,0
238.269,13859826608897719907,0,0,0,0,0,0,0.000,0,0
238.284,13859826608897719907,0,0,0,0,0,0,0.000,0,0
238.299,13859826608897719907,0,0,0,0,0,0,0.000,0,0
238.314,13859826608897719907,0,0,0,0,0,0,0.000,0,0
238.374,13859826608897719907,0,0,0,0,0,0,0.000,0,0
238.389,13859826608897719907,0,0,0,0,0,0,0.000,0,0
238.420,13859826608897719907,0,0,0,0,0,0,0.000,0,0
238.450,13859826608897719907,0,0,0,0,0,0,0.000,0,0
238.465,13859826608897719907,0,0,0,0,0,0,0.000,0,0
238.480,13859826608897719907,0,0,0,0,0,0,0.000,0,0
238.495,13859826608897719907,0,0,0,0,0,0,0.000,0,0
238.576,13859826608897719907,0,0,0,0,0,0,0.000,0,0
238.593,13859826608897719907,0,0,0,0,0,0,0.000,0,0
238.653,13859826608897719907,0,0,0,0,0,0,0.000,0,0
238.668,13859826608897719907,0,0,0,0,0,0,0.000,0,0
238.699,13859826608897719907,0,0,0,0,0,0,0.000,0,0
238.714,13859826608897719907,0,0,0,0,0,0,0.000,0,0
238.731,13859826608897719907,0,0,0,0,0,0,0.000,0,0
238.747,13859826608897719907,0,0,0,0,0,0,0.000,0,0
238.762,13859826608897719907,0,0,0,0,0,0,0.000,0,0
238.778,13859826608897719907,0,0,0,0,0,0,0.000,0,0
238.794,13859826608897719907,0,0,0,0,0,0,0.000,0,0
238.810,13859826608897719907,0,0,0,0,0,0,0.000,0,0
238.826,13859826608897719907,0,0,0,0,0,0,0.000,0,0
238.840,13859826608897719907,0,0,0,0,0,0,0.000,0,0
238.870,13859826608897719907,0,0,0,0,0,0,0.000,0,0
238.886,13859826608897719907,0,0,0,0,0,0,0.000,0,0
238.901,13859826608897719907,0,0,0,0,0,0,0.000,0,0
238.915,13859826608897719907,0,0,0,0,0,0,0.000,0,0
238.945,13859826608897719907,0,0,0,0,0,0,0.000,0,0
238.960,13859826608897719907,0,0,0,0,0,0,0.000,0,0
238.975,13859826608897719907,0,0,0,0,0,0,0.000,0,0
239.005,13859826608897719907,0,0,0,0,0,0,0.000,0,0
239.020,13859826608897719907,0,0,0,0,0,0,0.000,0,0
239.035,13859826608897719907,0,0,0,0,0,0,0.000,0,0
239.050,13859826608897719907,0,0,0,0,0,0,0.000,0,0
239.065,13859826608897719907,0,0,0,0,0,0,0.000,0,0
239.080,13859826608897719907,0,0,0,0,0,0,0.000,0,0
239.095,13859826608897719907,0,0,0,0,0,0,0.000,0,0
239.110,13859826608897719907,0,0,0,0,0,0,0.000,0,0
239.155,13859826608897719907,0,0,0,0,0,0,0.000,0,0
239.170,13859826608897719907,0,0,0,0,0,0,0.000,0,0
239.185,13859826608897719907,0,0,0,0,0,0,0.000,0,0
239.200,13859826608897719907,0,0,0,0,0,0,0.000,0,0
239.215,13859826608897719907,0,0,0,0,0,0,0.000,0,0
239.230,13859826608897719907,0,0,0,0,0,0,0.000,0,0
239.245,13859826608897719907,0,0,0,0,0,0,0.000,0,0
239.260,13859826608897719907,0,0,0,0,0,0,0.000,0,0
239.275,13859826608897719907,0,0,0,0,0,0,0.000,0,0
239.290,13859826608897719907,0,0,0,0,0,0,0.000,0,0
239.320,13859826608897719907,0,0,0,0,0,0,0.000,0,0
239.335,13859826608897719907,0,0,0,0,0,0,0.000,0,0
239.350,13859826608897719907,0,0,0,0,0,0,0.000,0,0
239.365,13859826608897719907,0,0,0,0,0,0,0.000,0,0
239.380,13859826608897719907,0,0,0,0,0,0,0.000,0,0
239.395,13859826608897719907,0,0,0,0,0,0,0.000,0,0
239.410,13859826608897719907,0,0,0,0,0,0,0.000,0,0
239.425,13859826608897719907,0,0,0,0,0,0,0.000,0,0
239.455,13859826608897719907,0,0,0,0,0,0,0.000,0,0
239.470,13859826608897719907,0,0,0,0,0,0,0.000,0,0
239.484,13859826608897719907,0,0,0,0,0,0,0.000,0,0
239.499,13859826608897719907,0,0,0,0,0,0,0.000,0,0
239.514,13859826608897719907,0,0,0,0,0,0,0.000,0,0
239.529,13859826608897719907,0,0,0,0,0,0,0.000,0,0
239.544,13859826608897719907,0,0,0,0,0,0,0.000,0,0
239.559,13859826608897719907,0,0,0,0,0,0,0.000,0,0
239.589,13859826608897719907,0,0,0,0,0,0,0.000,0,0
239.604,13859826608897719907,0,0,0,0,0,0,0.000,0,0
239.619,13859826608897719907,0,0,0,0,0,0,0.000,0,0
239.634,13859826608897719907,0,0,0,0,0,0,0.000,0,0
239.649,13859826608897719907,0,0,0,0,0,0,0.000,0,0
239.664,13859826608897719907,0,0,0,0,0,0,0.000,0,0
239.679,13859826608897719907,0,0,0,0,0,0,0.000,0,0
239.695,13859826608897719907,0,0,0,0,0,0,0.000,0,0
239.710,13859826608897719907,0,0,0,0,0,0,0.000,0,0
239.725,13859826608897719907,0,0,0,0,0,0,0.000,0,0
239.741,13859826608897719907,0,0,0,0,0,0,0.000,0,0
239.756,13859826608897719907,0,0,0,0,0,0,0.000,0,0
239.787,13859826608897719907,0,0,0,0,0,0,0.000,0,0
239.802,13859826608897719907,0,0,0,0,0,0,0.000,0,0
239.817,13859826608897719907,0,0,0,0,0,0,0.000,0,0
239.833,13859826608897719907,0,0,0,0,0,0,0.000,0,0
239.848,13859826608897719907,0,0,0,0,0,0,0.000,0,0
239.863,13859826608897719907,0,0,0,0,0,0,0.000,0,0
239.879,13859826608897719907,0,0,0,0,0,0,0.000,0,0
239.894,13859826608897719907,0,0,0,0,0,0,0.000,0,0
239.910,13859826608897719907,0,0,0,0,0,0,0.000,0,0
239.925,13859826608897719907,0,0,0,0,0,0,0.000,0,0
239.956,13859826608897719907,0,0,0,0,0,0,0.000,0,0
239.971,13859826608897719907,0,0,0,0,0,0,0.000,0,0
239.986,13859826608897719907,0,0,0,0,0,0,0.000,0,0
240.001,13859826608897719907,0,0,0,0,0,0,0.000,0,0
240.017,13859826608897719907,0,0,0,0,0,0,0.000,0,0
240.048,13859826608897719907,0,0,0,0,0,0,0.000,0,0
240.063,13859826608897719907,0,0,0,0,0,0,0.000,0,0
240.078,13859826608897719907,0,0,0,0,0,0,0.000,0,0
240.093,13859826608897719907,0,0,0,0,0,0,0.000,0,0
240.108,13859826608897719907,0,0,0,0,0,0,0.000,0,0
240.139,13859826608897719907,0,0,0,0,0,0,0.000,0,0
240.153,13859826608897719907,0,0,0,0,0,0,0.000,0,0
240.168,13859826608897719907,0,0,0,0,0,0,0.000,0,0
240.183,13859826608897719907,0,0,0,0,0,0,0.000,0,0
240.199,13859826608897719907,0,0,0,0,0,0,0.000,0,0
240.214,13859826608897719907,0,0,0,0,0,0,0.000,0,0
240.229,13859826608897719907,0,0,0,0,0,0,0.000,0,0
240.244,13859826608897719907,0,0,0,0,0,0,0.000,0,0
240.259,13859826608897719907,0,0,0,0,0,0,0.000,0,0
240.288,13859826608897719907,0,0,0,0,0,0,0.000,0,0
240.303,13859826608897719907,0,0,0,0,0,0,0.000,0,0
240.318,13859826608897719907,0,0,0,0,0,0,0.000,0,0
240.333,13859826608897719907,0,0,0,0,0,0,0.000,0,0
240.348,13859826608897719907,0,0,0,0,0,0,0.000,0,0
240.363,13859826608897719907,0,0,0,0,0,0,0.000,0,0
240.378,13859826608897719907,0,0,0,0,0,0,0.000,0,0
240.393,13859826608897719907,0,0,0,0,0,0,0.000,0,0
240.423,13859826608897719907,0,0,0,0,0,0,0.000,0,0
240.438,13859826608897719907,0,0,0,0,0,0,0.000,0,0
240.452,13859826608897719907,0,0,0,0,0,0,0.000,0,0
240.467,13859826608897719907,0,0,0,0,0,0,0.000,0,0
240.482,13859826608897719907,0,0,0,0,0,0,0.000,0,0
240.497,13859826608897719907,0,0,0,0,0,0,0.000,0,0
240.512,13859826608897719907,0,0,0,0,0,0,0.000,0,0
240.527,13859826608897719907,0,0,0,0,0,0,0.000,0,0
240.556,13859826608897719907,0,0,0,0,0,0,0.000,0,0
240.571,13859826608897719907,0,0,0,0,0,0,0.000,0,0
240.586,13859826608897719907,0,0,0,0,0,0,0.000,0,0
240.600,13859826608897719907,0,0,0,0,0,0,0.000,0,0
240.615,13859826608897719907,0,0,0,0,0,0,0.000,0,0
240.629,13859826608897719907,0,0,0,0,0,0,0.000,0,0
240.644,13859826608897719907,0,0,0,0,0,0,0.000,0,0
240.673,13859826608897719907,0,0,0,0,0,0,0.000,0,0
240.687,13859826608897719907,0,0,0,0,0,0,0.000,0,0
240.702,13859826608897719907,0,0,0,0,0,0,0.000,0,0
240.716,13859826608897719907,0,0,0,0,0,0,0.000,0,0
240.730,13859826608897719907,0,0,0,0,0,0,0.000,0,0
240.744,13859826608897719907,0,0,0,0,0,0,0.000,0,0
240.759,13859826608897719907,0,0,0,0,0,0,0.000,0,0
240.774,13859826608897719907,0,0,0,0,0,0,0.000,0,0
240.804,13859826608897719907,0,0,0,0,0,0,0.000,0,0
240.819,13859826608897719907,0,0,0,0,0,0,0.000,0,0
240.833,13859826608897719907,0,0,0,0,0,0,0.000,0,0
240.848,13859826608897719907,0,0,0,0,0,0,0.000,0,0
240.862,13859826608897719907,0,0,0,0,0,0,0.000,0,0
240.890,13859826608897719907,0,0,0,0,0,0,0.000,0,0
240.904,13859826608897719907,0,0,0,0,0,0,0.000,0,0
240.918,13859826608897719907,0,0,0,0,0,0,0.000,0,0
240.932,13859826608897719907,0,0,0,0,0,0,0.000,0,0
240.946,13859826608897719907,0,0,0,0,0,0,0.000,0,0
240.961,13859826608897719907,0,0,0,0,0,0,0.000,0,0
240.989,13859826608897719907,0,0,0,0,0,0,0.000,0,0
241.003,13859826608897719907,0,0,0,0,0,0,0.000,0,0
241.018,13859826608897719907,0,0,0,0,0,0,0.000,0,0
241.032,13859826608897719907,0,0,0,0,0,0,0.000,0,0
241.046,13859826608897719907,0,0,0,0,0,0,0.000,0,0
241.074,13859826608897719907,0,0,0,0,0,0,0.000,0,0
241.088,13859826608897719907,0,0,0,0,0,0,0.000,0,0
241.102,13859826608897719907,0,0,0,0,0,0,0.000,0,0
241.117,13859826608897719907,0,0,0,0,0,0,0.000,0,0
241.131,13859826608897719907,0,0,0,0,0,0,0.000,0,0
241.145,13859826608897719907,0,0,0,0,0,0,0.000,0,0
241.159,13859826608897719907,0,0,0,0,0,0,0.000,0,0
241.188,13859826608897719907,0,0,0,0,0,0,0.000,0,0
241.202,13859826608897719907,0,0,0,0,0,0,0.000,0,0
241.216,13859826608897719907,0,0,0,0,0,0,0.000,0,0
241.230,13859826608897719907,0,0,0,0,0,0,0.000,0,0
241.244,13859826608897719907,0,0,0,0,0,0,0.000,0,0
241.272,13859826608897719907,0,0,0,0,0,0,0.000,0,0
241.286,13859826608897719907,0,0,0,0,0,0,0.000,0,0
241.300,13859826608897719907,0,0,0,0,0,0,0.000,0,0
241.314,13859826608897719907,0,0,0,0,0,0,0.000,0,0
241.342,13859826608897719907,0,0,0,0,0,0,0.000,0,0
241.356,13859826608897719907,0,0,0,0,0,0,0.000,0,0
241.370,13859826608897719907,0,0,0,0,0,0,0.000,0,0
241.384,13859826608897719907,0,0,0,0,0,0,0.000,0,0
241.397,13859826608897719907,0,0,0,0,0,0,0.000,0,0
241.411,13859826608897719907,0,0,0,0,0,0,0.000,0,0
241.439,13859826608897719907,0,0,0,0,0,0,0.000,0,0
241.453,13859826608897719907,0,0,0,0,0,0,0.000,0,0
241.467,13859826608897719907,0,0,0,0,0,0,0.000,0,0
241.481,13859826608897719907,0,0,0,0,0,0,0.000,0,0
241.509,13859826608897719907,0,0,0,0,0,0,0.000,0,0
241.523,13859826608897719907,0,0,0,0,0,0,0.000,0,0
241.536,13859826608897719907,0,0,0,0,0,0,0.000,0,0
241.550,13859826608897719907,0,0,0,0,0,0,0.000,0,0
241.564,13859826608897719907,0,0,0,0,0,0,0.000,0,0
241.592,13859826608897719907,0,0,0,0,0,0,0.000,0,0
241.605,13859826608897719907,0,0,0,0,0,0,0.000,0,0
241.619,13859826608897719907,0,0,0,0,0,0,0.000,0,0
241.661,13859826608897719907,0,0,0,0,0,0,0.000,0,0
241.689,13859826608897719907,0,0,0,0,0,0,0.000,0,0
241.703,13859826608897719907,0,0,0,0,0,0,0.000,0,0
241.731,13859826608897719907,0,0,0,0,0,0,0.000,0,0
241.745,13859826608897719907,0,0,0,0,0,0,0.000,0,0
241.760,13859826608897719907,0,0,0,0,0,0,0.000,0,0
241.788,13859826608897719907,0,0,0,0,0,0,0.000,0,0
241.802,13859826608897719907,0,0,0,0,0,0,0.000,0,0
241.817,13859826608897719907,0,0,0,0,0,0,0.000,0,0
241.830,13859826608897719907,0,0,0,0,0,0,0.000,0,0
241.858,13859826608897719907,0,0,0,0,0,0,0.000,0,0
241.872,13859826608897719907,0,0,0,0,0,0,0.000,0,0
241.886,13859826608897719907,0,0,0,0,0,0,0.000,0,0
241.900,13859826608897719907,0,0,0,0,0,0,0.000,0,0
241.913,13859826608897719907,0,0,0,0,0,0,0.000,0,0
241.941,13859826608897719907,0,0,0,0,0,0,0.000,0,0
241.955,13859826608897719907,0,0,0,0,0,0,0.000,0,0
241.969,13859826608897719907,0,0,0,0,0,0,0.000,0,0
241.982,13859826608897719907,0,0,0,0,0,0,0.000,0,0
241.996,13859826608897719907,0,0,0,0,0,0,0.000,0,0
242.010,13859826608897719907,0,0,0,0,0,0,0.000,0,0
242.038,13859826608897719907,0,0,0,0,0,0,0.000,0,0
242.051,13859826608897719907,0,0,0,0,0,0,0.000,0,0
242.065,13859826608897719907,0,0,0,0,0,0,0.000,0,0
242.079,13859826608897719907,0,0,0,0,0,0,0.000,0,0
242.107,13859826608897719907,0,0,0,0,0,0,0.000,0,0
242.121,13859826608897719907,0,0,0,0,0,0,0.000,0,0
242.134,13859826608897719907,0,0,0,0,0,0,0.000,0,0
242.148,13859826608897719907,0,0,0,0,0,0,0.000,0,0
242.162,13859826608897719907,0,0,0,0,0,0,0.000,0,0
242.190,13859826608897719907,0,0,0,0,0,0,0.000,0,0
242.204,13859826608897719907,0,0,0,0,0,0,0.000,0,0
242.218,13859826608897719907,0,0,0,0,0,0,0.000,0,0
242.232,13859826608897719907,0,0,0,0,0,0,0.000,0,0
242.246,13859826608897719907,0,0,0,0,0,0,0.000,0,0
242.274,13859826608897719907,0,0,0,0,0,0,0.000,0,0
242.288,13859826608897719907,0,0,0,0,0,0,0.000,0,0
242.302,13859826608897719907,0,0,0,0,0,0,0.000,0,0
242.316,13859826608897719907,0,0,0,0,0,0,0.000,0,0
242.330,13859826608897719907,0,0,0,0,0,0,0.000,0,0
242.344,13859826608897719907,0,0,0,0,0,0,0.000,0,0
242.371,13859826608897719907,0,0,0,0,0,0,0.000,0,0
242.385,13859826608897719907,0,0,0,0,0,0,0.000,0,0
242.399,13859826608897719907,0,0,0,0,0,0,0.000,0,0
242.426,13859826608897719907,0,0,0,0,0,0,0.000,0,0
242.440,13859826608897719907,0,0,0,0,0,0,0.000,0,0
242.454,13859826608897719907,0,0,0,0,0,0,0.000,0,0
242.468,13859826608897719907,0,0,0,0,0,0,0.000,0,0
242.482,13859826608897719907,0,0,0,0,0,0,0.000,0,0
242.509,13859826608897719907,0,0,0,0,0,0,0.000,0,0
242.523,13859826608897719907,0,0,0,0,0,0,0.000,0,0
242.537,13859826608897719907,0,0,0,0,0,0,0.000,0,0
242.550,13859826608897719907,0,0,0,0,0,0,0.000,0,0
242.564,13859826608897719907,0,0,0,0,0,0,0.000,0,0
242.578,13859826608897719907,0,0,0,0,0,0,0.000,0,0
242.593,13859826608897719907,0,0,0,0,0,0,0.000,0,0
242.607,13859826608897719907,0,0,0,0,0,0,0.000,0,0
242.636,13859826608897719907,0,0,0,0,0,0,0.000,0,0
242.651,13859826608897719907,0,0,0,0,0,0,0.000,0,0
242.665,13859826608897719907,0,0,0,0,0,0,0.000,0,0
242.680,13859826608897719907,0,0,0,0,0,0,0.000,0,0
242.695,13859826608897719907,0,0,0,0,0,0,0.000,0,0
242.710,13859826608897719907,0,0,0,0,0,0,0.000,0,0
242.726,13859826608897719907,0,0,0,0,0,0,0.000,0,0
242.742,13859826608897719907,0,0,0,0,0,0,0.000,0,0
242.757,13859826608897719907,0,0,0,0,0,0,0.000,0,0
242.803,13859826608897719907,0,0,0,0,0,0,0.000,0,0
242.819,13859826608897719907,0,0,0,0,0,0,0.000,0,0
242.848,13859826608897719907,0,0,0,0,0,0,0.000,0,0
242.863,13859826608897719907,0,0,0,0,0,0,0.000,0,0
242.879,13859826608897719907,0,0,0,0,0,0,0.000,0,0
242.894,13859826608897719907,0,0,0,0,0,0,0.000,0,0
242.909,13859826608897719907,0,0,0,0,0,0,0.000,0,0
242.939,13859826608897719907,0,0,0,0,0,0,0.000,0,0
242.954,13859826608897719907,0,0,0,0,0,0,0.000,0,0
242.969,13859826608897719907,0,0,0,0,0,0,0.000,0,0
242.984,13859826608897719907,0,0,0,0,0,0,0.000,0,0
243.000,13859826608897719907,0,0,0,0,0,0,0.000,0,0
243.015,13859826608897719907,0,0,0,0,0,0,0.000,0,0
243.030,13859826608897719907,0,0,0,0,0,0,0.000,0,0
243.045,13859826608897719907,0,0,0,0,0,0,0.000,0,0
243.061,13859826608897719907,0,0,0,0,0,0,0.000,0,0
243.076,13859826608897719907,0,0,0,0,0,0,0.000,0,0
243.091,13859826608897719907,0,0,0,0,0,0,0.000,0,0
243.122,13859826608897719907,0,0,0,0,0,0,0.000,0,0
243.137,13859826608897719907,0,0,0,0,0,0,0.000,0,0
243.153,13859826608897719907,0,0,0,0,0,0,0.000,0,0
243.168,13859826608897719907,0,0,0,0,0,0,0.000,0,0
243.183,13859826608897719907,0,0,0,0,0,0,0.000,0,0
243.199,13859826608897719907,0,0,0,0,0,0,0.000,0,0
243.214,13859826608897719907,0,0,0,0,0,0,0.000,0,0
243.230,13859826608897719907,0,0,0,0,0,0,0.000,0,0
243.245,13859826608897719907,0,0,0,0,0,0,0.000,0,0
243.261,13859826608897719907,0,0,0,0,0,0,0.000,0,0
243.276,13859826608897719907,0,0,0,0,0,0,0.000,0,0
243.291,13859826608897719907,0,0,0,0,0,0,0.000,0,0
243.307,13859826608897719907,0,0,0,0,0,0,0.000,0,0
243.337,13859826608897719907,0,0,0,0,0,0,0.000,0,0
243.352,13859826608897719907,0,0,0,0,0,0,0.000,0,0
243.367,13859826608897719907,0,0,0,0,0,0,0.000,0,0
243.382,13859826608897719907,0,0,0,0,0,0,0.000,0,0
243.397,13859826608897719907,0,0,0,0,0,0,0.000,0,0
243.412,13859826608897719907,0,0,0,0,0,0,0.000,0,0
243.428,13859826608897719907,0,0,0,0,0,0,0.000,0,0
243.443,13859826608897719907,0,0,0,0,0,0,0.000,0,0
243.458,13859826608897719907,0,0,0,0,0,0,0.000,0,0
243.488,13859826608897719907,0,0,0,0,0,0,0.000,0,0
243.503,13859826608897719907,0,0,0,0,0,0,0.000,0,0
243.518,13859826608897719907,0,0,0,0,0,0,0.000,0,0
243.533,13859826608897719907,0,0,0,0,0,0,0.000,0,0
243.549,13859826608897719907,0,0,0,0,0,0,0.000,0,0
243.564,13859826608897719907,0,0,0,0,0,0,0.000,0,0
243.579,13859826608897719907,0,0,0,0,0,0,0.000,0,0
243.594,13859826608897719907,0,0,0,0,0,0,0.000,0,0
243.610,13859826608897719907,0,0,0,0,0,0,0.000,0,0
243.625,13859826608897719907,0,0,0,0,0,0,0.000,0,0
243.655,13859826608897719907,0,0,0,0,0,0,0.000,0,0
243.670,13859826608897719907,0,0,0,0,0,0,0.000,0,0
243.685,13859826608897719907,0,0,0,0,0,0,0.000,0,0
243.700,13859826608897719907,0,0,0,0,0,0,0.000,0,0
243.716,13859826608897719907,0,0,0,0,0,0,0.000,0,0
243.730,13859826608897719907,0,0,0,0,0,0,0.000,0,0
243.745,13859826608897719907,0,0,0,0,0,0,0.000,0,0
243.760,13859826608897719907,0,0,0,0,0,0,0.000,0,0
243.776,13859826608897719907,0,0,0,0,0,0,0.000,0,0
243.805,13859826608897719907,0,0,0,0,0,0,0.000,0,0
243.820,13859826608897719907,0,0,0,0,0,0,0.000,0,0
243.835,13859826608897719907,0,0,0,0,0,0,0.000,0,0
243.850,13859826608897719907,0,0,0,0,0,0,0.000,0,0
243.865,13859826608897719907,0,0,0,0,0,0,0.000,0,0
243.880,13859826608897719907,0,0,0,0,0,0,0.000,0,0
243.894,13859826608897719907,0,0,0,0,0,0,0.000,0,0
243.909,13859826608897719907,0,0,0,0,0,0,0.000,0,0
243.939,13859826608897719907,0,0,0,0,0,0,0.000,0,0
243.968,13859826608897719907,0,0,0,0,0,0,0.000,0,0
243.983,13859826608897719907,0,0,0,0,0,0,0.000,0,0
243.998,13859826608897719907,0,0,0,0,0,0,0.000,0,0
244.012,13859826608897719907,0,0,0,0,0,0,0.000,0,0
244.027,13859826608897719907,0,0,0,0,0,0,0.000,0,0
244.056,13859826608897719907,0,0,0,0,0,0,0.000,0,0
244.071,13859826608897719907,0,0,0,0,0,0,0.000,0,0
244.086,13859826608897719907,0,0,0,0,0,0,0.000,0,0
244.101,13859826608897719907,0,0,0,0,0,0,0.000,0,0
244.116,13859826608897719907,0,0,0,0,0,0,0.000,0,0
244.130,13859826608897719907,0,0,0,0,0,0,0.000,0,0
244.145,13859826608897719907,0,0,0,0,0,0,0.000,0,0
244.191,13859826608897719907,0,0,0,0,0,0,0.000,0,0
244.221,13859826608897719907,0,0,0,0,0,0,0.000,0,0
244.237,13859826608897719907,0,0,0,0,0,0,0.000,0,0
244.252,13859826608897719907,0,0,0,0,0,0,0.000,0,0
244.268,13859826608897719907,0,0,0,0,0,0,0.000,0,0
244.283,13859826608897719907,0,0,0,0,0,0,0.000,0,0
244.298,13859826608897719907,0,0,0,0,0,0,0.000,0,0
244.313,13859826608897719907,0,0,0,0,0,0,0.000,0,0
244.327,13859826608897719907,0,0,0,0,0,0,0.000,0,0
244.342,13859826608897719907,0,0,0,0,0,0,0.000,0,0
244.371,13859826608897719907,0,0,0,0,0,0,0.000,0,0
244.386,13859826608897719907,0,0,0,0,0,0,0.000,0,0
244.400,13859826608897719907,0,0,0,0,0,0,0.000,0,0
244.415,13859826608897719907,0,0,0,0,0,0,0.000,0,0
244.430,13859826608897719907,0,0,0,0,0,0,0.000,0,0
244.444,13859826608897719907,0,0,0,0,0,0,0.000,0,0
244.459,13859826608897719907,0,0,0,0,0,0,0.000,0,0
244.488,13859826608897719907,0,0,0,0,0,0,0.000,0,0
244.503,13859826608897719907,0,0,0,0,0,0,0.000,0,0
244.518,13859826608897719907,0,0,0,0,0,0,0.000,0,0
244.533,13859826608897719907,0,0,0,0,0,0,0.000,0,0
244.547,13859826608897719907,0,0,0,0,0,0,0.000,0,0
244.562,13859826608897719907,0,0,0,0,0,0,0.000,0,0
244.577,13859826608897719907,0,0,0,0,0,0,0.000,0,0
244.592,13859826608897719907,0,0,0,0,0,0,0.000,0,0
244.621,13859826608897719907,0,0,0,0,0,0,0.000,0,0
244.636,13859826608897719907,0,0,0,0,0,0,0.000,0,0
244.650,13859826608897719907,0,0,0,0,0,0,0.000,0,0
244.665,13859826608897719907,0,0,0,0,0,0,0.000,0,0
244.680,13859826608897719907,0,0,0,0,0,0,0.000,0,0
244.695,13859826608897719907,0,0,0,0,0,0,0.000,0,0
244.709,13859826608897719907,0,0,0,0,0,0,0.000,0,0
244.738,13859826608897719907,0,0,0,0,0,0,0.000,0,0
244.753,13859826608897719907,0,0,0,0,0,0,0.000,0,0
244.768,13859826608897719907,0,0,0,0,0,0,0.000,0,0
244.782,13859826608897719907,0,0,0,0,0,0,0.000,0,0
244.797,13859826608897719907,0,0,0,0,0,0,0.000,0,0
244.812,13859826608897719907,0,0,0,0,0,0,0.000,0,0
244.828,13859826608897719907,0,0,0,0,0,0,0.000,0,0
244.843,13859826608897719907,0,0,0,0,0,0,0.000,0,0
244.858,13859826608897719907,0,0,0,0,0,0,0.000,0,0
244.888,13859826608897719907,0,0,0,0,0,0,0.000,0,0
244.903,13859826608897719907,0,0,0,0,0,0,0.000,0,0
244.918,13859826608897719907,0,0,0,0,0,0,0.000,0,0
244.933,13859826608897719907,0,0,0,0,0,0,0.000,0,0
244.948,13859826608897719907,0,0,0,0,0,0,0.000,0,0
244.963,13859826608897719907,0,0,0,0,0,0,0.000,0,0
244.978,13859826608897719907,0,0,0,0,0,0,0.000,0,0
244.993,13859826608897719907,0,0,0,0,0,0,0.000,0,0
245.023,13859826608897719907,0,0,0,0,0,0,0.000,0,0
245.038,13859826608897719907,0,0,0,0,0,0,0.000,0,0
245.053,13859826608897719907,0,0,0,0,0,0,0.000,0,0
245.068,13859826608897719907,0,0,0,0,0,0,0.000,0,0
245.083,13859826608897719907,0,0,0,0,0,0,0.000,0,0
245.098,13859826608897719907,0,0,0,0,0,0,0.000,0,0
245.113,13859826608897719907,0,0,0,0,0,0,0.000,0,0
245.128,13859826608897719907,0,0,0,0,0,0,0.000,0,0
245.143,13859826608897719907,0,0,0,0,0,0,0.000,0,0
245.158,13859826608897719907,0,0,0,0,0,0,0.000,0,0
245.187,13859826608897719907,0,0,0,0,0,0,0.000,0,0
245.202,13859826608897719907,0,0,0,0,0,0,0.000,0,0
245.217,13859826608897719907,0,0,0,0,0,0,0.000,0,0
245.232,13859826608897719907,0,0,0,0,0,0,0.000,0,0
245.247,13859826608897719907,0,0,0,0,0,0,0.000,0,0
245.262,13859826608897719907,0,0,0,0,0,0,0.000,0,0
245.277,13859826608897719907,0,0,0,0,0,0,0.000,0,0
245.292,13859826608897719907,0,0,0,0,0,0,0.000,0,0
245.321,13859826608897719907,0,0,0,0,0,0,0.000,0,0
245.336,13859826608897719907,0,0,0,0,0,0,0.000,0,0
245.351,13859826608897719907,0,0,0,0,0,0,0.000,0,0
245.366,13859826608897719907,0,0,0,0,0,0,0.000,0,0
245.381,13859826608897719907,0,0,0,0,0,0,0.000,0,0
245.396,13859826608897719907,0,0,0,0,0,0,0.000,0,0
245.410,13859826608897719907,0,0,0,0,0,0,0.000,0,0
245.425,13859826608897719907,0,0,0,0,0,0,0.000,0,0
245.455,13859826608897719907,0,0,0,0,0,0,0.000,0,0
245.470,13859826608897719907,0,0,0,0,0,0,0.000,0,0
245.484,13859826608897719907,0,0,0,0,0,0,0.000,0,0
245.499,13859826608897719907,0,0,0,0,0,0,0.000,0,0
245.514,13859826608897719907,0,0,0,0,0,0,0.000,0,0
245.529,13859826608897719907,0,0,0,0,0,0,0.000,0,0
245.544,13859826608897719907,0,0,0,0,0,0,0.000,0,0
245.559,13859826608897719907,0,0,0,0,0,0,0.000,0,0
245.589,13859826608897719907,0,0,0,0,0,0,0.000,0,0
245.604,13859826608897719907,0,0,0,0,0,0,0.000,0,0
245.618,13859826608897719907,0,0,0,0,0,0,0.000,0,0
245.633,13859826608897719907,0,0,0,0,0,0,0.000,0,0
245.648,13859826608897719907,0,0,0,0,0,0,0.000,0,0
245.662,13859826608897719907,0,0,0,0,0,0,0.000,0,0
245.677,13859826608897719907,0,0,0,0,0,0,0.000,0,0
245.692,13859826608897719907,0,0,0,0,0,0,0.000,0,0
245.722,13859826608897719907,0,0,0,0,0,0,0.000,0,0
245.737,13859826608897719907,0,0,0,0,0,0,0.000,0,0
245.752,13859826608897719907,0,0,0,0,0,0,0.000,0,0
245.766,13859826608897719907,0,0,0,0,0,0,0.000,0,0
245.781,13859826608897719907,0,0,0,0,0,0,0.000,0,0
245.796,13859826608897719907,0,0,0,0,0,0,0.000,0,0
245.811,13859826608897719907,0,0,0,0,0,0,0.000,0,0
245.826,13859826608897719907,0,0,0,0,0,0,0.000,0,0
245.855,13859826608897719907,0,0,0,0,0,0,0.000,0,0
245.870,13859826608897719907,0,0,0,0,0,0,0.000,0,0
245.885,13859826608897719907,0,0,0,0,0,0,0.000,0,0
245.900,13859826608897719907,0,0,0,0,0,0,0.000,0,0
245.914,13859826608897719907,0,0,0,0,0,0,0.000,0,0
245.929,13859826608897719907,0,0,0,0,0,0,0.000,0,0
245.944,13859826608897719907,0,0,0,0,0,0,0.000,0,0
245.959,13859826608897719907,0,0,0,0,0,0,0.000,0,0
245.989,13859826608897719907,0,0,0,0,0,0,0.000,0,0
246.003,13859826608897719907,0,0,0,0,0,0,0.000,0,0
246.018,13859826608897719907,0,0,0,0,0,0,0.000,0,0
246.033,13859826608897719907,0,0,0,0,0,0,0.000,0,0
246.048,13859826608897719907,0,0,0,0,0,0,0.000,0,0
246.063,13859826608897719907,0,0,0,0,0,0,0.000,0,0
246.078,13859826608897719907,0,0,0,0,0,0,0.000,0,0
246.092,13859826608897719907,0,0,0,0,0,0,0.000,0,0
246.122,13859826608897719907,0,0,0,0,0,0,0.000,0,0
246.137,13859826608897719907,0,0,0,0,0,0,0.000,0,0
246.151,13859826608897719907,0,0,0,0,0,0,0.000,0,0
246.166,13859826608897719907,0,0,0,0,0,0,0.000,0,0
246.181,13859826608897719907,0,0,0,0,0,0,0.000,0,0
246.195,13859826608897719907,0,0,0,0,0,0,0.000,0,0
246.210,13859826608897719907,0,0,0,0,0,0,0.000,0,0
246.239,13859826608897719907,0,0,0,0,0,0,0.000,0,0
246.254,13859826608897719907,0,0,0,0,0,0,0.000,0,0
246.269,13859826608897719907,0,0,0,0,0,0,0.000,0,0
246.284,13859826608897719907,0,0,0,0,0,0,0.000,0,0
246.299,13859826608897719907,0,0,0,0,0,0,0.000,0,0
246.314,13859826608897719907,0,0,0,0,0,0,0.000,0,0
246.329,13859826608897719907,0,0,0,0,0,0,0.000,0,0
246.343,13859826608897719907,0,0,0,0,0,0,0.000,0,0
246.372,13859826608897719907,0,0,0,0,0,0,0.000,0,0
246.387,13859826608897719907,0,0,0,0,0,0,0.000,0,0
246.402,13859826608897719907,0,0,0,0,0,0,0.000,0,0
246.416,13859826608897719907,0,0,0,0,0,0,0.000,0,0
246.431,13859826608897719907,0,0,0,0,0,0,0.000,0,0
246.446,13859826608897719907,0,0,0,0,0,0,0.000,0,0
246.460,13859826608897719907,0,0,0,0,0,0,0.000,0,0
246.489,13859826608897719907,0,0,0,0,0,0,0.000,0,0
246.504,13859826608897719907,0,0,0,0,0,0,0.000,0,0
246.519,13859826608897719907,0,0,0,0,0,0,0.000,0,0
246.603,13859826608897719907,0,0,0,0,0,0,0.000,0,0
246.620,13859826608897719907,0,0,0,0,0,0,0.000,0,0
246.655,13859826608897719907,0,0,0,0,0,0,0.000,0,0
246.670,13859826608897719907,0,0,0,0,0,0,0.000,0,0
246.685,13859826608897719907,0,0,0,0,0,0,0.000,0,0
246.701,13859826608897719907,0,0,0,0,0,0,0.000,0,0
246.716,13859826608897719907,0,0,0,0,0,0,0.000,0,0
246.732,13859826608897719907,0,0,0,0,0,0,0.000,0,0
246.747,13859826608897719907,0,0,0,0,0,0,0.000,0,0
246.762,13859826608897719907,0,0,0,0,0,0,0.000,0,0
246.777,13859826608897719907,0,0,0,0,0,0,0.000,0,0
246.793,13859826608897719907,0,0,0,0,0,0,0.000,0,0
246.808,13859826608897719907,0,0,0,0,0,0,0.000,0,0
246.838,13859826608897719907,0,0,0,0,0,0,0.000,0,0
246.853,13859826608897719907,0,0,0,0,0,0,0.000,0,0
246.867,13859826608897719907,0,0,0,0,0,0,0.000,0,0
246.882,13859826608897719907,0,0,0,0,0,0,0.000,0,0
246.897,13859826608897719907,0,0,0,0,0,0,0.000,0,0
246.912,13859826608897719907,0,0,0,0,0,0,0.000,0,0
246.926,13859826608897719907,0,0,0,0,0,0,0.000,0,0
246.941,13859826608897719907,0,0,0,0,0,0,0.000,0,0
246.971,13859826608897719907,0,0,0,0,0,0,0.000,0,0
246.985,13859826608897719907,0,0,0,0,0,0,0.000,0,0
247.000,13859826608897719907,0,0,0,0,0,0,0.000,0,0
247.015,13859826608897719907,0,0,0,0,0,0,0.000,0,0
247.030,13859826608897719907,0,0,0,0,0,0,0.000,0,0
247.044,13859826608897719907,0,0,0,0,0,0,0.000,0,0
247.059,13859826608897719907,0,0,0,0,0,0,0.000,0,0
247.074,13859826608897719907,0,0,0,0,0,0,0.000,0,0
247.104,13859826608897719907,0,0,0,0,0,0,0.000,0,0
247.118,13859826608897719907,0,0,0,0,0,0,0.000,0,0
247.133,13859826608897719907,0,0,0,0,0,0,0.000,0,0
247.148,13859826608897719907,0,0,0,0,0,0,0.000,0,0
247.163,13859826608897719907,0,0,0,0,0,0,0.000,0,0
247.178,13859826608897719907,0,0,0,0,0,0,0.000,0,0
247.193,13859826608897719907,0,0,0,0,0,0,0.000,0,0
247.208,13859826608897719907,0,0,0,0,0,0,0.000,0,0
247.238,13859826608897719907,0,0,0,0,0,0,0.000,0,0
247.253,13859826608897719907,0,0,0,0,0,0,0.000,0,0
247.267,13859826608897719907,0,0,0,0,0,0,0.000,0,0
247.282,13859826608897719907,0,0,0,0,0,0,0.000,0,0
247.297,13859826608897719907,0,0,0,0,0,0,0.000,0,0
247.312,13859826608897719907,0,0,0,0,0,0,0.000,0,0
247.328,13859826608897719907,0,0,0,0,0,0,0.000,0,0
247.343,13859826608897719907,0,0,0,0,0,0,0.000,0,0
247.358,13859826608897719907,0,0,0,0,0,0,0.000,0,0
247.388,13859826608897719907,0,0,0,0,0,0,0.000,0,0
247.403,13859826608897719907,0,0,0,0,0,0,0.000,0,0
247.418,13859826608897719907,0,0,0,0,0,0,0.000,0,0
247.434,13859826608897719907,0,0,0,0,0,0,0.000,0,0
247.449,13859826608897719907,0,0,0,0,0,0,0.000,0,0
247.464,13859826608897719907,0,0,0,0,0,0,0.000,0,0
247.479,13859826608897719907,0,0,0,0,0,0,0.000,0,0
247.495,13859826608897719907,0,0,0,0,0,0,0.000,0,0
247.510,13859826608897719907,0,0,0,0,0,0,0.000,0,0
247.525,13859826608897719907,0,0,0,0,0,0,0.000,0,0
247.540,13859826608897719907,0,0,0,0,0,0,0.000,0,0
247.570,13859826608897719907,0,0,0,0,0,0,0.000,0,0
247.585,13859826608897719907,0,0,0,0,0,0,0.000,0,0
247.600,13859826608897719907,0,0,0,0,0,0,0.000,0,0
247.616,13859826608897719907,0,0,0,0,0,0,0.000,0,0
247.631,13859826608897719907,0,0,0,0,0,0,0.000,0,0
247.646,13859826608897719907,0,0,0,0,0,0,0.000,0,0
247.661,13859826608897719907,0,0,0,0,0,0,0.000,0,0
247.676,13859826608897719907,0,0,0,0,0,0,0.000,0,0
247.691,13859826608897719907,0,0,0,0,0,0,0.000,0,0
247.706,13859826608897719907,0,0,0,0,0,0,0.000,0,0
247.736,13859826608897719907,0,0,0,0,0,0,0.000,0,0
247.751,13859826608897719907,0,0,0,0,0,0,0.000,0,0
247.766,13859826608897719907,0,0,0,0,0,0,0.000,0,0
247.781,13859826608897719907,0,0,0,0,0,0,0.000,0,0
247.797,13859826608897719907,0,0,0,0,0,0,0.000,0,0
247.812,13859826608897719907,0,0,0,0,0,0,0.000,0,0
247.827,13859826608897719907,0,0,0,0,0,0,0.000,0,0
247.842,13859826608897719907,0,0,0,0,0,0,0.000,0,0
247.858,13859826608897719907,0,0,0,0,0,0,0.000,0,0
247.873,13859826608897719907,0,0,0,0,0,0,0.000,0,0
247.903,13859826608897719907,0,0,0,0,0,0,0.000,0,0
247.918,13859826608897719907,0,0,0,0,0,0,0.000,0,0
247.934,13859826608897719907,0,0,0,0,0,0,0.000,0,0
247.949,13859826608897719907,0,0,0,0,0,0,0.000,0,0
247.964,13859826608897719907,0,0,0,0,0,0,0.000,0,0
247.979,13859826608897719907,0,0,0,0,0,0,0.000,0,0
247.995,13859826608897719907,0,0,0,0,0,0,0.000,0,0
248.010,13859826608897719907,0,0,0,0,0,0,0.000,0,0
248.025,13859826608897719907,0,0,0,0,0,0,0.000,0,0
248.040,13859826608897719907,0,0,0,0,0,0,0.000,0,0
248.071,13859826608897719907,0,0,0,0,0,0,0.000,0,0
248.086,13859826608897719907,0,0,0,0,0,0,0.000,0,0
248.100,13859826608897719907,0,0,0,0,0,0,0.000,0,0
248.115,13859826608897719907,0,0,0,0,0,0,0.000,0,0
248.130,13859826608897719907,0,0,0,0,0,0,0.000,0,0
248.145,13859826608897719907,0,0,0,0,0,0,0.000,0,0
248.160,13859826608897719907,0,0,0,0,0,0,0.000,0,0
248.175,13859826608897719907,0,0,0,0,0,0,0.000,0,0
248.190,13859826608897719907,0,0,0,0,0,0,0.000,0,0
248.220,13859826608897719907,0,0,0,0,0,0,0.000,0,0
248.235,13859826608897719907,0,0,0,0,0,0,0.000,0,0
248.250,13859826608897719907,0,0,0,0,0,0,0.000,0,0
248.265,13859826608897719907,0,0,0,0,0,0,0.000,0,0
248.280,13859826608897719907,0,0,0,0,0,0,0.000,0,0
248.295,13859826608897719907,0,0,0,0,0,0,0.000,0,0
248.310,13859826608897719907,0,0,0,0,0,0,0.000,0,0
248.339,13859826608897719907,0,0,0,0,0,0,0.000,0,0
248.354,13859826608897719907,0,0,0,0,0,0,0.000,0,0
248.369,13859826608897719907,0,0,0,0,0,0,0.000,0,0
248.383,13859826608897719907,0,0,0,0,0,0,0.000,0,0
248.398,13859826608897719907,0,0,0,0,0,0,0.000,0,0
248.413,13859826608897719907,0,0,0,0,0,0,0.000,0,0
248.428,13859826608897719907,0,0,0,0,0,0,0.000,0,0
248.443,13859826608897719907,0,0,0,0,0,0,0.000,0,0
248.472,13859826608897719907,0,0,0,0,0,0,0.000,0,0
248.487,13859826608897719907,0,0,0,0,0,0,0.000,0,0
248.502,13859826608897719907,0,0,0,0,0,0,0.000,0,0
248.517,13859826608897719907,0,0,0,0,0,0,0.000,0,0
248.531,13859826608897719907,0,0,0,0,0,0,0.000,0,0
248.546,13859826608897719907,0,0,0,0,0,0,0.000,0,0
248.561,13859826608897719907,0,0,0,0,0,0,0.000,0,0
248.576,13859826608897719907,0,0,0,0,0,0,0.000,0,0
248.592,13859826608897719907,0,0,0,0,0,0,0.000,0,0
248.621,13859826608897719907,0,0,0,0,0,0,0.000,0,0
248.637,13859826608897719907,0,0,0,0,0,0,0.000,0,0
248.651,13859826608897719907,0,0,0,0,0,0,0.000,0,0
248.666,13859826608897719907,0,0,0,0,0,0,0.000,0,0
248.681,13859826608897719907,0,0,0,0,0,0,0.000,0,0
248.697,13859826608897719907,0,0,0,0,0,0,0.000,0,0
248.712,13859826608897719907,0,0,0,0,0,0,0.000,0,0
248.727,13859826608897719907,0,0,0,0,0,0,0.000,0,0
248.743,13859826608897719907,0,0,0,0,0,0,0.000,0,0
248.758,13859826608897719907,0,0,0,0,0,0,0.000,0,0
248.774,13859826608897719907,0,0,0,0,0,0,0.000,0,0
248.804,13859826608897719907,0,0,0,0,0,0,0.000,0,0
248.819,13859826608897719907,0,0,0,0,0,0,0.000,0,0
248.834,13859826608897719907,0,0,0,0,0,0,0.000,0,0
248.849,13859826608897719907,0,0,0,0,0,0,0.000,0,0
248.864,13859826608897719907,0,0,0,0,0,0,0.000,0,0
248.879,13859826608897719907,0,0,0,0,0,0,0.000,0,0
248.894,13859826608897719907,0,0,0,0,0,0,0.000,0,0
248.909,13859826608897719907,0,0,0,0,0,0,0.000,0,0
248.938,13859826608897719907,0,0,0,0,0,0,0.000,0,0
248.953,13859826608897719907,0,0,0,0,0,0,0.000,0,0
248.967,13859826608897719907,0,0,0,0,0,0,0.000,0,0
248.982,13859826608897719907,0,0,0,0,0,0,0.000,0,0
248.996,13859826608897719907,0,0,0,0,0,0,0.000,0,0
249.011,13859826608897719907,0,0,0,0,0,0,0.000,0,0
249.026,13859826608897719907,0,0,0,0,0,0,0.000,0,0
249.055,13859826608897719907,0,0,0,0,0,0,0.000,0,0
249.070,13859826608897719907,0,0,0,0,0,0,0.000,0,0
249.084,13859826608897719907,0,0,0,0,0,0,0.000,0,0
249.099,13859826608897719907,0,0,0,0,0,0,0.000,0,0
249.114,13859826608897719907,0,0,0,0,0,0,0.000,0,0
249.128,13859826608897719907,0,0,0,0,0,0,0.000,0,0
249.143,13859826608897719907,0,0,0,0,0,0,0.000,0,0
249.172,13859826608897719907,0,0,0,0,0,0,0.000,0,0
249.186,13859826608897719907,0,0,0,0,0,0,0.000,0,0
249.201,13859826608897719907,0,0,0,0,0,0,0.000,0,0
249.215,13859826608897719907,0,0,0,0,0,0,0.000,0,0
249.229,13859826608897719907,0,0,0,0,0,0,0.000,0,0
249.244,13859826608897719907,0,0,0,0,0,0,0.000,0,0
249.272,13859826608897719907,0,0,0,0,0,0,0.000,0,0
249.286,13859826608897719907,0,0,0,0,0,0,0.000,0,0
249.301,13859826608897719907,0,0,0,0,0,0,0.000,0,0
249.315,13859826608897719907,0,0,0,0,0,0,0.000,0,0
249.329,13859826608897719907,0,0,0,0,0,0,0.000,0,0
249.343,13859826608897719907,0,0,0,0,0,0,0.000,0,0
249.372,13859826608897719907,0,0,0,0,0,0,0.000,0,0
249.386,13859826608897719907,0,0,0,0,0,0,0.000,0,0
249.401,13859826608897719907,0,0,0,0,0,0,0.000,0,0
249.415,13859826608897719907,0,0,0,0,0,0,0.000,0,0
249.430,13859826608897719907,0,0,0,0,0,0,0.000,0,0
249.444,13859826608897719907,0,0,0,0,0,0,0.000,0,0
249.459,13859826608897719907,0,0,0,0,0,0,0.000,0,0
249.487,13859826608897719907,0,0,0,0,0,0,0.000,0,0
249.502,13859826608897719907,0,0,0,0,0,0,0.000,0,0
249.517,13859826608897719907,0,0,0,0,0,0,0.000,0,0
249.531,13859826608897719907,0,0,0,0,0,0,0.000,0,0
249.546,13859826608897719907,0,0,0,0,0,0,0.000,0,0
249.560,13859826608897719907,0,0,0,0,0,0,0.000,0,0
249.575,13859826608897719907,0,0,0,0,0,0,0.000,0,0
249.604,13859826608897719907,0,0,0,0,0,0,0.000,0,0
249.618,13859826608897719907,0,0,0,0,0,0,0.000,0,0
249.633,13859826608897719907,0,0,0,0,0,0,0.000,0,0
249.647,13859826608897719907,0,0,0,0,0,0,0.000,0,0
249.662,13859826608897719907,0,0,0,0,0,0,0.000,0,0
249.677,13859826608897719907,0,0,0,0,0,0,0.000,0,0
249.692,13859826608897719907,0,0,0,0,0,0,0.000,0,0
249.707,13859826608897719907,0,0,0,0,0,0,0.000,0,0
249.722,13859826608897719907,0,0,0,0,0,0,0.000,0,0
249.752,13859826608897719907,0,0,0,0,0,0,0.000,0,0
249.767,13859826608897719907,0,0,0,0,0,0,0.000,0,0
249.782,13859826608897719907,0,0,0,0,0,0,0.000,0,0
249.797,13859826608897719907,0,0,0,0,0,0,0.000,0,0
249.813,13859826608897719907,0,0,0,0,0,0,0.000,0,0
249.828,13859826608897719907,0,0,0,0,0,0,0.000,0,0
249.843,13859826608897719907,0,0,0,0,0,0,0.000,0,0
249.858,13859826608897719907,0,0,0,0,0,0,0.000,0,0
249.888,13859826608897719907,0,0,0,0,0,0,0.000,0,0
249.903,13859826608897719907,0,0,0,0,0,0,0.000,0,0
249.918,13859826608897719907,0,0,0,0,0,0,0.000,0,0
249.934,13859826608897719907,0,0,0,0,0,0,0.000,0,0
249.949,13859826608897719907,0,0,0,0,0,0,0.000,0,0
249.964,13859826608897719907,0,0,0,0,0,0,0.000,0,0
249.979,13859826608897719907,0,0,0,0,0,0,0.000,0,0
249.995,13859826608897719907,0,0,0,0,0,0,0.000,0,0
250.010,13859826608897719907,0,0,0,0,0,0,0.000,0,0
250.025,13859826608897719907,0,0,0,0,0,0,0.000,0,0
250.041,13859826608897719907,0,0,0,0,0,0,0.000,0,0
250.071,13859826608897719907,0,0,0,0,0,0,0.000,0,0
250.086,13859826608897719907,0,0,0,0,0,0,0.000,0,0
250.102,13859826608897719907,0,0,0,0,0,0,0.000,0,0
250.116,13859826608897719907,0,0,0,0,0,0,0.000,0,0
250.132,13859826608897719907,0,0,0,0,0,0,0.000,0,0
250.147,13859826608897719907,0,0,0,0,0,0,0.000,0,0
250.161,13859826608897719907,0,0,0,0,0,0,0.000,0,0
250.176,13859826608897719907,0,0,0,0,0,0,0.000,0,0
250.191,13859826608897719907,0,0,0,0,0,0,0.000,0,0
250.221,13859826608897719907,0,0,0,0,0,0,0.000,0,0
250.236,13859826608897719907,0,0,0,0,0,0,0.000,0,0
250.251,13859826608897719907,0,0,0,0,0,0,0.000,0,0
250.266,13859826608897719907,0,0,0,0,0,0,0.000,0,0
250.281,13859826608897719907,0,0,0,0,0,0,0.000,0,0
250.296,13859826608897719907,0,0,0,0,0,0,0.000,0,0
250.311,13859826608897719907,0,0,0,0,0,0,0.000,0,0
250.326,13859826608897719907,0,0,0,0,0,0,0.000,0,0
250.355,13859826608897719907,0,0,0,0,0,0,0.000,0,0
250.370,13859826608897719907,0,0,0,0,0,0,0.000,0,0
250.384,13859826608897719907,0,0,0,0,0,0,0.000,0,0
250.399,13859826608897719907,0,0,0,0,0,0,0.000,0,0
250.413,13859826608897719907,0,0,0,0,0,0,0.000,0,0
250.428,13859826608897719907,0,0,0,0,0,0,0.000,0,0
250.443,13859826608897719907,0,0,0,0,0,0,0.000,0,0
250.458,13859826608897719907,0,0,0,0,0,0,0.000,0,0
250.473,13859826608897719907,0,0,0,0,0,0,0.000,0,0
250.488,13859826608897719907,0,0,0,0,0,0,0.000,0,0
250.519,13859826608897719907,0,0,0,0,0,0,0.000,0,0
250.534,13859826608897719907,0,0,0,0,0,0,0.000,0,0
250.550,13859826608897719907,0,0,0,0,0,0,0.000,0,0
250.566,13859826608897719907,0,0,0,0,0,0,0.000,0,0
250.582,13859826608897719907,0,0,0,0,0,0,0.000,0,0
250.597,13859826608897719907,0,0,0,0,0,0,0.000,0,0
250.613,13859826608897719907,0,0,0,0,0,0,0.000,0,0
250.628,13859826608897719907,0,0,0,0,0,0,0.000,0,0
250.644,13859826608897719907,0,0,0,0,0,0,0.000,0,0
250.660,13859826608897719907,0,0,0,0,0,0,0.000,0,0
250.689,13859826608897719907,0,0,0,0,0,0,0.000,0,0
250.704,13859826608897719907,0,0,0,0,0,0,0.000,0,0
250.718,13859826608897719907,0,0,0,0,0,0,0.000,0,0
250.733,13859826608897719907,0,0,0,0,0,0,0.000,0,0
250.747,13859826608897719907,0,0,0,0,0,0,0.000,0,0
250.762,13859826608897719907,0,0,0,0,0,0,0.000,0,0
250.777,13859826608897719907,0,0,0,0,0,0,0.000,0,0
250.792,13859826608897719907,0,0,0,0,0,0,0.000,0,0
250.807,13859826608897719907,0,0,0,0,0,0,0.000,0,0
250.836,13859826608897719907,0,0,0,0,0,0,0.000,0,0
250.851,13859826608897719907,0,0,0,0,0,0,0.000,0,0
250.866,13859826608897719907,0,0,0,0,0,0,0.000,0,0
250.881,13859826608897719907,0,0,0,0,0,0,0.000,0,0
250.896,13859826608897719907,0,0,0,0,0,0,0.000,0,0
250.911,13859826608897719907,0,0,0,0,0,0,0.000,0,0
250.926,13859826608897719907,0,0,0,0,0,0,0.000,0,0
250.955,13859826608897719907,0,0,0,0,0,0,0.000,0,0
250.969,13859826608897719907,0,0,0,0,0,0,0.000,0,0
250.984,13859826608897719907,0,0,0,0,0,0,0.000,0,0
250.998,13859826608897719907,0,0,0,0,0,0,0.000,0,0
251.013,13859826608897719907,0,0,0,0,0,0,0.000,0,0
251.027,13859826608897719907,0,0,0,0,0,0,0.000,0,0
251.042,13859826608897719907,0,0,0,0,0,0,0.000,0,0
251.071,13859826608897719907,0,0,0,0,0,0,0.000,0,0
251.085,13859826608897719907,0,0,0,0,0,0,0.000,0,0
251.099,13859826608897719907,0,0,0,0,0,0,0.000,0,0
251.114,13859826608897719907,0,0,0,0,0,0,0.000,0,0
251.128,13859826608897719907,0,0,0,0,0,0,0.000,0,0
251.143,13859826608897719907,0,0,0,0,0,0,0.000,0,0
251.172,13859826608897719907,0,0,0,0,0,0,0.000,0,0
251.186,13859826608897719907,0,0,0,0,0,0,0.000,0,0
251.201,13859826608897719907,0,0,0,0,0,0,0.000,0,0
251.215,13859826608897719907,0,0,0,0,0,0,0.000,0,0
251.230,13859826608897719907,0,0,0,0,0,0,0.000,0,0
251.244,13859826608897719907,0,0,0,0,0,0,0.000,0,0
251.258,13859826608897719907,0,0,0,0,0,0,0.000,0,0
251.273,13859826608897719907,0,0,0,0,0,0,0.000,0,0
251.302,13859826608897719907,0,0,0,0,0,0,0.000,0,0
251.317,13859826608897719907,0,0,0,0,0,0,0.000,0,0
251.331,13859826608897719907,0,0,0,0,0,0,0.000,0,0
251.346,13859826608897719907,0,0,0,0,0,0,0.000,0,0
251.361,13859826608897719907,0,0,0,0,0,0,0.000,0,0
251.389,13859826608897719907,0,0,0,0,0,0,0.000,0,0
251.403,13859826608897719907,0,0,0,0,0,0,0.000,0,0
251.417,13859826608897719907,0,0,0,0,0,0,0.000,0,0
251.432,13859826608897719907,0,0,0,0,0,0,0.000,0,0
251.446,13859826608897719907,0,0,0,0,0,0,0.000,0,0
251.460,13859826608897719907,0,0,0,0,0,0,0.000,0,0
251.474,13859826608897719907,0,0,0,0,0,0,0.000,0,0
251.502,13859826608897719907,0,0,0,0,0,0,0.000,0,0
251.516,13859826608897719907,0,0,0,0,0,0,0.000,0,0
251.530,13859826608897719907,0,0,0,0,0,0,0.000,0,0
251.545,13859826608897719907,0,0,0,0,0,0,0.000,0,0
251.573,13859826608897719907,0,0,0,0,0,0,0.000,0,0
251.587,13859826608897719907,0,0,0,0,0,0,0.000,0,0
251.601,13859826608897719907,0,0,0,0,0,0,0.000,0,0
251.614,13859826608897719907,0,0,0,0,0,0,0.000,0,0
251.628,13859826608897719907,0,0,0,0,0,0,0.000,0,0
251.656,13859826608897719907,0,0,0,0,0,0,0.000,0,0
251.670,13859826608897719907,0,0,0,0,0,0,0.000,0,0
251.684,13859826608897719907,0,0,0,0,0,0,0.000,0,0
251.698,13859826608897719907,0,0,0,0,0,0,0.000,0,0
251.725,13859826608897719907,0,0,0,0,0,0,0.000,0,0
251.739,13859826608897719907,0,0,0,0,0,0,0.000,0,0
251.753,13859826608897719907,0,0,0,0,0,0,0.000,0,0
251.767,13859826608897719907,0,0,0,0,0,0,0.000,0,0
251.781,13859826608897719907,0,0,0,0,0,0,0.000,0,0
251.795,13859826608897719907,0,0,0,0,0,0,0.000,0,0
251.823,13859826608897719907,0,0,0,0,0,0,0.000,0,0
251.837,13859826608897719907,0,0,0,0,0,0,0.000,0,0
251.851,13859826608897719907,0,0,0,0,0,0,0.000,0,0
251.865,13859826608897719907,0,0,0,0,0,0,0.000,0,0
251.879,13859826608897719907,0,0,0,0,0,0,0.000,0,0
251.907,13859826608897719907,0,0,0,0,0,0,0.000,0,0
251.921,13859826608897719907,0,0,0,0,0,0,0.000,0,0
251.935,13859826608897719907,0,0,0,0,0,0,0.000,0,0
251.948,13859826608897719907,0,0,0,0,0,0,0.000,0,0
251.962,13859826608897719907,0,0,0,0,0,0,0.000,0,0
251.990,13859826608897719907,0,0,0,0,0,0,0.000,0,0
252.004,13859826608897719907,0,0,0,0,0,0,0.000,0,0
252.018,13859826608897719907,0,0,0,0,0,0,0.000,0,0
252.032,13859826608897719907,0,0,0,0,0,0,0.000,0,0
252.059,13859826608897719907,0,0,0,0,0,0,0.000,0,0
252.073,13859826608897719907,0,0,0,0,0,0,0.000,0,0
252.087,13859826608897719907,0,0,0,0,0,0,0.000,0,0
252.101,13859826608897719907,0,0,0,0,0,0,0.000,0,0
252.115,13859826608897719907,0,0,0,0,0,0,0.000,0,0
252.129,13859826608897719907,0,0,0,0,0,0,0.000,0,0
252.143,13859826608897719907,0,0,0,0,0,0,0.000,0,0
252.171,13859826608897719907,0,0,0,0,0,0,0.000,0,0
252.185,13859826608897719907,0,0,0,0,0,0,0.000,0,0
252.198,13859826608897719907,0,0,0,0,0,0,0.000,0,0
252.212,13859826608897719907,0,0,0,0,0,0,0.000,0,0
252.226,13859826608897719907,0,0,0,0,0,0,0.000,0,0
252.254,13859826608897719907,0,0,0,0,0,0,0.000,0,0
252.268,13859826608897719907,0,0,0,0,0,0,0.000,0,0
252.282,13859826608897719907,0,0,0,0,0,0,0.000,0,0
252.296,13859826608897719907,0,0,0,0,0,0,0.000,0,0
252.323,13859826608897719907,0,0,0,0,0,0,0.000,0,0
252.337,13859826608897719907,0,0,0,0,0,0,0.000,0,0
252.351,13859826608897719907,0,0,0,0,0,0,0.000,0,0
252.365,13859826608897719907,0,0,0,0,0,0,0.000,0,0
252.392,13859826608897719907,0,0,0,0,0,0,0.000,0,0
252.406,13859826608897719907,0,0,0,0,0,0,0.000,0,0
252.419,13859826608897719907,0,0,0,0,0,0,0.000,0,0
252.433,13859826608897719907,0,0,0,0,0,0,0.000,0,0
252.447,13859826608897719907,0,0,0,0,0,0,0.000,0,0
252.474,13859826608897719907,0,0,0,0,0,0,0.000,0,0
252.488,13859826608897719907,0,0,0,0,0,0,0.000,0,0
252.502,13859826608897719907,0,0,0,0,0,0,0.000,0,0
252.516,13859826608897719907,0,0,0,0,0,0,0.000,0,0
252.530,13859826608897719907,0,0,0,0,0,0,0.000,0,0
252.544,13859826608897719907,0,0,0,0,0,0,0.000,0,0
252.572,13859826608897719907,0,0,0,0,0,0,0.000,0,0
252.586,13859826608897719907,0,0,0,0,0,0,0.000,0,0
252.601,13859826608897719907,0,0,0,0,0,0,0.000,0,0
252.615,13859826608897719907,0,0,0,0,0,0,0.000,0,0
252.629,13859826608897719907,0,0,0,0,0,0,0.000,0,0
252.644,13859826608897719907,0,0,0,0,0,0,0.000,0,0
252.672,13859826608897719907,0,0,0,0,0,0,0.000,0,0
252.686,13859826608897719907,0,0,0,0,0,0,0.000,0,0
252.700,13859826608897719907,0,0,0,0,0,0,0.000,0,0
252.713,13859826608897719907,0,0,0,0,0,0,0.000,0,0
252.727,13859826608897719907,0,0,0,0,0,0,0.000,0,0
252.754,13859826608897719907,0,0,0,0,0,0,0.000,0,0
252.768,13859826608897719907,0,0,0,0,0,0,0.000,0,0
252.781,13859826608897719907,0,0,0,0,0,0,0.000,0,0
252.795,13859826608897719907,0,0,0,0,0,0,0.000,0,0
252.822,13859826608897719907,0,0,0,0,0,0,0.000,0,0
252.835,13859826608897719907,0,0,0,0,0,0,0.000,0,0
252.849,13859826608897719907,0,0,0,0,0,0,0.000,0,0
252.862,13859826608897719907,0,0,0,0,0,0,0.000,0,0
252.889,13859826608897719907,0,0,0,0,0,0,0.000,0,0
252.903,13859826608897719907,0,0,0,0,0,0,0.000,0,0
252.917,13859826608897719907,0,0,0,0,0,0,0.000,0,0
252.930,13859826608897719907,0,0,0,0,0,0,0.000,0,0
252.944,13859826608897719907,0,0,0,0,0,0,0.000,0,0
252.972,13859826608897719907,0,0,0,0,0,0,0.000,0,0
252.986,13859826608897719907,0,0,0,0,0,0,0.000,0,0
252.999,13859826608897719907,0,0,0,0,0,0,0.000,0,0
253.013,13859826608897719907,0,0,0,0,0,0,0.000,0,0
253.041,13859826608897719907,0,0,0,0,0,0,0.000,0,0
253.054,13859826608897719907,0,0,0,0,0,0,0.000,0,0
253.068,13859826608897719907,0,0,0,0,0,0,0.000,0,0
253.082,13859826608897719907,0,0,0,0,0,0,0.000,0,0
253.109,13859826608897719907,0,0,0,0,0,0,0.000,0,0
253.123,13859826608897719907,0,0,0,0,0,0,0.000,0,0
253.136,13859826608897719907,0,0,0,0,0,0,0.000,0,0
253.150,13859826608897719907,0,0,0,0,0,0,0.000,0,0
253.164,13859826608897719907,0,0,0,0,0,0,0.000,0,0
253.191,13859826608897719907,0,0,0,0,0,0,0.000,0,0
253.204,13859826608897719907,0,0,0,0,0,0,0.000,0,0
253.218,13859826608897719907,0,0,0,0,0,0,0.000,0,0
253.231,13859826608897719907,0,0,0,0,0,0,0.000,0,0
253.258,13859826608897719907,0,0,0,0,0,0,0.000,0,0
253.272,13859826608897719907,0,0,0,0,0,0,0.000,0,0
253.285,13859826608897719907,0,0,0,0,0,0,0.000,0,0
253.299,13859826608897719907,0,0,0,0,0,0,0.000,0,0
253.326,13859826608897719907,0,0,0,0,0,0,0.000,0,0
253.340,13859826608897719907,0,0,0,0,0,0,0.000,0,0
253.353,13859826608897719907,0,0,0,0,0,0,0.000,0,0
253.367,13859826608897719907,0,0,0,0,0,0,0.000,0,0
253.380,13859826608897719907,0,0,0,0,0,0,0.000,0,0
253.394,13859826608897719907,0,0,0,0,0,0,0.000,0,0
253.421,13859826608897719907,0,0,0,0,0,0,0.000,0,0
253.434,13859826608897719907,0,0,0,0,0,0,0.000,0,0
253.448,13859826608897719907,0,0,0,0,0,0,0.000,0,0
253.475,13859826608897719907,0,0,0,0,0,0,0.000,0,0
253.489,13859826608897719907,0,0,0,0,0,0,0.000,0,0
253.502,13859826608897719907,0,0,0,0,0,0,0.000,0,0
253.516,13859826608897719907,0,0,0,0,0,0,0.000,0,0
253.529,13859826608897719907,0,0,0,0,0,0,0.000,0,0
253.557,13859826608897719907,0,0,0,0,0,0,0.000,0,0
253.570,13859826608897719907,0,0,0,0,0,0,0.000,0,0
253.584,13859826608897719907,0,0,0,0,0,0,0.000,0,0
253.598,13859826608897719907,0,0,0,0,0,0,0.000,0,0
253.612,13859826608897719907,0,0,0,0,0,0,0.000,0,0
253.625,13859826608897719907,0,0,0,0,0,0,0.000,0,0
253.653,13859826608897719907,0,0,0,0,0,0,0.000,0,0
253.667,13859826608897719907,0,0,0,0,0,0,0.000,0,0
253.681,13859826608897719907,0,0,0,0,0,0,0.000,0,0
253.708,13859826608897719907,0,0,0,0,0,0,0.000,0,0
253.722,13859826608897719907,0,0,0,0,0,0,0.000,0,0
253.736,13859826608897719907,0,0,0,0,0,0,0.000,0,0
253.749,13859826608897719907,0,0,0,0,0,0,0.000,0,0
253.763,13859826608897719907,0,0,0,0,0,0,0.000,0,0
253.790,13859826608897719907,0,0,0,0,0,0,0.000,0,0
253.803,13859826608897719907,0,0,0,0,0,0,0.000,0,0
253.817,13859826608897719907,0,0,0,0,0,0,0.000,0,0
253.830,13859826608897719907,0,0,0,0,0,0,0.000,0,0
253.857,13859826608897719907,0,0,0,0,0,0,0.000,0,0
253.871,13859826608897719907,0,0,0,0,0,0,0.000,0,0
253.884,13859826608897719907,0,0,0,0,0,0,0.000,0,0
253.898,13859826608897719907,0,0,0,0,0,0,0.000,0,0
253.925,13859826608897719907,0,0,0,0,0,0,0.000,0,0
253.938,13859826608897719907,0,0,0,0,0,0,0.000,0,0
253.952,13859826608897719907,0,0,0,0,0,0,0.000,0,0
253.965,13859826608897719907,0,0,0,0,0,0,0.000,0,0
253.992,13859826608897719907,0,0,0,0,0,0,0.000,0,0
254.005,13859826608897719907,0,0,0,0,0,0,0.000,0,0
254.019,13859826608897719907,0,0,0,0,0,0,0.000,0,0
254.032,13859826608897719907,0,0,0,0,0,0,0.000,0,0
254.059,13859826608897719907,0,0,0,0,0,0,0.000,0,0
254.073,13859826608897719907,0,0,0,0,0,0,0.000,0,0
254.086,13859826608897719907,0,0,0,0,0,0,0.000,0,0
254.099,13859826608897719907,0,0,0,0,0,0,0.000,0,0
254.113,13859826608897719907,0,0,0,0,0,0,0.000,0,0
254.140,13859826608897719907,0,0,0,0,0,0,0.000,0,0
254.153,13859826608897719907,0,0,0,0,0,0,0.000,0,0
254.167,13859826608897719907,0,0,0,0,0,0,0.000,0,0
254.181,13859826608897719907,0,0,0,0,0,0,0.000,0,0
254.195,13859826608897719907,0,0,0,0,0,0,0.000,0,0
254.208,13859826608897719907,0,0,0,0,0,0,0.000,0,0
254.222,13859826608897719907,0,0,0,0,0,0,0.000,0,0
254.238,13859826608897719907,0,0,0,0,0,0,0.000,0,0
254.255,13859826608897719907,0,0,0,0,0,0,0.000,0,0
254.273,13859826608897719907,0,0,0,0,0,0,0.000,0,0
254.290,13859826608897719907,0,0,0,0,0,0,0.000,0,0
254.308,13859826608897719907,0,0,0,0,0,0,0.000,0,0
254.326,13859826608897719907,0,0,0,0,0,0,0.000,0,0
254.343,13859826608897719907,0,0,0,0,0,0,0.000,0,0
254.360,13859826608897719907,0,0,0,0,0,0,0.000,0,0
254.387,13859826608897719907,0,0,0,0,0,0,0.000,0,0
254.401,13859826608897719907,0,0,0,0,0,0,0.000,0,0
254.416,13859826608897719907,0,0,0,0,0,0,0.000,0,0
254.429,13859826608897719907,0,0,0,0,0,0,0.000,0,0
254.456,13859826608897719907,0,0,0,0,0,0,0.000,0,0
254.470,13859826608897719907,0,0,0,0,0,0,0.000,0,0
254.484,13859826608897719907,0,0,0,0,0,0,0.000,0,0
254.498,13859826608897719907,0,0,0,0,0,0,0.000,0,0
254.525,13859826608897719907,0,0,0,0,0,0,0.000,0,0
254.539,13859826608897719907,0,0,0,0,0,0,0.000,0,0
254.552,13859826608897719907,0,0,0,0,0,0,0.000,0,0
254.566,13859826608897719907,0,0,0,0,0,0,0.000,0,0
254.580,13859826608897719907,0,0,0,0,0,0,0.000,0,0
254.594,13859826608897719907,0,0,0,0,0,0,0.000,0,0
254.622,13859826608897719907,0,0,0,0,0,0,0.000,0,0
254.636,13859826608897719907,0,0,0,0,0,0,0.000,0,0
254.650,13859826608897719907,0,0,0,0,0,0,0.000,0,0
254.665,13859826608897719907,0,0,0,0,0,0,0.000,0,0
254.692,13859826608897719907,0,0,0,0,0,0,0.000,0,0
254.706,13859826608897719907,0,0,0,0,0,0,0.000,0,0
254.720,13859826608897719907,0,0,0,0,0,0,0.000,0,0
254.734,13859826608897719907,0,0,0,0,0,0,0.000,0,0
254.748,13859826608897719907,0,0,0,0,0,0,0.000,0,0
254.761,13859826608897719907,0,0,0,0,0,0,0.000,0,0
254.775,13859826608897719907,0,0,0,0,0,0,0.000,0,0
254.802,13859826608897719907,0,0,0,0,0,0,0.000,0,0
254.816,13859826608897719907,0,0,0,0,0,0,0.000,0,0
254.830,13859826608897719907,0,0,0,0,0,0,0.000,0,0
254.843,13859826608897719907,0,0,0,0,0,0,0.000,0,0
254.871,13859826608897719907,0,0,0,0,0,0,0.000,0,0
254.885,13859826608897719907,0,0,0,0,0,0,0.000,0,0
254.900,13859826608897719907,0,0,0,0,0,0,0.000,0,0
254.914,13859826608897719907,0,0,0,0,0,0,0.000,0,0
254.943,13859826608897719907,0,0,0,0,0,0,0.000,0,0
254.957,13859826608897719907,0,0,0,0,0,0,0.000,0,0
254.986,13859826608897719907,0,0,0,0,0,0,0.000,0,0
255.001,13859826608897719907,0,0,0,0,0,0,0.000,0,0
255.016,13859826608897719907,0,0,0,0,0,0,0.000,0,0
255.030,13859826608897719907,0,0,0,0,0,0,0.000,0,0
255.045,13859826608897719907,0,0,0,0,0,0,0.000,0,0
255.074,13859826608897719907,0,0,0,0,0,0,0.000,0,0
255.088,13859826608897719907,0,0,0,0,0,0,0.000,0,0
255.102,13859826608897719907,0,0,0,0,0,0,0.000,0,0
255.116,13859826608897719907,0,0,0,0,0,0,0.000,0,0
255.130,13859826608897719907,0,0,0,0,0,0,0.000,0,0
255.144,13859826608897719907,0,0,0,0,0,0,0.000,0,0
255.171,13859826608897719907,0,0,0,0,0,0,0.000,0,0
255.185,13859826608897719907,0,0,0,0,0,0,0.000,0,0
255.199,13859826608897719907,0,0,0,0,0,0,0.000,0,0
255.213,13859826608897719907,0,0,0,0,0,0,0.000,0,0
255.226,13859826608897719907,0,0,0,0,0,0,0.000,0,0
255.254,13859826608897719907,0,0,0,0,0,0,0.000,0,0
255.268,13859826608897719907,0,0,0,0,0,0,0.000,0,0
255.282,13859826608897719907,0,0,0,0,0,0,0.000,0,0
255.296,13859826608897719907,0,0,0,0,0,0,0.000,0,0
255.323,13859826608897719907,0,0,0,0,0,0,0.000,0,0
255.337,13859826608897719907,0,0,0,0,0,0,0.000,0,0
255.350,13859826608897719907,0,0,0,0,0,0,0.000,0,0
255.364,13859826608897719907,0,0,0,0,0,0,0.000,0,0
255.390,13859826608897719907,0,0,0,0,0,0,0.000,0,0
255.404,13859826608897719907,0,0,0,0,0,0,0.000,0,0
255.417,13859826608897719907,0,0,0,0,0,0,0.000,0,0
255.430,13859826608897719907,0,0,0,0,0,0,0.000,0,0
255.457,13859826608897719907,0,0,0,0,0,0,0.000,0,0
255.470,13859826608897719907,0,0,0,0,0,0,0.000,0,0
255.484,13859826608897719907,0,0,0,0,0,0,0.000,0,0
255.497,13859826608897719907,0,0,0,0,0,0,0.000,0,0
255.524,13859826608897719907,0,0,0,0,0,0,0.000,0,0
255.537,13859826608897719907,0,0,0,0,0,0,0.000,0,0
255.551,13859826608897719907,0,0,0,0,0,0,0.000,0,0
255.565,13859826608897719907,0,0,0,0,0,0,0.000,0,0
255.578,13859826608897719907,0,0,0,0,0,0,0.000,0,0
255.592,13859826608897719907,0,0,0,0,0,0,0.000,0,0
255.619,13859826608897719907,0,0,0,0,0,0,0.000,0,0
255.646,13859826608897719907,0,0,0,0,0,0,0.000,0,0
255.674,13859826608897719907,0,0,0,0,0,0,0.000,0,0
255.687,13859826608897719907,0,0,0,0,0,0,0.000,0,0
255.701,13859826608897719907,0,0,0,0,0,0,0.000,0,0
255.715,13859826608897719907,0,0,0,0,0,0,0.000,0,0
255.742,13859826608897719907,0,0,0,0,0,0,0.000,0,0
255.770,13859826608897719907,0,0,0,0,0,0,0.000,0,0
255.784,13859826608897719907,0,0,0,0,0,0,0.000,0,0
255.797,13859826608897719907,0,0,0,0,0,0,0.000,0,0
255.824,13859826608897719907,0,0,0,0,0,0,0.000,0,0
255.837,13859826608897719907,0,0,0,0,0,0,0.000,0,0
255.851,13859826608897719907,0,0,0,0,0,0,0.000,0,0
255.864,13859826608897719907,0,0,0,0,0,0,0.000,0,0
255.891,13859826608897719907,0,0,0,0,0,0,0.000,0,0
255.904,13859826608897719907,0,0,0,0,0,0,0.000,0,0
255.918,13859826608897719907,0,0,0,0,0,0,0.000,0,0
255.945,13859826608897719907,0,0,0,0,0,0,0.000,0,0
255.972,13859826608897719907,0,0,0,0,0,0,0.000,0,0
255.986,13859826608897719907,0,0,0,0,0,0,0.000,0,0
255.999,13859826608897719907,0,0,0,0,0,0,0.000,0,0
256.013,13859826608897719907,0,0,0,0,0,0,0.000,0,0
256.027,13859826608897719907,0,0,0,0,0,0,0.000,0,0
256.055,13859826608897719907,0,0,0,0,0,0,0.000,0,0
256.069,13859826608897719907,0,0,0,0,0,0,0.000,0,0
256.083,13859826608897719907,0,0,0,0,0,0,0.000,0,0
256.098,13859826608897719907,0,0,0,0,0,0,0.000,0,0
256.112,13859826608897719907,0,0,0,0,0,0,0.000,0,0
256.126,13859826608897719907,0,0,0,0,0,0,0.000,0,0
256.154,13859826608897719907,0,0,0,0,0,0,0.000,0,0
256.168,13859826608897719907,0,0,0,0,0,0,0.000,0,0
256.182,13859826608897719907,0,0,0,0,0,0,0.000,0,0
256.196,13859826608897719907,0,0,0,0,0,0,0.000,0,0
256.210,13859826608897719907,0,0,0,0,0,0,0.000,0,0
256.224,13859826608897719907,0,0,0,0,0,0,0.000,0,0
256.253,13859826608897719907,0,0,0,0,0,0,0.000,0,0
256.267,13859826608897719907,0,0,0,0,0,0,0.000,0,0
256.281,13859826608897719907,0,0,0,0,0,0,0.000,0,0
256.294,13859826608897719907,0,0,0,0,0,0,0.000,0,0
256.322,13859826608897719907,0,0,0,0,0,0,0.000,0,0
256.337,13859826608897719907,0,0,0,0,0,0,0.000,0,0
256.369,13859826608897719907,0,0,0,0,0,0,0.000,0,0
256.385,13859826608897719907,0,0,0,0,0,0,0.000,0,0
256.401,13859826608897719907,0,0,0,0,0,0,0.000,0,0
256.417,13859826608897719907,0,0,0,0,0,0,0.000,0,0
256.433,13859826608897719907,0,0,0,0,0,0,0.000,0,0
256.448,13859826608897719907,0,0,0,0,0,0,0.000,0,0
256.462,13859826608897719907,0,0,0,0,0,0,0.000,0,0
256.476,13859826608897719907,0,0,0,0,0,0,0.000,0,0
256.504,13859826608897719907,0,0,0,0,0,0,0.000,0,0
256.518,13859826608897719907,0,0,0,0,0,0,0.000,0,0
256.533,13859826608897719907,0,0,0,0,0,0,0.000,0,0
256.547,13859826608897719907,0,0,0,0,0,0,0.000,0,0
256.561,13859826608897719907,0,0,0,0,0,0,0.000,0,0
256.589,13859826608897719907,0,0,0,0,0,0,0.000,0,0
256.603,13859826608897719907,0,0,0,0,0,0,0.000,0,0
256.617,13859826608897719907,0,0,0,0,0,0,0.000,0,0
256.631,13859826608897719907,0,0,0,0,0,0,0.000,0,0
256.645,13859826608897719907,0,0,0,0,0,0,0.000,0,0
256.687,13859826608897719907,0,0,0,0,0,0,0.000,0,0
256.701,13859826608897719907,0,0,0,0,0,0,0.000,0,0
256.715,13859826608897719907,0,0,0,0,0,0,0.000,0,0
256.743,13859826608897719907,0,0,0,0,0,0,0.000,0,0
256.757,13859826608897719907,0,0,0,0,0,0,0.000,0,0
256.770,13859826608897719907,0,0,0,0,0,0,0.000,0,0
256.784,13859826608897719907,0,0,0,0,0,0,0.000,0,0
256.798,13859826608897719907,0,0,0,0,0,0,0.000,0,0
256.811,13859826608897719907,0,0,0,0,0,0,0.000,0,0
256.839,13859826608897719907,0,0,0,0,0,0,0.000,0,0
256.853,13859826608897719907,0,0,0,0,0,0,0.000,0,0
256.867,13859826608897719907,0,0,0,0,0,0,0.000,0,0
256.881,13859826608897719907,0,0,0,0,0,0,0.000,0,0
256.895,13859826608897719907,0,0,0,0,0,0,0.000,0,0
256.910,13859826608897719907,0,0,0,0,0,0,0.000,0,0
256.938,13859826608897719907,0,0,0,0,0,0,0.000,0,0
256.952,13859826608897719907,0,0,0,0,0,0,0.000,0,0
256.966,13859826608897719907,0,0,0,0,0,0,0.000,0,0
256.980,13859826608897719907,0,0,0,0,0,0,0.000,0,0
257.008,13859826608897719907,0,0,0,0,0,0,0.000,0,0
257.022,13859826608897719907,0,0,0,0,0,0,0.000,0,0
257.035,13859826608897719907,0,0,0,0,0,0,0.000,0,0
257.049,13859826608897719907,0,0,0,0,0,0,0.000,0,0
257.063,13859826608897719907,0,0,0,0,0,0,0.000,0,0
257.077,13859826608897719907,0,0,0,0,0,0,0.000,0,0
257.105,13859826608897719907,0,0,0,0,0,0,0.000,0,0
257.119,13859826608897719907,0,0,0,0,0,0,0.000,0,0
257.134,13859826608897719907,0,0,0,0,0,0,0.000,0,0
257.148,13859826608897719907,0,0,0,0,0,0,0.000,0,0
257.162,13859826608897719907,0,0,0,0,0,0,0.000,0,0
257.177,13859826608897719907,0,0,0,0,0,0,0.000,0,0
257.191,13859826608897719907,0,0,0,0,0,0,0.000,0,0
257.221,13859826608897719907,0,0,0,0,0,0,0.000,0,0
257.235,13859826608897719907,0,0,0,0,0,0,0.000,0,0
257.250,13859826608897719907,0,0,0,0,0,0,0.000,0,0
257.265,13859826608897719907,0,0,0,0,0,0,0.000,0,0
257.279,13859826608897719907,0,0,0,0,0,0,0.000,0,0
257.294,13859826608897719907,0,0,0,0,0,0,0.000,0,0
257.309,13859826608897719907,0,0,0,0,0,0,0.000,0,0
257.338,13859826608897719907,0,0,0,0,0,0,0.000,0,0
257.353,13859826608897719907,0,0,0,0,0,0,0.000,0,0
257.367,13859826608897719907,0,0,0,0,0,0,0.000,0,0
257.382,13859826608897719907,0,0,0,0,0,0,0.000,0,0
257.396,13859826608897719907,0,0,0,0,0,0,0.000,0,0
257.411,13859826608897719907,0,0,0,0,0,0,0.000,0,0
257.426,13859826608897719907,0,0,0,0,0,0,0.000,0,0
257.454,13859826608897719907,0,0,0,0,0,0,0.000,0,0
257.469,13859826608897719907,0,0,0,0,0,0,0.000,0,0
257.483,13859826608897719907,0,0,0,0,0,0,0.000,0,0
257.498,13859826608897719907,0,0,0,0,0,0,0.000,0,0
257.512,13859826608897719907,0,0,0,0,0,0,0.000,0,0
257.526,13859826608897719907,0,0,0,0,0,0,0.000,0,0
257.556,13859826608897719907,0,0,0,0,0,0,0.000,0,0
257.570,13859826608897719907,0,0,0,0,0,0,0.000,0,0
257.585,13859826608897719907,0,0,0,0,0,0,0.000,0,0
257.599,13859826608897719907,0,0,0,0,0,0,0.000,0,0
257.614,13859826608897719907,0,0,0,0,0,0,0.000,0,0
257.629,13859826608897719907,0,0,0,0,0,0,0.000,0,0
257.643,13859826608897719907,0,0,0,0,0,0,0.000,0,0
257.658,13859826608897719907,0,0,0,0,0,0,0.000,0,0
257.687,13859826608897719907,0,0,0,0,0,0,0.000,0,0
257.702,13859826608897719907,0,0,0,0,0,0,0.000,0,0
257.717,13859826608897719907,0,0,0,0,0,0,0.000,0,0
257.732,13859826608897719907,0,0,0,0,0,0,0.000,0,0
257.746,13859826608897719907,0,0,0,0,0,0,0.000,0,0
257.761,13859826608897719907,0,0,0,0,0,0,0.000,0,0
257.776,13859826608897719907,0,0,0,0,0,0,0.000,0,0
257.791,13859826608897719907,0,0,0,0,0,0,0.000,0,0
257.820,13859826608897719907,0,0,0,0,0,0,0.000,0,0
257.835,13859826608897719907,0,0,0,0,0,0,0.000,0,0
257.849,13859826608897719907,0,0,0,0,0,0,0.000,0,0
257.864,13859826608897719907,0,0,0,0,0,0,0.000,0,0
257.879,13859826608897719907,0,0,0,0,0,0,0.000,0,0
257.894,13859826608897719907,0,0,0,0,0,0,0.000,0,0
257.909,13859826608897719907,0,0,0,0,0,0,0.000,0,0
257.924,13859826608897719907,0,0,0,0,0,0,0.000,0,0
257.953,13859826608897719907,0,0,0,0,0,0,0.000,0,0
257.968,13859826608897719907,0,0,0,0,0,0,0.000,0,0
257.982,13859826608897719907,0,0,0,0,0,0,0.000,0,0
257.997,13859826608897719907,0,0,0,0,0,0,0.000,0,0
258.012,13859826608897719907,0,0,0,0,0,0,0.000,0,0
258.027,13859826608897719907,0,0,0,0,0,0,0.000,0,0
258.056,13859826608897719907,0,0,0,0,0,0,0.000,0,0
258.070,13859826608897719907,0,0,0,0,0,0,0.000,0,0
258.085,13859826608897719907,0,0,0,0,0,0,0.000,0,0
258.099,13859826608897719907,0,0,0,0,0,0,0.000,0,0
258.113,13859826608897719907,0,0,0,0,0,0,0.000,0,0
258.128,13859826608897719907,0,0,0,0,0,0,0.000,0,0
258.142,13859826608897719907,0,0,0,0,0,0,0.000,0,0
258.171,13859826608897719907,0,0,0,0,0,0,0.000,0,0
258.185,13859826608897719907,0,0,0,0,0,0,0.000,0,0
258.200,13859826608897719907,0,0,0,0,0,0,0.000,0,0
258.214,13859826608897719907,0,0,0,0,0,0,0.000,0,0
258.229,13859826608897719907,0,0,0,0,0,0,0.000,0,0
258.243,13859826608897719907,0,0,0,0,0,0,0.000,0,0
258.258,13859826608897719907,0,0,0,0,0,0,0.000,0,0
258.273,13859826608897719907,0,0,0,0,0,0,0.000,0,0
258.288,13859826608897719907,0,0,0,0,0,0,0.000,0,0
258.303,13859826608897719907,0,0,0,0,0,0,0.000,0,0
258.334,13859826608897719907,0,0,0,0,0,0,0.000,0,0
258.352,13859826608897719907,0,0,0,0,0,0,0.000,0,0
258.370,13859826608897719907,0,0,0,0,0,0,0.000,0,0
258.389,13859826608897719907,0,0,0,0,0,0,0.000,0,0
258.407,13859826608897719907,0,0,0,0,0,0,0.000,0,0
258.425,13859826608897719907,0,0,0,0,0,0,0.000,0,0
258.444,13859826608897719907,0,0,0,0,0,0,0.000,0,0
258.462,13859826608897719907,0,0,0,0,0,0,0.000,0,0
258.477,13859826608897719907,0,0,0,0,0,0,0.000,0,0
258.494,13859826608897719907,0,0,0,0,0,0,0.000,0,0
258.509,13859826608897719907,0,0,0,0,0,0,0.000,0,0
258.524,13859826608897719907,0,0,0,0,0,0,0.000,0,0
258.539,13859826608897719907,0,0,0,0,0,0,0.000,0,0
258.555,13859826608897719907,0,0,0,0,0,0,0.000,0,0
258.570,13859826608897719907,0,0,0,0,0,0,0.000,0,0
258.586,13859826608897719907,0,0,0,0,0,0,0.000,0,0
258.601,13859826608897719907,0,0,0,0,0,0,0.000,0,0
258.616,13859826608897719907,0,0,0,0,0,0,0.000,0,0
258.632,13859826608897719907,0,0,0,0,0,0,0.000,0,0
258.647,13859826608897719907,0,0,0,0,0,0,0.000,0,0
258.663,13859826608897719907,0,0,0,0,0,0,0.000,0,0
258.678,13859826608897719907,0,0,0,0,0,0,0.000,0,0
258.693,13859826608897719907,0,0,0,0,0,0,0.000,0,0
258.709,13859826608897719907,0,0,0,0,0,0,0.000,0,0
258.724,13859826608897719907,0,0,0,0,0,0,0.000,0,0
258.740,13859826608897719907,0,0,0,0,0,0,0.000,0,0
258.755,13859826608897719907,0,0,0,0,0,0,0.000,0,0
258.785,13859826608897719907,0,0,0,0,0,0,0.000,0,0
258.800,13859826608897719907,0,0,0,0,0,0,0.000,0,0
258.815,13859826608897719907,0,0,0,0,0,0,0.000,0,0
258.830,13859826608897719907,0,0,0,0,0,0,0.000,0,0
258.845,13859826608897719907,0,0,0,0,0,0,0.000,0,0
258.860,13859826608897719907,0,0,0,0,0,0,0.000,0,0
258.876,13859826608897719907,0,0,0,0,0,0,0.000,0,0
258.891,13859826608897719907,0,0,0,0,0,0,0.000,0,0
258.907,13859826608897719907,0,0,0,0,0,0,0.000,0,0
258.952,13859826608897719907,0,0,0,0,0,0,0.000,0,0
258.968,13859826608897719907,0,0,0,0,0,0,0.000,0,0
258.983,13859826608897719907,0,0,0,0,0,0,0.000,0,0
258.998,13859826608897719907,0,0,0,0,0,0,0.000,0,0
259.013,13859826608897719907,0,0,0,0,0,0,0.000,0,0
259.029,13859826608897719907,0,0,0,0,0,0,0.000,0,0
259.044,13859826608897719907,0,0,0,0,0,0,0.000,0,0
259.060,13859826608897719907,0,0,0,0,0,0,0.000,0,0
259.075,13859826608897719907,0,0,0,0,0,0,0.000,0,0
259.090,13859826608897719907,0,0,0,0,0,0,0.000,0,0
259.106,13859826608897719907,0,0,0,0,0,0,0.000,0,0
259.136,13859826608897719907,0,0,0,0,0,0,0.000,0,0
259.151,13859826608897719907,0,0,0,0,0,0,0.000,0,0
259.166,13859826608897719907,0,0,0,0,0,0,0.000,0,0
259.180,13859826608897719907,0,0,0,0,0,0,0.000,0,0
259.241,13859826608897719907,0,0,0,0,0,0,0.000,0,0
259.300,13859826608897719907,0,0,0,0,0,0,0.000,0,0
259.315,13859826608897719907,0,0,0,0,0,0,0.000,0,0
259.343,13859826608897719907,0,0,0,0,0,0,0.000,0,0
259.372,13859826608897719907,0,0,0,0,0,0,0.000,0,0
259.401,13859826608897719907,0,0,0,0,0,0,0.000,0,0
259.415,13859826608897719907,0,0,0,0,0,0,0.000,0,0
259.430,13859826608897719907,0,0,0,0,0,0,0.000,0,0
259.444,13859826608897719907,0,0,0,0,0,0,0.000,0,0
259.459,13859826608897719907,0,0,0,0,0,0,0.000,0,0
259.474,13859826608897719907,0,0,0,0,0,0,0.000,0,0
259.502,13859826608897719907,0,0,0,0,0,0,0.000,0,0
259.517,13859826608897719907,0,0,0,0,0,0,0.000,0,0
259.531,13859826608897719907,0,0,0,0,0,0,0.000,0,0
259.546,13859826608897719907,0,0,0,0,0,0,0.000,0,0
259.560,13859826608897719907,0,0,0,0,0,0,0.000,0,0
259.589,13859826608897719907,0,0,0,0,0,0,0.000,0,0
259.603,13859826608897719907,0,0,0,0,0,0,0.000,0,0
259.618,13859826608897719907,0,0,0,0,0,0,0.000,0,0
259.632,13859826608897719907,0,0,0,0,0,0,0.000,0,0
259.647,13859826608897719907,0,0,0,0,0,0,0.000,0,0
259.661,13859826608897719907,0,0,0,0,0,0,0.000,0,0
259.689,13859826608897719907,0,0,0,0,0,0,0.000,0,0
259.704,13859826608897719907,0,0,0,0,0,0,0.000,0,0
259.718,13859826608897719907,0,0,0,0,0,0,0.000,0,0
259.732,13859826608897719907,0,0,0,0,0,0,0.000,0,0
259.746,13859826608897719907,0,0,0,0,0,0,0.000,0,0
259.760,13859826608897719907,0,0,0,0,0,0,0.000,0,0
259.789,13859826608897719907,0,0,0,0,0,0,0.000,0,0
259.804,13859826608897719907,0,0,0,0,0,0,0.000,0,0
259.818,13859826608897719907,0,0,0,0,0,0,0.000,0,0
259.833,13859826608897719907,0,0,0,0,0,0,0.000,0,0
259.847,13859826608897719907,0,0,0,0,0,0,0.000,0,0
259.862,13859826608897719907,0,0,0,0,0,0,0.000,0,0
259.876,13859826608897719907,0,0,0,0,0,0,0.000,0,0
259.905,13859826608897719907,0,0,0,0,0,0,0.000,0,0
259.920,13859826608897719907,0,0,0,0,0,0,0.000,0,0
259.934,13859826608897719907,0,0,0,0,0,0,0.000,0,0
259.948,13859826608897719907,0,0,0,0,0,0,0.000,0,0
259.962,13859826608897719907,0,0,0,0,0,0,0.000,0,0
259.977,13859826608897719907,0,0,0,0,0,0,0.000,0,0
260.006,13859826608897719907,0,0,0,0,0,0,0.000,0,0
260.020,13859826608897719907,0,0,0,0,0,0,0.000,0,0
260.034,13859826608897719907,0,0,0,0,0,0,0.000,0,0
260.049,13859826608897719907,0,0,0,0,0,0,0.000,0,0
260.063,13859826608897719907,0,0,0,0,0,0,0.000,0,0
260.078,13859826608897719907,0,0,0,0,0,0,0.000,0,0
260.107,13859826608897719907,0,0,0,0,0,0,0.000,0,0
260.121,13859826608897719907,0,0,0,0,0,0,0.000,0,0
260.135,13859826608897719907,0,0,0,0,0,0,0.000,0,0
260.150,13859826608897719907,0,0,0,0,0,0,0.000,0,0
260.164,13859826608897719907,0,0,0,0,0,0,0.000,0,0
260.179,13859826608897719907,0,0,0,0,0,0,0.000,0,0
260.193,13859826608897719907,0,0,0,0,0,0,0.000,0,0
260.222,13859826608897719907,0,0,0,0,0,0,0.000,0,0
260.236,13859826608897719907,0,0,0,0,0,0,0.000,0,0
260.250,13859826608897719907,0,0,0,0,0,0,0.000,0,0
260.265,13859826608897719907,0,0,0,0,0,0,0.000,0,0
260.279,13859826608897719907,0,0,0,0,0,0,0.000,0,0
260.293,13859826608897719907,0,0,0,0,0,0,0.000,0,0
260.322,13859826608897719907,0,0,0,0,0,0,0.000,0,0
260.337,13859826608897719907,0,0,0,0,0,0,0.000,0,0
260.351,13859826608897719907,0,0,0,0,0,0,0.000,0,0
260.365,13859826608897719907,0,0,0,0,0,0,0.000,0,0
260.380,13859826608897719907,0,0,0,0,0,0,0.000,0,0
260.394,13859826608897719907,0,0,0,0,0,0,0.000,0,0
260.423,13859826608897719907,0,0,0,0,0,0,0.000,0,0
260.437,13859826608897719907,0,0,0,0,0,0,0.000,0,0
260.452,13859826608897719907,0,0,0,0,0,0,0.000,0,0
260.466,13859826608897719907,0,0,0,0,0,0,0.000,0,0
260.480,13859826608897719907,0,0,0,0,0,0,0.000,0,0
260.495,13859826608897719907,0,0,0,0,0,0,0.000,0,0
260.509,13859826608897719907,0,0,0,0,0,0,0.000,0,0
260.538,13859826608897719907,0,0,0,0,0,0,0.000,0,0
260.552,13859826608897719907,0,0,0,0,0,0,0.000,0,0
260.566,13859826608897719907,0,0,0,0,0,0,0.000,0,0
260.580,13859826608897719907,0,0,0,0,0,0,0.000,0,0
260.595,13859826608897719907,0,0,0,0,0,0,0.000,0,0
260.609,13859826608897719907,0,0,0,0,0,0,0.000,0,0
260.637,13859826608897719907,0,0,0,0,0,0,0.000,0,0
260.652,13859826608897719907,0,0,0,0,0,0,0.000,0,0
260.666,13859826608897719907,0,0,0,0,0,0,0.000,0,0
260.680,13859826608897719907,0,0,0,0,0,0,0.000,0,0
260.695,13859826608897719907,0,0,0,0,0,0,0.000,0,0
260.709,13859826608897719907,0,0,0,0,0,0,0.000,0,0
260.737,13859826608897719907,0,0,0,0,0,0,0.000,0,0
260.751,13859826608897719907,0,0,0,0,0,0,0.000,0,0
260.765,13859826608897719907,0,0,0,0,0,0,0.000,0,0
260.779,13859826608897719907,0,0,0,0,0,0,0.000,0,0
260.807,13859826608897719907,0,0,0,0,0,0,0.000,0,0
260.821,13859826608897719907,0,0,0,0,0,0,0.000,0,0
260.835,13859826608897719907,0,0,0,0,0,0,0.000,0,0
260.850,13859826608897719907,0,0,0,0,0,0,0.000,0,0
260.864,13859826608897719907,0,0,0,0,0,0,0.000,0,0
260.878,13859826608897719907,0,0,0,0,0,0,0.000,0,0
260.907,13859826608897719907,0,0,0,0,0,0,0.000,0,0
260.921,13859826608897719907,0,0,0,0,0,0,0.000,0,0
260.935,13859826608897719907,0,0,0,0,0,0,0.000,0,0
260.950,13859826608897719907,0,0,0,0,0,0,0.000,0,0
260.964,13859826608897719907,0,0,0,0,0,0,0.000,0,0
260.978,13859826608897719907,0,0,0,0,0,0,0.000,0,0
260.993,13859826608897719907,0,0,0,0,0,0,0.000,0,0
261.022,13859826608897719907,0,0,0,0,0,0,0.000,0,0
261.036,13859826608897719907,0,0,0,0,0,0,0.000,0,0
261.050,13859826608897719907,0,0,0,0,0,0,0.000,0,0
261.064,13859826608897719907,0,0,0,0,0,0,0.000,0,0
261.078,13859826608897719907,0,0,0,0,0,0,0.000,0,0
261.106,13859826608897719907,0,0,0,0,0,0,0.000,0,0
261.120,13859826608897719907,0,0,0,0,0,0,0.000,0,0
261.134,13859826608897719907,0,0,0,0,0,0,0.000,0,0
261.148,13859826608897719907,0,0,0,0,0,0,0.000,0,0
261.162,13859826608897719907,0,0,0,0,0,0,0.000,0,0
261.190,13859826608897719907,0,0,0,0,0,0,0.000,0,0
261.204,13859826608897719907,0,0,0,0,0,0,0.000,0,0
261.219,13859826608897719907,0,0,0,0,0,0,0.000,0,0
261.233,13859826608897719907,0,0,0,0,0,0,0.000,0,0
261.247,13859826608897719907,0,0,0,0,0,0,0.000,0,0
261.261,13859826608897719907,0,0,0,0,0,0,0.000,0,0
261.275,13859826608897719907,0,0,0,0,0,0,0.000,0,0
261.303,13859826608897719907,0,0,0,0,0,0,0.000,0,0
261.317,13859826608897719907,0,0,0,0,0,0,0.000,0,0
261.331,13859826608897719907,0,0,0,0,0,0,0.000,0,0
261.359,13859826608897719907,0,0,0,0,0,0,0.000,0,0
261.373,13859826608897719907,0,0,0,0,0,0,0.000,0,0
261.387,13859826608897719907,0,0,0,0,0,0,0.000,0,0
261.401,13859826608897719907,0,0,0,0,0,0,0.000,0,0
261.414,13859826608897719907,0,0,0,0,0,0,0.000,0,0
261.428,13859826608897719907,0,0,0,0,0,0,0.000,0,0
261.442,13859826608897719907,0,0,0,0,0,0,0.000,0,0
261.470,13859826608897719907,0,0,0,0,0,0,0.000,0,0
261.484,13859826608897719907,0,0,0,0,0,0,0.000,0,0
261.498,13859826608897719907,0,0,0,0,0,0,0.000,0,0
261.526,13859826608897719907,0,0,0,0,0,0,0.000,0,0
261.540,13859826608897719907,0,0,0,0,0,0,0.000,0,0
261.554,13859826608897719907,0,0,0,0,0,0,0.000,0,0
261.568,13859826608897719907,0,0,0,0,0,0,0.000,0,0
261.582,13859826608897719907,0,0,0,0,0,0,0.000,0,0
261.596,13859826608897719907,0,0,0,0,0,0,0.000,0,0
261.610,13859826608897719907,0,0,0,0,0,0,0.000,0,0
261.639,13859826608897719907,0,0,0,0,0,0,0.000,0,0
261.653,13859826608897719907,0,0,0,0,0,0,0.000,0,0
261.667,13859826608897719907,0,0,0,0,0,0,0.000,0,0
261.681,13859826608897719907,0,0,0,0,0,0,0.000,0,0
261.709,13859826608897719907,0,0,0,0,0,0,0.000,0,0
261.723,13859826608897719907,0,0,0,0,0,0,0.000,0,0
261.737,13859826608897719907,0,0,0,0,0,0,0.000,0,0
261.751,13859826608897719907,0,0,0,0,0,0,0.000,0,0
261.764,13859826608897719907,0,0,0,0,0,0,0.000,0,0
261.778,13859826608897719907,0,0,0,0,0,0,0.000,0,0
261.806,13859826608897719907,0,0,0,0,0,0,0.000,0,0
261.820,13859826608897719907,0,0,0,0,0,0,0.000,0,0
261.834,13859826608897719907,0,0,0,0,0,0,0.000,0,0
261.848,13859826608897719907,0,0,0,0,0,0,0.000,0,0
261.863,13859826608897719907,0,0,0,0,0,0,0.000,0,0
261.877,13859826608897719907,0,0,0,0,0,0,0.000,0,0
261.905,13859826608897719907,0,0,0,0,0,0,0.000,0,0
261.919,13859826608897719907,0,0,0,0,0,0,0.000,0,0
261.934,13859826608897719907,0,0,0,0,0,0,0.000,0,0
261.948,13859826608897719907,0,0,0,0,0,0,0.000,0,0
261.962,13859826608897719907,0,0,0,0,0,0,0.000,0,0
261.977,13859826608897719907,0,0,0,0,0,0,0.000,0,0
262.006,13859826608897719907,0,0,0,0,0,0,0.000,0,0
262.020,13859826608897719907,0,0,0,0,0,0,0.000,0,0
262.035,13859826608897719907,0,0,0,0,0,0,0.000,0,0
262.049,13859826608897719907,0,0,0,0,0,0,0.000,0,0
262.063,13859826608897719907,0,0,0,0,0,0,0.000,0,0
262.078,13859826608897719907,0,0,0,0,0,0,0.000,0,0
262.107,13859826608897719907,0,0,0,0,0,0,0.000,0,0
262.121,13859826608897719907,0,0,0,0,0,0,0.000,0,0
262.135,13859826608897719907,0,0,0,0,0,0,0.000,0,0
262.150,13859826608897719907,0,0,0,0,0,0,0.000,0,0
262.164,13859826608897719907,0,0,0,0,0,0,0.000,0,0
262.178,13859826608897719907,0,0,0,0,0,0,0.000,0,0
262.207,13859826608897719907,0,0,0,0,0,0,0.000,0,0
262.221,13859826608897719907,0,0,0,0,0,0,0.000,0,0
262.235,13859826608897719907,0,0,0,0,0,0,0.000,0,0
262.250,13859826608897719907,0,0,0,0,0,0,0.000,0,0
262.264,13859826608897719907,0,0,0,0,0,0,0.000,0,0
262.278,13859826608897719907,0,0,0,0,0,0,0.000,0,0
262.307,13859826608897719907,0,0,0,0,0,0,0.000,0,0
262.321,13859826608897719907,0,0,0,0,0,0,0.000,0,0
262.335,13859826608897719907,0,0,0,0,0,0,0.000,0,0
262.350,13859826608897719907,0,0,0,0,0,0,0.000,0,0
262.365,13859826608897719907,0,0,0,0,0,0,0.000,0,0
262.380,13859826608897719907,0,0,0,0,0,0,0.000,0,0
262.395,13859826608897719907,0,0,0,0,0,0,0.000,0,0
262.425,13859826608897719907,0,0,0,0,0,0,0.000,0,0
262.440,13859826608897719907,0,0,0,0,0,0,0.000,0,0
262.486,13859826608897719907,0,0,0,0,0,0,0.000,0,0
262.502,13859826608897719907,0,0,0,0,0,0,0.000,0,0
262.517,13859826608897719907,0,0,0,0,0,0,0.000,0,0
262.532,13859826608897719907,0,0,0,0,0,0,0.000,0,0
262.547,13859826608897719907,0,0,0,0,0,0,0.000,0,0
262.575,13859826608897719907,0,0,0,0,0,0,0.000,0,0
262.588,13859826608897719907,0,0,0,0,0,0,0.000,0,0
262.602,13859826608897719907,0,0,0,0,0,0,0.000,0,0
262.616,13859826608897719907,0,0,0,0,0,0,0.000,0,0
262.629,13859826608897719907,0,0,0,0,0,0,0.000,0,0
262.657,13859826608897719907,0,0,0,0,0,0,0.000,0,0
262.670,13859826608897719907,0,0,0,0,0,0,0.000,0,0
262.684,13859826608897719907,0,0,0,0,0,0,0.000,0,0
262.698,13859826608897719907,0,0,0,0,0,0,0.000,0,0
262.725,13859826608897719907,0,0,0,0,0,0,0.000,0,0
262.739,13859826608897719907,0,0,0,0,0,0,0.000,0,0
262.753,13859826608897719907,0,0,0,0,0,0,0.000,0,0
262.767,13859826608897719907,0,0,0,0,0,0,0.000,0,0
262.781,13859826608897719907,0,0,0,0,0,0,0.000,0,0
262.808,13859826608897719907,0,0,0,0,0,0,0.000,0,0
262.822,13859826608897719907,0,0,0,0,0,0,0.000,0,0
262.837,13859826608897719907,0,0,0,0,0,0,0.000,0,0
262.851,13859826608897719907,0,0,0,0,0,0,0.000,0,0
262.865,13859826608897719907,0,0,0,0,0,0,0.000,0,0
262.879,13859826608897719907,0,0,0,0,0,0,0.000,0,0
262.894,13859826608897719907,0,0,0,0,0,0,0.000,0,0
262.923,13859826608897719907,0,0,0,0,0,0,0.000,0,0
262.937,13859826608897719907,0,0,0,0,0,0,0.000,0,0
262.952,13859826608897719907,0,0,0,0,0,0,0.000,0,0
262.981,13859826608897719907,0,0,0,0,0,0,0.000,0,0
262.994,13859826608897719907,0,0,0,0,0,0,0.000,0,0
263.023,13859826608897719907,0,0,0,0,0,0,0.000,0,0
263.037,13859826608897719907,0,0,0,0,0,0,0.000,0,0
263.051,13859826608897719907,0,0,0,0,0,0,0.000,0,0
263.065,13859826608897719907,0,0,0,0,0,0,0.000,0,0
263.080,13859826608897719907,0,0,0,0,0,0,0.000,0,0
263.094,13859826608897719907,0,0,0,0,0,0,0.000,0,0
263.122,13859826608897719907,0,0,0,0,0,0,0.000,0,0
263.136,13859826608897719907,0,0,0,0,0,0,0.000,0,0
263.151,13859826608897719907,0,0,0,0,0,0,0.000,0,0
263.165,13859826608897719907,0,0,0,0,0,0,0.000,0,0
263.179,13859826608897719907,0,0,0,0,0,0,0.000,0,0
263.194,13859826608897719907,0,0,0,0,0,0,0.000,0,0
263.222,13859826608897719907,0,0,0,0,0,0,0.000,0,0
263.236,13859826608897719907,0,0,0,0,0,0,0.000,0,0
263.251,13859826608897719907,0,0,0,0,0,0,0.000,0,0
263.265,13859826608897719907,0,0,0,0,0,0,0.000,0,0
263.279,13859826608897719907,0,0,0,0,0,0,0.000,0,0
263.293,13859826608897719907,0,0,0,0,0,0,0.000,0,0
263.321,13859826608897719907,0,0,0,0,0,0,0.000,0,0
263.335,13859826608897719907,0,0,0,0,0,0,0.000,0,0
263.349,13859826608897719907,0,0,0,0,0,0,0.000,0,0
263.364,13859826608897719907,0,0,0,0,0,0,0.000,0,0
263.378,13859826608897719907,0,0,0,0,0,0,0.000,0,0
263.392,13859826608897719907,0,0,0,0,0,0,0.000,0,0
263.421,13859826608897719907,0,0,0,0,0,0,0.000,0,0
263.435,13859826608897719907,0,0,0,0,0,0,0.000,0,0
263.449,13859826608897719907,0,0,0,0,0,0,0.000,0,0
263.463,13859826608897719907,0,0,0,0,0,0,0.000,0,0
263.477,13859826608897719907,0,0,0,0,0,0,0.000,0,0
263.492,13859826608897719907,0,0,0,0,0,0,0.000,0,0
263.520,13859826608897719907,0,0,0,0,0,0,0.000,0,0
263.549,13859826608897719907,0,0,0,0,0,0,0.000,0,0
263.578,13859826608897719907,0,0,0,0,0,0,0.000,0,0
263.606,13859826608897719907,0,0,0,0,0,0,0.000,0,0
263.620,13859826608897719907,0,0,0,0,0,0,0.000,0,0
263.635,13859826608897719907,0,0,0,0,0,0,0.000,0,0
263.649,13859826608897719907,0,0,0,0,0,0,0.000,0,0
263.663,13859826608897719907,0,0,0,0,0,0,0.000,0,0
263.678,13859826608897719907,0,0,0,0,0,0,0.000,0,0
263.707,13859826608897719907,0,0,0,0,0,0,0.000,0,0
263.721,13859826608897719907,0,0,0,0,0,0,0.000,0,0
263.736,13859826608897719907,0,0,0,0,0,0,0.000,0,0
263.750,13859826608897719907,0,0,0,0,0,0,0.000,0,0
263.764,13859826608897719907,0,0,0,0,0,0,0.000,0,0
263.779,13859826608897719907,0,0,0,0,0,0,0.000,0,0
263.793,13859826608897719907,0,0,0,0,0,0,0.000,0,0
263.822,13859826608897719907,0,0,0,0,0,0,0.000,0,0
263.836,13859826608897719907,0,0,0,0,0,0,0.000,0,0
263.850,13859826608897719907,0,0,0,0,0,0,0.000,0,0
263.865,13859826608897719907,0,0,0,0,0,0,0.000,0,0
263.879,13859826608897719907,0,0,0,0,0,0,0.000,0,0
263.907,13859826608897719907,0,0,0,0,0,0,0.000,0,0
263.921,13859826608897719907,0,0,0,0,0,0,0.000,0,0
263.935,13859826608897719907,0,0,0,0,0,0,0.000,0,0
263.949,13859826608897719907,0,0,0,0,0,0,0.000,0,0
263.964,13859826608897719907,0,0,0,0,0,0,0.000,0,0
263.978,13859826608897719907,0,0,0,0,0,0,0.000,0,0
264.006,13859826608897719907,0,0,0,0,0,0,0.000,0,0
264.020,13859826608897719907,0,0,0,0,0,0,0.000,0,0
264.034,13859826608897719907,0,0,0,0,0,0,0.000,0,0
264.048,13859826608897719907,0,0,0,0,0,0,0.000,0,0
264.062,13859826608897719907,0,0,0,0,0,0,0.000,0,0
264.090,13859826608897719907,0,0,0,0,0,0,0.000,0,0
264.105,13859826608897719907,0,0,0,0,0,0,0.000,0,0
264.119,13859826608897719907,0,0,0,0,0,0,0.000,0,0
264.134,13859826608897719907,0,0,0,0,0,0,0.000,0,0
264.148,13859826608897719907,0,0,0,0,0,0,0.000,0,0
264.162,13859826608897719907,0,0,0,0,0,0,0.000,0,0
264.177,13859826608897719907,0,0,0,0,0,0,0.000,0,0
264.192,13859826608897719907,0,0,0,0,0,0,0.000,0,0
264.220,13859826608897719907,0,0,0,0,0,0,0.000,0,0
264.235,13859826608897719907,0,0,0,0,0,0,0.000,0,0
264.249,13859826608897719907,0,0,0,0,0,0,0.000,0,0
264.263,13859826608897719907,0,0,0,0,0,0,0.000,0,0
264.277,13859826608897719907,0,0,0,0,0,0,0.000,0,0
264.305,13859826608897719907,0,0,0,0,0,0,0.000,0,0
264.319,13859826608897719907,0,0,0,0,0,0,0.000,0,0
264.334,13859826608897719907,0,0,0,0,0,0,0.000,0,0
264.348,13859826608897719907,0,0,0,0,0,0,0.000,0,0
264.362,13859826608897719907,0,0,0,0,0,0,0.000,0,0
264.376,13859826608897719907,0,0,0,0,0,0,0.000,0,0
264.405,13859826608897719907,0,0,0,0,0,0,0.000,0,0
264.419,13859826608897719907,0,0,0,0,0,0,0.000,0,0
264.434,13859826608897719907,0,0,0,0,0,0,0.000,0,0
264.448,13859826608897719907,0,0,0,0,0,0,0.000,0,0
264.462,13859826608897719907,0,0,0,0,0,0,0.000,0,0
264.477,13859826608897719907,0,0,0,0,0,0,0.000,0,0
264.505,13859826608897719907,0,0,0,0,0,0,0.000,0,0
264.520,13859826608897719907,0,0,0,0,0,0,0.000,0,0
264.534,13859826608897719907,0,0,0,0,0,0,0.000,0,0
264.549,13859826608897719907,0,0,0,0,0,0,0.000,0,0
264.563,13859826608897719907,0,0,0,0,0,0,0.000,0,0
264.578,13859826608897719907,0,0,0,0,0,0,0.000,0,0
264.593,13859826608897719907,0,0,0,0,0,0,0.000,0,0
264.607,13859826608897719907,0,0,0,0,0,0,0.000,0,0
264.636,13859826608897719907,0,0,0,0,0,0,0.000,0,0
264.651,13859826608897719907,0,0,0,0,0,0,0.000,0,0
264.665,13859826608897719907,0,0,0,0,0,0,0.000,0,0
264.680,13859826608897719907,0,0,0,0,0,0,0.000,0,0
264.694,13859826608897719907,0,0,0,0,0,0,0.000,0,0
264.709,13859826608897719907,0,0,0,0,0,0,0.000,0,0
264.723,13859826608897719907,0,0,0,0,0,0,0.000,0,0
264.752,13859826608897719907,0,0,0,0,0,0,0.000,0,0
264.766,13859826608897719907,0,0,0,0,0,0,0.000,0,0
264.781,13859826608897719907,0,0,0,0,0,0,0.000,0,0
264.795,13859826608897719907,0,0,0,0,0,0,0.000,0,0
264.823,13859826608897719907,0,0,0,0,0,0,0.000,0,0
264.837,13859826608897719907,0,0,0,0,0,0,0.000,0,0
264.851,13859826608897719907,0,0,0,0,0,0,0.000,0,0
264.865,13859826608897719907,0,0,0,0,0,0,0.000,0,0
264.879,13859826608897719907,0,0,0,0,0,0,0.000,0,0
264.893,13859826608897719907,0,0,0,0,0,0,0.000,0,0
264.921,13859826608897719907,0,0,0,0,0,0,0.000,0,0
264.935,13859826608897719907,0,0,0,0,0,0,0.000,0,0
264.949,13859826608897719907,0,0,0,0,0,0,0.000,0,0
264.963,13859826608897719907,0,0,0,0,0,0,0.000,0,0
264.991,13859826608897719907,0,0,0,0,0,0,0.000,0,0
265.005,13859826608897719907,0,0,0,0,0,0,0.000,0,0
265.019,13859826608897719907,0,0,0,0,0,0,0.000,0,0
265.033,13859826608897719907,0,0,0,0,0,0,0.000,0,0
265.047,13859826608897719907,0,0,0,0,0,0,0.000,0,0
265.075,13859826608897719907,0,0,0,0,0,0,0.000,0,0
265.089,13859826608897719907,0,0,0,0,0,0,0.000,0,0
265.103,13859826608897719907,0,0,0,0,0,0,0.000,0,0
265.117,13859826608897719907,0,0,0,0,0,0,0.000,0,0
265.131,13859826608897719907,0,0,0,0,0,0,0.000,0,0
265.145,13859826608897719907,0,0,0,0,0,0,0.000,0,0
265.174,13859826608897719907,0,0,0,0,0,0,0.000,0,0
265.188,13859826608897719907,0,0,0,0,0,0,0.000,0,0
265.202,13859826608897719907,0,0,0,0,0,0,0.000,0,0
265.216,13859826608897719907,0,0,0,0,0,0,0.000,0,0
265.230,13859826608897719907,0,0,0,0,0,0,0.000,0,0
265.244,13859826608897719907,0,0,0,0,0,0,0.000,0,0
265.273,13859826608897719907,0,0,0,0,0,0,0.000,0,0
265.287,13859826608897719907,0,0,0,0,0,0,0.000,0,0
265.302,13859826608897719907,0,0,0,0,0,0,0.000,0,0
265.317,13859826608897719907,0,0,0,0,0,0,0.000,0,0
265.332,13859826608897719907,0,0,0,0,0,0,0.000,0,0
265.347,13859826608897719907,0,0,0,0,0,0,0.000,0,0
265.363,13859826608897719907,0,0,0,0,0,0,0.000,0,0
265.379,13859826608897719907,0,0,0,0,0,0,0.000,0,0
265.394,13859826608897719907,0,0,0,0,0,0,0.000,0,0
265.410,13859826608897719907,0,0,0,0,0,0,0.000,0,0
265.426,13859826608897719907,0,0,0,0,0,0,0.000,0,0
265.441,13859826608897719907,0,0,0,0,0,0,0.000,0,0
265.471,13859826608897719907,0,0,0,0,0,0,0.000,0,0
265.486,13859826608897719907,0,0,0,0,0,0,0.000,0,0
265.502,13859826608897719907,0,0,0,0,0,0,0.000,0,0
265.517,13859826608897719907,0,0,0,0,0,0,0.000,0,0
265.532,13859826608897719907,0,0,0,0,0,0,0.000,0,0
265.548,13859826608897719907,0,0,0,0,0,0,0.000,0,0
265.563,13859826608897719907,0,0,0,0,0,0,0.000,0,0
265.579,13859826608897719907,0,0,0,0,0,0,0.000,0,0
265.594,13859826608897719907,0,0,0,0,0,0,0.000,0,0
265.610,13859826608897719907,0,0,0,0,0,0,0.000,0,0
265.626,13859826608897719907,0,0,0,0,0,0,0.000,0,0
265.641,13859826608897719907,0,0,0,0,0,0,0.000,0,0
265.657,13859826608897719907,0,0,0,0,0,0,0.000,0,0
265.688,13859826608897719907,0,0,0,0,0,0,0.000,0,0
265.703,13859826608897719907,0,0,0,0,0,0,0.000,0,0
265.718,13859826608897719907,0,0,0,0,0,0,0.000,0,0
265.733,13859826608897719907,0,0,0,0,0,0,0.000,0,0
265.748,13859826608897719907,0,0,0,0,0,0,0.000,0,0
265.763,13859826608897719907,0,0,0,0,0,0,0.000,0,0
265.778,13859826608897719907,0,0,0,0,0,0,0.000,0,0
265.793,13859826608897719907,0,0,0,0,0,0,0.000,0,0
265.808,13859826608897719907,0,0,0,0,0,0,0.000,0,0
265.838,13859826608897719907,0,0,0,0,0,0,0.000,0,0
265.853,13859826608897719907,0,0,0,0,0,0,0.000,0,0
265.868,13859826608897719907,0,0,0,0,0,0,0.000,0,0
265.882,13859826608897719907,0,0,0,0,0,0,0.000,0,0
265.897,13859826608897719907,0,0,0,0,0,0,0.000,0,0
265.912,13859826608897719907,0,0,0,0,0,0,0.000,0,0
265.927,13859826608897719907,0,0,0,0,0,0,0.000,0,0
265.942,13859826608897719907,0,0,0,0,0,0,0.000,0,0
265.972,13859826608897719907,0,0,0,0,0,0,0.000,0,0
265.987,13859826608897719907,0,0,0,0,0,0,0.000,0,0
266.001,13859826608897719907,0,0,0,0,0,0,0.000,0,0
266.016,13859826608897719907,0,0,0,0,0,0,0.000,0,0
266.031,13859826608897719907,0,0,0,0,0,0,0.000,0,0
266.046,13859826608897719907,0,0,0,0,0,0,0.000,0,0
266.061,13859826608897719907,0,0,0,0,0,0,0.000,0,0
266.077,13859826608897719907,0,0,0,0,0,0,0.000,0,0
266.092,13859826608897719907,0,0,0,0,0,0,0.000,0,0
266.121,13859826608897719907,0,0,0,0,0,0,0.000,0,0
266.136,13859826608897719907,0,0,0,0,0,0,0.000,0,0
266.151,13859826608897719907,0,0,0,0,0,0,0.000,0,0
266.166,13859826608897719907,0,0,0,0,0,0,0.000,0,0
266.181,13859826608897719907,0,0,0,0,0,0,0.000,0,0
266.195,13859826608897719907,0,0,0,0,0,0,0.000,0,0
266.211,13859826608897719907,0,0,0,0,0,0,0.000,0,0
266.225,13859826608897719907,0,0,0,0,0,0,0.000,0,0
266.240,13859826608897719907,0,0,0,0,0,0,0.000,0,0
266.270,13859826608897719907,0,0,0,0,0,0,0.000,0,0
266.285,13859826608897719907,0,0,0,0,0,0,0.000,0,0
266.300,13859826608897719907,0,0,0,0,0,0,0.000,0,0
266.315,13859826608897719907,0,0,0,0,0,0,0.000,0,0
266.330,13859826608897719907,0,0,0,0,0,0,0.000,0,0
266.345,13859826608897719907,0,0,0,0,0,0,0.000,0,0
266.361,13859826608897719907,0,0,0,0,0,0,0.000,0,0
266.377,13859826608897719907,0,0,0,0,0,0,0.000,0,0
266.407,13859826608897719907,0,0,0,0,0,0,0.000,0,0
266.453,13859826608897719907,0,0,0,0,0,0,0.000,0,0
266.468,13859826608897719907,0,0,0,0,0,0,0.000,0,0
266.482,13859826608897719907,0,0,0,0,0,0,0.000,0,0
266.497,13859826608897719907,0,0,0,0,0,0,0.000,0,0
266.512,13859826608897719907,0,0,0,0,0,0,0.000,0,0
266.528,13859826608897719907,0,0,0,0,0,0,0.000,0,0
266.543,13859826608897719907,0,0,0,0,0,0,0.000,0,0
266.573,13859826608897719907,0,0,0,0,0,0,0.000,0,0
266.588,13859826608897719907,0,0,0,0,0,0,0.000,0,0
266.603,13859826608897719907,0,0,0,0,0,0,0.000,0,0
266.618,13859826608897719907,0,0,0,0,0,0,0.000,0,0
266.633,13859826608897719907,0,0,0,0,0,0,0.000,0,0
266.648,13859826608897719907,0,0,0,0,0,0,0.000,0,0
266.663,13859826608897719907,0,0,0,0,0,0,0.000,0,0
266.678,13859826608897719907,0,0,0,0,0,0,0.000,0,0
266.693,13859826608897719907,0,0,0,0,0,0,0.000,0,0
266.709,13859826608897719907,0,0,0,0,0,0,0.000,0,0
266.724,13859826608897719907,0,0,0,0,0,0,0.000,0,0
266.739,13859826608897719907,0,0,0,0,0,0,0.000,0,0
266.769,13859826608897719907,0,0,0,0,0,0,0.000,0,0
266.784,13859826608897719907,0,0,0,0,0,0,0.000,0,0
266.799,13859826608897719907,0,0,0,0,0,0,0.000,0,0
266.814,13859826608897719907,0,0,0,0,0,0,0.000,0,0
266.829,13859826608897719907,0,0,0,0,0,0,0.000,0,0
266.844,13859826608897719907,0,0,0,0,0,0,0.000,0,0
266.859,13859826608897719907,0,0,0,0,0,0,0.000,0,0
266.874,13859826608897719907,0,0,0,0,0,0,0.000,0,0
266.903,13859826608897719907,0,0,0,0,0,0,0.000,0,0
266.918,13859826608897719907,0,0,0,0,0,0,0.000,0,0
266.934,13859826608897719907,0,0,0,0,0,0,0.000,0,0
266.949,13859826608897719907,0,0,0,0,0,0,0.000,0,0
266.965,13859826608897719907,0,0,0,0,0,0,0.000,0,0
266.980,13859826608897719907,0,0,0,0,0,0,0.000,0,0
266.996,13859826608897719907,0,0,0,0,0,0,0.000,0,0
267.011,13859826608897719907,0,0,0,0,0,0,0.000,0,0
267.026,13859826608897719907,0,0,0,0,0,0,0.000,0,0
267.055,13859826608897719907,0,0,0,0,0,0,0.000,0,0
267.070,13859826608897719907,0,0,0,0,0,0,0.000,0,0
267.085,13859826608897719907,0,0,0,0,0,0,0.000,0,0
267.100,13859826608897719907,0,0,0,0,0,0,0.000,0,0
267.115,13859826608897719907,0,0,0,0,0,0,0.000,0,0
267.129,13859826608897719907,0,0,0,0,0,0,0.000,0,0
267.144,13859826608897719907,0,0,0,0,0,0,0.000,0,0
267.159,13859826608897719907,0,0,0,0,0,0,0.000,0,0
267.174,13859826608897719907,0,0,0,0,0,0,0.000,0,0
267.204,13859826608897719907,0,0,0,0,0,0,0.000,0,0
267.219,13859826608897719907,0,0,0,0,0,0,0.000,0,0
267.234,13859826608897719907,0,0,0,0,0,0,0.000,0,0
267.249,13859826608897719907,0,0,0,0,0,0,0.000,0,0
267.263,13859826608897719907,0,0,0,0,0,0,0.000,0,0
267.278,13859826608897719907,0,0,0,0,0,0,0.000,0,0
267.293,13859826608897719907,0,0,0,0,0,0,0.000,0,0
267.308,13859826608897719907,0,0,0,0,0,0,0.000,0,0
267.322,13859826608897719907,0,0,0,0,0,0,0.000,0,0
267.352,13859826608897719907,0,0,0,0,0,0,0.000,0,0
267.367,13859826608897719907,0,0,0,0,0,0,0.000,0,0
267.382,13859826608897719907,0,0,0,0,0,0,0.000,0,0
267.397,13859826608897719907,0,0,0,0,0,0,0.000,0,0
267.411,13859826608897719907,0,0,0,0,0,0,0.000,0,0
267.426,13859826608897719907,0,0,0,0,0,0,0.000,0,0
267.441,13859826608897719907,0,0,0,0,0,0,0.000,0,0
267.471,13859826608897719907,0,0,0,0,0,0,0.000,0,0
267.486,13859826608897719907,0,0,0,0,0,0,0.000,0,0
267.501,13859826608897719907,0,0,0,0,0,0,0.000,0,0
267.516,13859826608897719907,0,0,0,0,0,0,0.000,0,0
267.531,13859826608897719907,0,0,0,0,0,0,0.000,0,0
267.546,13859826608897719907,0,0,0,0,0,0,0.000,0,0
267.561,13859826608897719907,0,0,0,0,0,0,0.000,0,0
267.576,13859826608897719907,0,0,0,0,0,0,0.000,0,0
267.591,13859826608897719907,0,0,0,0,0,0,0.000,0,0
267.606,13859826608897719907,0,0,0,0,0,0,0.000,0,0
267.636,13859826608897719907,0,0,0,0,0,0,0.000,0,0
267.651,13859826608897719907,0,0,0,0,0,0,0.000,0,0
267.666,13859826608897719907,0,0,0,0,0,0,0.000,0,0
267.681,13859826608897719907,0,0,0,0,0,0,0.000,0,0
267.696,13859826608897719907,0,0,0,0,0,0,0.000,0,0
267.711,13859826608897719907,0,0,0,0,0,0,0.000,0,0
267.726,13859826608897719907,0,0,0,0,0,0,0.000,0,0
267.741,13859826608897719907,0,0,0,0,0,0,0.000,0,0
267.756,13859826608897719907,0,0,0,0,0,0,0.000,0,0
267.771,13859826608897719907,0,0,0,0,0,0,0.000,0,0
267.802,13859826608897719907,0,0,0,0,0,0,0.000,0,0
267.817,13859826608897719907,0,0,0,0,0,0,0.000,0,0
267.832,13859826608897719907,0,0,0,0,0,0,0.000,0,0
267.847,13859826608897719907,0,0,0,0,0,0,0.000,0,0
267.863,13859826608897719907,0,0,0,0,0,0,0.000,0,0
267.878,13859826608897719907,0,0,0,0,0,0,0.000,0,0
267.893,13859826608897719907,0,0,0,0,0,0,0.000,0,0
267.908,13859826608897719907,0,0,0,0,0,0,0.000,0,0
267.938,13859826608897719907,0,0,0,0,0,0,0.000,0,0
267.953,13859826608897719907,0,0,0,0,0,0,0.000,0,0
267.968,13859826608897719907,0,0,0,0,0,0,0.000,0,0
267.983,13859826608897719907,0,0,0,0,0,0,0.000,0,0
267.998,13859826608897719907,0,0,0,0,0,0,0.000,0,0
268.013,13859826608897719907,0,0,0,0,0,0,0.000,0,0
268.027,13859826608897719907,0,0,0,0,0,0,0.000,0,0
268.043,13859826608897719907,0,0,0,0,0,0,0.000,0,0
268.072,13859826608897719907,0,0,0,0,0,0,0.000,0,0
268.087,13859826608897719907,0,0,0,0,0,0,0.000,0,0
268.101,13859826608897719907,0,0,0,0,0,0,0.000,0,0
268.116,13859826608897719907,0,0,0,0,0,0,0.000,0,0
268.131,13859826608897719907,0,0,0,0,0,0,0.000,0,0
268.145,13859826608897719907,0,0,0,0,0,0,0.000,0,0
268.160,13859826608897719907,0,0,0,0,0,0,0.000,0,0
268.175,13859826608897719907,0,0,0,0,0,0,0.000,0,0
268.190,13859826608897719907,0,0,0,0,0,0,0.000,0,0
268.220,13859826608897719907,0,0,0,0,0,0,0.000,0,0
268.235,13859826608897719907,0,0,0,0,0,0,0.000,0,0
268.250,13859826608897719907,0,0,0,0,0,0,0.000,0,0
268.265,13859826608897719907,0,0,0,0,0,0,0.000,0,0
268.280,13859826608897719907,0,0,0,0,0,0,0.000,0,0
268.295,13859826608897719907,0,0,0,0,0,0,0.000,0,0
268.310,13859826608897719907,0,0,0,0,0,0,0.000,0,0
268.325,13859826608897719907,0,0,0,0,0,0,0.000,0,0
268.354,13859826608897719907,0,0,0,0,0,0,0.000,0,0
268.369,13859826608897719907,0,0,0,0,0,0,0.000,0,0
268.384,13859826608897719907,0,0,0,0,0,0,0.000,0,0
268.399,13859826608897719907,0,0,0,0,0,0,0.000,0,0
268.414,13859826608897719907,0,0,0,0,0,0,0.000,0,0
268.428,13859826608897719907,0,0,0,0,0,0,0.000,0,0
268.443,13859826608897719907,0,0,0,0,0,0,0.000,0,0
268.458,13859826608897719907,0,0,0,0,0,0,0.000,0,0
268.473,13859826608897719907,0,0,0,0,0,0,0.000,0,0
268.503,13859826608897719907,0,0,0,0,0,0,0.000,0,0
268.517,13859826608897719907,0,0,0,0,0,0,0.000,0,0
268.532,13859826608897719907,0,0,0,0,0,0,0.000,0,0
268.547,13859826608897719907,0,0,0,0,0,0,0.000,0,0
268.562,13859826608897719907,0,0,0,0,0,0,0.000,0,0
268.577,13859826608897719907,0,0,0,0,0,0,0.000,0,0
268.592,13859826608897719907,0,0,0,0,0,0,0.000,0,0
268.621,13859826608897719907,0,0,0,0,0,0,0.000,0,0
268.636,13859826608897719907,0,0,0,0,0,0,0.000,0,0
268.650,13859826608897719907,0,0,0,0,0,0,0.000,0,0
268.665,13859826608897719907,0,0,0,0,0,0,0.000,0,0
268.680,13859826608897719907,0,0,0,0,0,0,0.000,0,0
268.694,13859826608897719907,0,0,0,0,0,0,0.000,0,0
268.709,13859826608897719907,0,0,0,0,0,0,0.000,0,0
268.739,13859826608897719907,0,0,0,0,0,0,0.000,0,0
268.754,13859826608897719907,0,0,0,0,0,0,0.000,0,0
268.768,13859826608897719907,0,0,0,0,0,0,0.000,0,0
268.783,13859826608897719907,0,0,0,0,0,0,0.000,0,0
268.798,13859826608897719907,0,0,0,0,0,0,0.000,0,0
268.812,13859826608897719907,0,0,0,0,0,0,0.000,0,0
268.827,13859826608897719907,0,0,0,0,0,0,0.000,0,0
268.856,13859826608897719907,0,0,0,0,0,0,0.000,0,0
268.871,13859826608897719907,0,0,0,0,0,0,0.000,0,0
268.886,13859826608897719907,0,0,0,0,0,0,0.000,0,0
268.900,13859826608897719907,0,0,0,0,0,0,0.000,0,0
268.915,13859826608897719907,0,0,0,0,0,0,0.000,0,0
268.929,13859826608897719907,0,0,0,0,0,0,0.000,0,0
268.944,13859826608897719907,0,0,0,0,0,0,0.000,0,0
268.958,13859826608897719907,0,0,0,0,0,0,0.000,0,0
268.987,13859826608897719907,0,0,0,0,0,0,0.000,0,0
269.002,13859826608897719907,0,0,0,0,0,0,0.000,0,0
269.017,13859826608897719907,0,0,0,0,0,0,0.000,0,0
269.031,13859826608897719907,0,0,0,0,0,0,0.000,0,0
269.046,13859826608897719907,0,0,0,0,0,0,0.000,0,0
269.060,13859826608897719907,0,0,0,0,0,0,0.000,0,0
269.089,13859826608897719907,0,0,0,0,0,0,0.000,0,0
269.103,13859826608897719907,0,0,0,0,0,0,0.000,0,0
269.118,13859826608897719907,0,0,0,0,0,0,0.000,0,0
269.132,13859826608897719907,0,0,0,0,0,0,0.000,0,0
269.147,13859826608897719907,0,0,0,0,0,0,0.000,0,0
269.162,13859826608897719907,0,0,0,0,0,0,0.000,0,0
269.176,13859826608897719907,0,0,0,0,0,0,0.000,0,0
269.191,13859826608897719907,0,0,0,0,0,0,0.000,0,0
269.220,13859826608897719907,0,0,0,0,0,0,0.000,0,0
269.234,13859826608897719907,0,0,0,0,0,0,0.000,0,0
269.249,13859826608897719907,0,0,0,0,0,0,0.000,0,0
269.263,13859826608897719907,0,0,0,0,0,0,0.000,0,0
269.277,13859826608897719907,0,0,0,0,0,0,0.000,0,0
269.306,13859826608897719907,0,0,0,0,0,0,0.000,0,0
269.321,13859826608897719907,0,0,0,0,0,0,0.000,0,0
269.335,13859826608897719907,0,0,0,0,0,0,0.000,0,0
269.349,13859826608897719907,0,0,0,0,0,0,0.000,0,0
269.363,13859826608897719907,0,0,0,0,0,0,0.000,0,0
269.378,13859826608897719907,0,0,0,0,0,0,0.000,0,0
269.406,13859826608897719907,0,0,0,0,0,0,0.000,0,0
269.420,13859826608897719907,0,0,0,0,0,0,0.000,0,0
269.435,13859826608897719907,0,0,0,0,0,0,0.000,0,0
269.449,13859826608897719907,0,0,0,0,0,0,0.000,0,0
269.463,13859826608897719907,0,0,0,0,0,0,0.000,0,0
269.477,13859826608897719907,0,0,0,0,0,0,0.000,0,0
269.505,13859826608897719907,0,0,0,0,0,0,0.000,0,0
269.519,13859826608897719907,0,0,0,0,0,0,0.000,0,0
269.533,13859826608897719907,0,0,0,0,0,0,0.000,0,0
269.547,13859826608897719907,0,0,0,0,0,0,0.000,0,0
269.561,13859826608897719907,0,0,0,0,0,0,0.000,0,0
269.575,13859826608897719907,0,0,0,0,0,0,0.000,0,0
269.603,13859826608897719907,0,0,0,0,0,0,0.000,0,0
269.617,13859826608897719907,0,0,0,0,0,0,0.000,0,0
269.631,13859826608897719907,0,0,0,0,0,0,0.000,0,0
269.645,13859826608897719907,0,0,0,0,0,0,0.000,0,0
269.659,13859826608897719907,0,0,0,0,0,0,0.000,0,0
269.687,13859826608897719907,0,0,0,0,0,0,0.000,0,0
269.701,13859826608897719907,0,0,0,0,0,0,0.000,0,0
269.715,13859826608897719907,0,0,0,0,0,0,0.000,0,0
269.729,13859826608897719907,0,0,0,0,0,0,0.000,0,0
269.743,13859826608897719907,0,0,0,0,0,0,0.000,0,0
269.770,13859826608897719907,0,0,0,0,0,0,0.000,0,0
269.784,13859826608897719907,0,0,0,0,0,0,0.000,0,0
269.798,13859826608897719907,0,0,0,0,0,0,0.000,0,0
269.812,13859826608897719907,0,0,0,0,0,0,0.000,0,0
269.826,13859826608897719907,0,0,0,0,0,0,0.000,0,0
269.854,13859826608897719907,0,0,0,0,0,0,0.000,0,0
269.868,13859826608897719907,0,0,0,0,0,0,0.000,0,0
269.881,13859826608897719907,0,0,0,0,0,0,0.000,0,0
269.909,13859826608897719907,0,0,0,0,0,0,0.000,0,0
269.922,13859826608897719907,0,0,0,0,0,0,0.000,0,0
269.936,13859826608897719907,0,0,0,0,0,0,0.000,0,0
269.950,13859826608897719907,0,0,0,0,0,0,0.000,0,0
269.963,13859826608897719907,0,0,0,0,0,0,0.000,0,0
269.977,13859826608897719907,0,0,0,0,0,0,0.000,0,0
270.004,13859826608897719907,0,0,0,0,0,0,0.000,0,0
270.017,13859826608897719907,0,0,0,0,0,0,0.000,0,0
270.031,13859826608897719907,0,0,0,0,0,0,0.000,0,0
270.045,13859826608897719907,0,0,0,0,0,0,0.000,0,0
270.059,13859826608897719907,0,0,0,0,0,0,0.000,0,0
270.087,13859826608897719907,0,0,0,0,0,0,0.000,0,0
270.100,13859826608897719907,0,0,0,0,0,0,0.000,0,0
270.114,13859826608897719907,0,0,0,0,0,0,0.000,0,0
270.141,13859826608897719907,0,0,0,0,0,0,0.000,0,0
270.155,13859826608897719907,0,0,0,0,0,0,0.000,0,0
270.169,13859826608897719907,0,0,0,0,0,0,0.000,0,0
270.183,13859826608897719907,0,0,0,0,0,0,0.000,0,0
270.196,13859826608897719907,0,0,0,0,0,0,0.000,0,0
270.210,13859826608897719907,0,0,0,0,0,0,0.000,0,0
270.224,13859826608897719907,0,0,0,0,0,0,0.000,0,0
270.252,13859826608897719907,0,0,0,0,0,0,0.000,0,0
270.266,13859826608897719907,0,0,0,0,0,0,0.000,0,0
270.280,13859826608897719907,0,0,0,0,0,0,0.000,0,0
270.308,13859826608897719907,0,0,0,0,0,0,0.000,0,0
270.322,13859826608897719907,0,0,0,0,0,0,0.000,0,0
270.336,13859826608897719907,0,0,0,0,0,0,0.000,0,0
270.350,13859826608897719907,0,0,0,0,0,0,0.000,0,0
270.363,13859826608897719907,0,0,0,0,0,0,0.000,0,0
270.377,13859826608897719907,0,0,0,0,0,0,0.000,0,0
270.404,13859826608897719907,0,0,0,0,0,0,0.000,0,0
270.418,13859826608897719907,0,0,0,0,0,0,0.000,0,0
270.432,13859826608897719907,0,0,0,0,0,0,0.000,0,0
270.459,13859826608897719907,0,0,0,0,0,0,0.000,0,0
270.472,13859826608897719907,0,0,0,0,0,0,0.000,0,0
270.485,13859826608897719907,0,0,0,0,0,0,0.000,0,0
270.499,13859826608897719907,0,0,0,0,0,0,0.000,0,0
270.512,13859826608897719907,0,0,0,0,0,0,0.000,0,0
270.526,13859826608897719907,0,0,0,0,0,0,0.000,0,0
270.553,13859826608897719907,0,0,0,0,0,0,0.000,0,0
270.567,13859826608897719907,0,0,0,0,0,0,0.000,0,0
270.581,13859826608897719907,0,0,0,0,0,0,0.000,0,0
270.607,13859826608897719907,0,0,0,0,0,0,0.000,0,0
270.621,13859826608897719907,0,0,0,0,0,0,0.000,0,0
270.635,13859826608897719907,0,0,0,0,0,0,0.000,0,0
270.649,13859826608897719907,0,0,0,0,0,0,0.000,0,0
270.662,13859826608897719907,0,0,0,0,0,0,0.000,0,0
270.689,13859826608897719907,0,0,0,0,0,0,0.000,0,0
270.703,13859826608897719907,0,0,0,0,0,0,0.000,0,0
270.716,13859826608897719907,0,0,0,0,0,0,0.000,0,0
270.730,13859826608897719907,0,0,0,0,0,0,0.000,0,0
270.744,13859826608897719907,0,0,0,0,0,0,0.000,0,0
270.771,13859826608897719907,0,0,0,0,0,0,0.000,0,0
270.785,13859826608897719907,0,0,0,0,0,0,0.000,0,0
270.799,13859826608897719907,0,0,0,0,0,0,0.000,0,0
270.813,13859826608897719907,0,0,0,0,0,0,0.000,0,0
270.827,13859826608897719907,0,0,0,0,0,0,0.000,0,0
270.841,13859826608897719907,0,0,0,0,0,0,0.000,0,0
270.869,13859826608897719907,0,0,0,0,0,0,0.000,0,0
270.883,13859826608897719907,0,0,0,0,0,0,0.000,0,0
270.897,13859826608897719907,0,0,0,0,0,0,0.000,0,0
270.911,13859826608897719907,0,0,0,0,0,0,0.000,0,0
270.939,13859826608897719907,0,0,0,0,0,0,0.000,0,0
270.953,13859826608897719907,0,0,0,0,0,0,0.000,0,0
270.968,13859826608897719907,0,0,0,0,0,0,0.000,0,0
270.982,13859826608897719907,0,0,0,0,0,0,0.000,0,0
270.996,13859826608897719907,0,0,0,0,0,0,0.000,0,0
271.011,13859826608897719907,0,0,0,0,0,0,0.000,0,0
271.025,13859826608897719907,0,0,0,0,0,0,0.000,0,0
271.039,13859826608897719907,0,0,0,0,0,0,0.000,0,0
271.068,13859826608897719907,0,0,0,0,0,0,0.000,0,0
271.082,13859826608897719907,0,0,0,0,0,0,0.000,0,0
271.097,13859826608897719907,0,0,0,0,0,0,0.000,0,0
271.111,13859826608897719907,0,0,0,0,0,0,0.000,0,0
271.139,13859826608897719907,0,0,0,0,0,0,0.000,0,0
271.153,13859826608897719907,0,0,0,0,0,0,0.000,0,0
271.167,13859826608897719907,0,0,0,0,0,0,0.000,0,0
271.181,13859826608897719907,0,0,0,0,0,0,0.000,0,0
271.196,13859826608897719907,0,0,0,0,0,0,0.000,0,0
271.210,13859826608897719907,0,0,0,0,0,0,0.000,0,0
271.238,13859826608897719907,0,0,0,0,0,0,0.000,0,0
271.252,13859826608897719907,0,0,0,0,0,0,0.000,0,0
271.266,13859826608897719907,0,0,0,0,0,0,0.000,0,0
271.280,13859826608897719907,0,0,0,0,0,0,0.000,0,0
271.293,13859826608897719907,0,0,0,0,0,0,0.000,0,0
271.307,13859826608897719907,0,0,0,0,0,0,0.000,0,0
271.335,13859826608897719907,0,0,0,0,0,0,0.000,0,0
271.349,13859826608897719907,0,0,0,0,0,0,0.000,0,0
271.363,13859826608897719907,0,0,0,0,0,0,0.000,0,0
271.377,13859826608897719907,0,0,0,0,0,0,0.000,0,0
271.405,13859826608897719907,0,0,0,0,0,0,0.000,0,0
271.433,13859826608897719907,0,0,0,0,0,0,0.000,0,0
271.447,13859826608897719907,0,0,0,0,0,0,0.000,0,0
271.462,13859826608897719907,0,0,0,0,0,0,0.000,0,0
271.476,13859826608897719907,0,0,0,0,0,0,0.000,0,0
271.491,13859826608897719907,0,0,0,0,0,0,0.000,0,0
271.520,13859826608897719907,0,0,0,0,0,0,0.000,0,0
271.535,13859826608897719907,0,0,0,0,0,0,0.000,0,0
271.549,13859826608897719907,0,0,0,0,0,0,0.000,0,0
271.564,13859826608897719907,0,0,0,0,0,0,0.000,0,0
271.579,13859826608897719907,0,0,0,0,0,0,0.000,0,0
271.594,13859826608897719907,0,0,0,0,0,0,0.000,0,0
271.608,13859826608897719907,0,0,0,0,0,0,0.000,0,0
271.637,13859826608897719907,0,0,0,0,0,0,0.000,0,0
271.652,13859826608897719907,0,0,0,0,0,0,0.000,0,0
271.666,13859826608897719907,0,0,0,0,0,0,0.000,0,0
271.681,13859826608897719907,0,0,0,0,0,0,0.000,0,0
271.695,13859826608897719907,0,0,0,0,0,0,0.000,0,0
271.710,13859826608897719907,0,0,0,0,0,0,0.000,0,0
271.739,13859826608897719907,0,0,0,0,0,0,0.000,0,0
271.754,13859826608897719907,0,0,0,0,0,0,0.000,0,0
271.768,13859826608897719907,0,0,0,0,0,0,0.000,0,0
271.783,13859826608897719907,0,0,0,0,0,0,0.000,0,0
271.798,13859826608897719907,0,0,0,0,0,0,0.000,0,0
271.812,13859826608897719907,0,0,0,0,0,0,0.000,0,0
271.827,13859826608897719907,0,0,0,0,0,0,0.000,0,0
271.842,13859826608897719907,0,0,0,0,0,0,0.000,0,0
271.857,13859826608897719907,0,0,0,0,0,0,0.000,0,0
271.872,13859826608897719907,0,0,0,0,0,0,0.000,0,0
271.902,13859826608897719907,0,0,0,0,0,0,0.000,0,0
271.917,13859826608897719907,0,0,0,0,0,0,0.000,0,0
271.932,13859826608897719907,0,0,0,0,0,0,0.000,0,0
271.947,13859826608897719907,0,0,0,0,0,0,0.000,0,0
271.962,13859826608897719907,0,0,0,0,0,0,0.000,0,0
271.977,13859826608897719907,0,0,0,0,0,0,0.000,0,0
271.992,13859826608897719907,0,0,0,0,0,0,0.000,0,0
272.021,13859826608897719907,0,0,0,0,0,0,0.000,0,0
272.036,13859826608897719907,0,0,0,0,0,0,0.000,0,0
272.050,13859826608897719907,0,0,0,0,0,0,0.000,0,0
272.065,13859826608897719907,0,0,0,0,0,0,0.000,0,0
272.079,13859826608897719907,0,0,0,0,0,0,0.000,0,0
272.094,13859826608897719907,0,0,0,0,0,0,0.000,0,0
272.108,13859826608897719907,0,0,0,0,0,0,0.000,0,0
272.137,13859826608897719907,0,0,0,0,0,0,0.000,0,0
272.152,13859826608897719907,0,0,0,0,0,0,0.000,0,0
272.166,13859826608897719907,0,0,0,0,0,0,0.000,0,0
272.180,13859826608897719907,0,0,0,0,0,0,0.000,0,0
272.195,13859826608897719907,0,0,0,0,0,0,0.000,0,0
272.209,13859826608897719907,0,0,0,0,0,0,0.000,0,0
272.238,13859826608897719907,0,0,0,0,0,0,0.000,0,0
272.252,13859826608897719907,0,0,0,0,0,0,0.000,0,0
272.267,13859826608897719907,0,0,0,0,0,0,0.000,0,0
272.282,13859826608897719907,0,0,0,0,0,0,0.000,0,0
272.297,13859826608897719907,0,0,0,0,0,0,0.000,0,0
272.312,13859826608897719907,0,0,0,0,0,0,0.000,0,0
272.326,13859826608897719907,0,0,0,0,0,0,0.000,0,0
272.341,13859826608897719907,0,0,0,0,0,0,0.000,0,0
272.371,13859826608897719907,0,0,0,0,0,0,0.000,0,0
272.385,13859826608897719907,0,0,0,0,0,0,0.000,0,0
272.400,13859826608897719907,0,0,0,0,0,0,0.000,0,0
272.415,13859826608897719907,0,0,0,0,0,0,0.000,0,0
272.430,13859826608897719907,0,0,0,0,0,0,0.000,0,0
272.444,13859826608897719907,0,0,0,0,0,0,0.000,0,0
272.460,13859826608897719907,0,0,0,0,0,0,0.000,0,0
272.474,13859826608897719907,0,0,0,0,0,0,0.000,0,0
272.504,13859826608897719907,0,0,0,0,0,0,0.000,0,0
272.519,13859826608897719907,0,0,0,0,0,0,0.000,0,0
272.534,13859826608897719907,0,0,0,0,0,0,0.000,0,0
272.549,13859826608897719907,0,0,0,0,0,0,0.000,0,0
272.564,13859826608897719907,0,0,0,0,0,0,0.000,0,0
272.579,13859826608897719907,0,0,0,0,0,0,0.000,0,0
272.594,13859826608897719907,0,0,0,0,0,0,0.000,0,0
272.608,13859826608897719907,0,0,0,0,0,0,0.000,0,0
272.623,13859826608897719907,0,0,0,0,0,0,0.000,0,0
272.653,13859826608897719907,0,0,0,0,0,0,0.000,0,0
272.668,13859826608897719907,0,0,0,0,0,0,0.000,0,0
272.682,13859826608897719907,0,0,0,0,0,0,0.000,0,0
272.697,13859826608897719907,0,0,0,0,0,0,0.000,0,0
272.712,13859826608897719907,0,0,0,0,0,0,0.000,0,0
272.726,13859826608897719907,0,0,0,0,0,0,0.000,0,0
272.741,13859826608897719907,0,0,0,0,0,0,0.000,0,0
272.770,13859826608897719907,0,0,0,0,0,0,0.000,0,0
272.784,13859826608897719907,0,0,0,0,0,0,0.000,0,0
272.799,13859826608897719907,0,0,0,0,0,0,0.000,0,0
272.813,13859826608897719907,0,0,0,0,0,0,0.000,0,0
272.828,13859826608897719907,0,0,0,0,0,0,0.000,0,0
272.856,13859826608897719907,0,0,0,0,0,0,0.000,0,0
272.871,13859826608897719907,0,0,0,0,0,0,0.000,0,0
272.885,13859826608897719907,0,0,0,0,0,0,0.000,0,0
272.900,13859826608897719907,0,0,0,0,0,0,0.000,0,0
272.914,13859826608897719907,0,0,0,0,0,0,0.000,0,0
272.928,13859826608897719907,0,0,0,0,0,0,0.000,0,0
272.943,13859826608897719907,0,0,0,0,0,0,0.000,0,0
272.958,13859826608897719907,0,0,0,0,0,0,0.000,0,0
272.987,13859826608897719907,0,0,0,0,0,0,0.000,0,0
273.002,13859826608897719907,0,0,0,0,0,0,0.000,0,0
273.017,13859826608897719907,0,0,0,0,0,0,0.000,0,0
273.031,13859826608897719907,0,0,0,0,0,0,0.000,0,0
273.046,13859826608897719907,0,0,0,0,0,0,0.000,0,0
273.061,13859826608897719907,0,0,0,0,0,0,0.000,0,0
273.075,13859826608897719907,0,0,0,0,0,0,0.000,0,0
273.090,13859826608897719907,0,0,0,0,0,0,0.000,0,0
273.118,13859826608897719907,0,0,0,0,0,0,0.000,0,0
273.133,13859826608897719907,0,0,0,0,0,0,0.000,0,0
273.147,13859826608897719907,0,0,0,0,0,0,0.000,0,0
273.162,13859826608897719907,0,0,0,0,0,0,0.000,0,0
273.176,13859826608897719907,0,0,0,0,0,0,0.000,0,0
273.190,13859826608897719907,0,0,0,0,0,0,0.000,0,0
273.219,13859826608897719907,0,0,0,0,0,0,0.000,0,0
273.233,13859826608897719907,0,0,0,0,0,0,0.000,0,0
273.248,13859826608897719907,0,0,0,0,0,0,0.000,0,0
273.262,13859826608897719907,0,0,0,0,0,0,0.000,0,0
273.277,13859826608897719907,0,0,0,0,0,0,0.000,0,0
273.291,13859826608897719907,0,0,0,0,0,0,0.000,0,0
273.320,13859826608897719907,0,0,0,0,0,0,0.000,0,0
273.335,13859826608897719907,0,0,0,0,0,0,0.000,0,0
273.349,13859826608897719907,0,0,0,0,0,0,0.000,0,0
273.364,13859826608897719907,0,0,0,0,0,0,0.000,0,0
273.378,13859826608897719907,0,0,0,0,0,0,0.000,0,0
273.393,13859826608897719907,0,0,0,0,0,0,0.000,0,0
273.408,13859826608897719907,0,0,0,0,0,0,0.000,0,0
273.437,13859826608897719907,0,0,0,0,0,0,0.000,0,0
273.451,13859826608897719907,0,0,0,0,0,0,0.000,0,0
273.466,13859826608897719907,0,0,0,0,0,0,0.000,0,0
273.480,13859826608897719907,0,0,0,0,0,0,0.000,0,0
273.495,13859826608897719907,0,0,0,0,0,0,0.000,0,0
273.509,13859826608897719907,0,0,0,0,0,0,0.000,0,0
273.538,13859826608897719907,0,0,0,0,0,0,0.000,0,0
273.553,13859826608897719907,0,0,0,0,0,0,0.000,0,0
273.567,13859826608897719907,0,0,0,0,0,0,0.000,0,0
273.581,13859826608897719907,0,0,0,0,0,0,0.000,0,0
273.596,13859826608897719907,0,0,0,0,0,0,0.000,0,0
273.610,13859826608897719907,0,0,0,0,0,0,0.000,0,0
273.639,13859826608897719907,0,0,0,0,0,0,0.000,0,0
273.654,13859826608897719907,0,0,0,0,0,0,0.000,0,0
273.668,13859826608897719907,0,0,0,0,0,0,0.000,0,0
273.683,13859826608897719907,0,0,0,0,0,0,0.000,0,0
273.697,13859826608897719907,0,0,0,0,0,0,0.000,0,0
273.711,13859826608897719907,0,0,0,0,0,0,0.000,0,0
273.726,13859826608897719907,0,0,0,0,0,0,0.000,0,0
273.755,13859826608897719907,0,0,0,0,0,0,0.000,0,0
273.769,13859826608897719907,0,0,0,0,0,0,0.000,0,0
273.783,13859826608897719907,0,0,0,0,0,0,0.000,0,0
273.798,13859826608897719907,0,0,0,0,0,0,0.000,0,0
273.812,13859826608897719907,0,0,0,0,0,0,0.000,0,0
273.827,13859826608897719907,0,0,0,0,0,0,0.000,0,0
273.841,13859826608897719907,0,0,0,0,0,0,0.000,0,0
273.870,13859826608897719907,0,0,0,0,0,0,0.000,0,0
273.885,13859826608897719907,0,0,0,0,0,0,0.000,0,0
273.899,13859826608897719907,0,0,0,0,0,0,0.000,0,0
273.913,13859826608897719907,0,0,0,0,0,0,0.000,0,0
273.928,13859826608897719907,0,0,0,0,0,0,0.000,0,0
273.943,13859826608897719907,0,0,0,0,0,0,0.000,0,0
273.957,13859826608897719907,0,0,0,0,0,0,0.000,0,0
273.987,13859826608897719907,0,0,0,0,0,0,0.000,0,0
274.002,13859826608897719907,0,0,0,0,0,0,0.000,0,0
274.016,13859826608897719907,0,0,0,0,0,0,0.000,0,0
274.031,13859826608897719907,0,0,0,0,0,0,0.000,0,0
274.046,13859826608897719907,0,0,0,0,0,0,0.000,0,0
274.060,13859826608897719907,0,0,0,0,0,0,0.000,0,0
274.089,13859826608897719907,0,0,0,0,0,0,0.000,0,0
274.104,13859826608897719907,0,0,0,0,0,0,0.000,0,0
274.118,13859826608897719907,0,0,0,0,0,0,0.000,0,0
274.132,13859826608897719907,0,0,0,0,0,0,0.000,0,0
274.147,13859826608897719907,0,0,0,0,0,0,0.000,0,0
274.161,13859826608897719907,0,0,0,0,0,0,0.000,0,0
274.175,13859826608897719907,0,0,0,0,0,0,0.000,0,0
274.204,13859826608897719907,0,0,0,0,0,0,0.000,0,0
274.218,13859826608897719907,0,0,0,0,0,0,0.000,0,0
274.232,13859826608897719907,0,0,0,0,0,0,0.000,0,0
274.246,13859826608897719907,0,0,0,0,0,0,0.000,0,0
274.260,13859826608897719907,0,0,0,0,0,0,0.000,0,0
274.289,13859826608897719907,0,0,0,0,0,0,0.000,0,0
274.303,13859826608897719907,0,0,0,0,0,0,0.000,0,0
274.317,13859826608897719907,0,0,0,0,0,0,0.000,0,0
274.331,13859826608897719907,0,0,0,0,0,0,0.000,0,0
274.345,13859826608897719907,0,0,0,0,0,0,0.000,0,0
274.359,13859826608897719907,0,0,0,0,0,0,0.000,0,0
274.373,13859826608897719907,0,0,0,0,0,0,0.000,0,0
274.401,13859826608897719907,0,0,0,0,0,0,0.000,0,0
274.415,13859826608897719907,0,0,0,0,0,0,0.000,0,0
274.429,13859826608897719907,0,0,0,0,0,0,0.000,0,0
274.443,13859826608897719907,0,0,0,0,0,0,0.000,0,0
274.457,13859826608897719907,0,0,0,0,0,0,0.000,0,0
274.485,13859826608897719907,0,0,0,0,0,0,0.000,0,0
274.499,13859826608897719907,0,0,0,0,0,0,0.000,0,0
274.513,13859826608897719907,0,0,0,0,0,0,0.000,0,0
274.527,13859826608897719907,0,0,0,0,0,0,0.000,0,0
274.543,13859826608897719907,0,0,0,0,0,0,0.000,0,0
274.558,13859826608897719907,0,0,0,0,0,0,0.000,0,0
274.573,13859826608897719907,0,0,0,0,0,0,0.000,0,0
274.589,13859826608897719907,0,0,0,0,0,0,0.000,0,0
274.619,13859826608897719907,0,0,0,0,0,0,0.000,0,0
274.634,13859826608897719907,0,0,0,0,0,0,0.000,0,0
274.649,13859826608897719907,0,0,0,0,0,0,0.000,0,0
274.663,13859826608897719907,0,0,0,0,0,0,0.000,0,0
274.677,13859826608897719907,0,0,0,0,0,0,0.000,0,0
274.692,13859826608897719907,0,0,0,0,0,0,0.000,0,0
274.706,13859826608897719907,0,0,0,0,0,0,0.000,0,0
274.735,13859826608897719907,0,0,0,0,0,0,0.000,0,0
274.750,13859826608897719907,0,0,0,0,0,0,0.000,0,0
274.764,13859826608897719907,0,0,0,0,0,0,0.000,0,0
274.779,13859826608897719907,0,0,0,0,0,0,0.000,0,0
274.794,13859826608897719907,0,0,0,0,0,0,0.000,0,0
274.808,13859826608897719907,0,0,0,0,0,0,0.000,0,0
274.823,13859826608897719907,0,0,0,0,0,0,0.000,0,0
274.852,13859826608897719907,0,0,0,0,0,0,0.000,0,0
274.867,13859826608897719907,0,0,0,0,0,0,0.000,0,0
274.881,13859826608897719907,0,0,0,0,0,0,0.000,0,0
274.896,13859826608897719907,0,0,0,0,0,0,0.000,0,0
274.910,13859826608897719907,0,0,0,0,0,0,0.000,0,0
274.925,13859826608897719907,0,0,0,0,0,0,0.000,0,0
274.954,13859826608897719907,0,0,0,0,0,0,0.000,0,0
274.968,13859826608897719907,0,0,0,0,0,0,0.000,0,0
274.983,13859826608897719907,0,0,0,0,0,0,0.000,0,0
274.997,13859826608897719907,0,0,0,0,0,0,0.000,0,0
275.012,13859826608897719907,0,0,0,0,0,0,0.000,0,0
275.026,13859826608897719907,0,0,0,0,0,0,0.000,0,0
275.041,13859826608897719907,0,0,0,0,0,0,0.000,0,0
275.070,13859826608897719907,0,0,0,0,0,0,0.000,0,0
275.085,13859826608897719907,0,0,0,0,0,0,0.000,0,0
275.099,13859826608897719907,0,0,0,0,0,0,0.000,0,0
275.114,13859826608897719907,0,0,0,0,0,0,0.000,0,0
275.129,13859826608897719907,0,0,0,0,0,0,0.000,0,0
275.144,13859826608897719907,0,0,0,0,0,0,0.000,0,0
275.159,13859826608897719907,0,0,0,0,0,0,0.000,0,0
275.174,13859826608897719907,0,0,0,0,0,0,0.000,0,0
275.190,13859826608897719907,0,0,0,0,0,0,0.000,0,0
275.205,13859826608897719907,0,0,0,0,0,0,0.000,0,0
275.235,13859826608897719907,0,0,0,0,0,0,0.000,0,0
275.251,13859826608897719907,0,0,0,0,0,0,0.000,0,0
275.266,13859826608897719907,0,0,0,0,0,0,0.000,0,0
275.280,13859826608897719907,0,0,0,0,0,0,0.000,0,0
275.296,13859826608897719907,0,0,0,0,0,0,0.000,0,0
275.310,13859826608897719907,0,0,0,0,0,0,0.000,0,0
275.325,13859826608897719907,0,0,0,0,0,0,0.000,0,0
275.340,13859826608897719907,0,0,0,0,0,0,0.000,0,0
275.369,13859826608897719907,0,0,0,0,0,0,0.000,0,0
275.384,13859826608897719907,0,0,0,0,0,0,0.000,0,0
275.398,13859826608897719907,0,0,0,0,0,0,0.000,0,0
275.413,13859826608897719907,0,0,0,0,0,0,0.000,0,0
275.427,13859826608897719907,0,0,0,0,0,0,0.000,0,0
275.442,13859826608897719907,0,0,0,0,0,0,0.000,0,0
275.471,13859826608897719907,0,0,0,0,0,0,0.000,0,0
275.486,13859826608897719907,0,0,0,0,0,0,0.000,0,0
275.500,13859826608897719907,0,0,0,0,0,0,0.000,0,0
275.515,13859826608897719907,0,0,0,0,0,0,0.000,0,0
275.530,13859826608897719907,0,0,0,0,0,0,0.000,0,0
275.545,13859826608897719907,0,0,0,0,0,0,0.000,0,0
275.560,13859826608897719907,0,0,0,0,0,0,0.000,0,0
275.574,13859826608897719907,0,0,0,0,0,0,0.000,0,0
275.589,13859826608897719907,0,0,0,0,0,0,0.000,0,0
275.618,13859826608897719907,0,0,0,0,0,0,0.000,0,0
275.633,13859826608897719907,0,0,0,0,0,0,0.000,0,0
275.648,13859826608897719907,0,0,0,0,0,0,0.000,0,0
275.662,13859826608897719907,0,0,0,0,0,0,0.000,0,0
275.679,13859826608897719907,0,0,0,0,0,0,0.000,0,0
275.695,13859826608897719907,0,0,0,0,0,0,0.000,0,0
275.712,13859826608897719907,0,0,0,0,0,0,0.000,0,0
275.728,13859826608897719907,0,0,0,0,0,0,0.000,0,0
275.744,13859826608897719907,0,0,0,0,0,0,0.000,0,0
275.761,13859826608897719907,0,0,0,0,0,0,0.000,0,0
275.777,13859826608897719907,0,0,0,0,0,0,0.000,0,0
275.792,13859826608897719907,0,0,0,0,0,0,0.000,0,0
275.808,13859826608897719907,0,0,0,0,0,0,0.000,0,0
275.823,13859826608897719907,0,0,0,0,0,0,0.000,0,0
275.838,13859826608897719907,0,0,0,0,0,0,0.000,0,0
275.854,13859826608897719907,0,0,0,0,0,0,0.000,0,0
275.884,13859826608897719907,0,0,0,0,0,0,0.000,0,0
275.899,13859826608897719907,0,0,0,0,0,0,0.000,0,0
275.914,13859826608897719907,0,0,0,0,0,0,0.000,0,0
275.929,13859826608897719907,0,0,0,0,0,0,0.000,0,0
275.944,13859826608897719907,0,0,0,0,0,0,0.000,0,0
275.959,13859826608897719907,0,0,0,0,0,0,0.000,0,0
275.975,13859826608897719907,0,0,0,0,0,0,0.000,0,0
275.990,13859826608897719907,0,0,0,0,0,0,0.000,0,0
276.005,13859826608897719907,0,0,0,0,0,0,0.000,0,0
276.035,13859826608897719907,0,0,0,0,0,0,0.000,0,0
276.050,13859826608897719907,0,0,0,0,0,0,0.000,0,0
276.064,13859826608897719907,0,0,0,0,0,0,0.000,0,0
276.079,13859826608897719907,0,0,0,0,0,0,0.000,0,0
276.094,13859826608897719907,0,0,0,0,0,0,0.000,0,0
276.110,13859826608897719907,0,0,0,0,0,0,0.000,0,0
276.124,13859826608897719907,0,0,0,0,0,0,0.000,0,0
276.154,13859826608897719907,0,0,0,0,0,0,0.000,0,0
276.169,13859826608897719907,0,0,0,0,0,0,0.000,0,0
276.184,13859826608897719907,0,0,0,0,0,0,0.000,0,0
276.199,13859826608897719907,0,0,0,0,0,0,0.000,0,0
276.214,13859826608897719907,0,0,0,0,0,0,0.000,0,0
276.229,13859826608897719907,0,0,0,0,0,0,0.000,0,0
276.244,13859826608897719907,0,0,0,0,0,0,0.000,0,0
276.258,13859826608897719907,0,0,0,0,0,0,0.000,0,0
276.273,13859826608897719907,0,0,0,0,0,0,0.000,0,0
276.302,13859826608897719907,0,0,0,0,0,0,0.000,0,0
276.317,13859826608897719907,0,0,0,0,0,0,0.000,0,0
276.332,13859826608897719907,0,0,0,0,0,0,0.000,0,0
276.346,13859826608897719907,0,0,0,0,0,0,0.000,0,0
276.361,13859826608897719907,0,0,0,0,0,0,0.000,0,0
276.376,13859826608897719907,0,0,0,0,0,0,0.000,0,0
276.391,13859826608897719907,0,0,0,0,0,0,0.000,0,0
276.406,13859826608897719907,0,0,0,0,0,0,0.000,0,0
276.420,13859826608897719907,0,0,0,0,0,0,0.000,0,0
276.450,13859826608897719907,0,0,0,0,0,0,0.000,0,0
276.465,13859826608897719907,0,0,0,0,0,0,0.000,0,0
276.480,13859826608897719907,0,0,0,0,0,0,0.000,0,0
276.496,13859826608897719907,0,0,0,0,0,0,0.000,0,0
276.511,13859826608897719907,0,0,0,0,0,0,0.000,0,0
276.526,13859826608897719907,0,0,0,0,0,0,0.000,0,0
276.541,13859826608897719907,0,0,0,0,0,0,0.000,0,0
276.557,13859826608897719907,0,0,0,0,0,0,0.000,0,0
276.571,13859826608897719907,0,0,0,0,0,0,0.000,0,0
276.601,13859826608897719907,0,0,0,0,0,0,0.000,0,0
276.616,13859826608897719907,0,0,0,0,0,0,0.000,0,0
276.631,13859826608897719907,0,0,0,0,0,0,0.000,0,0
276.646,13859826608897719907,0,0,0,0,0,0,0.000,0,0
276.660,13859826608897719907,0,0,0,0,0,0,0.000,0,0
276.675,13859826608897719907,0,0,0,0,0,0,0.000,0,0
276.705,13859826608897719907,0,0,0,0,0,0,0.000,0,0
276.719,13859826608897719907,0,0,0,0,0,0,0.000,0,0
276.734,13859826608897719907,0,0,0,0,0,0,0.000,0,0
276.749,13859826608897719907,0,0,0,0,0,0,0.000,0,0
276.764,13859826608897719907,0,0,0,0,0,0,0.000,0,0
276.778,13859826608897719907,0,0,0,0,0,0,0.000,0,0
276.793,13859826608897719907,0,0,0,0,0,0,0.000,0,0
276.808,13859826608897719907,0,0,0,0,0,0,0.000,0,0
276.823,13859826608897719907,0,0,0,0,0,0,0.000,0,0
276.852,13859826608897719907,0,0,0,0,0,0,0.000,0,0
276.867,13859826608897719907,0,0,0,0,0,0,0.000,0,0
276.882,13859826608897719907,0,0,0,0,0,0,0.000,0,0
276.896,13859826608897719907,0,0,0,0,0,0,0.000,0,0
276.911,13859826608897719907,0,0,0,0,0,0,0.000,0,0
276.926,13859826608897719907,0,0,0,0,0,0,0.000,0,0
276.941,13859826608897719907,0,0,0,0,0,0,0.000,0,0
276.971,13859826608897719907,0,0,0,0,0,0,0.000,0,0
276.985,13859826608897719907,0,0,0,0,0,0,0.000,0,0
277.000,13859826608897719907,0,0,0,0,0,0,0.000,0,0
277.015,13859826608897719907,0,0,0,0,0,0,0.000,0,0
277.030,13859826608897719907,0,0,0,0,0,0,0.000,0,0
277.045,13859826608897719907,0,0,0,0,0,0,0.000,0,0
277.060,13859826608897719907,0,0,0,0,0,0,0.000,0,0
277.075,13859826608897719907,0,0,0,0,0,0,0.000,0,0
277.105,13859826608897719907,0,0,0,0,0,0,0.000,0,0
277.120,13859826608897719907,0,0,0,0,0,0,0.000,0,0
277.134,13859826608897719907,0,0,0,0,0,0,0.000,0,0
277.149,13859826608897719907,0,0,0,0,0,0,0.000,0,0
277.164,13859826608897719907,0,0,0,0,0,0,0.000,0,0
277.178,13859826608897719907,0,0,0,0,0,0,0.000,0,0
277.193,13859826608897719907,0,0,0,0,0,0,0.000,0,0
277.208,13859826608897719907,0,0,0,0,0,0,0.000,0,0
277.238,13859826608897719907,0,0,0,0,0,0,0.000,0,0
277.253,13859826608897719907,0,0,0,0,0,0,0.000,0,0
277.268,13859826608897719907,0,0,0,0,0,0,0.000,0,0
277.283,13859826608897719907,0,0,0,0,0,0,0.000,0,0
277.298,13859826608897719907,0,0,0,0,0,0,0.000,0,0
277.313,13859826608897719907,0,0,0,0,0,0,0.000,0,0
277.328,13859826608897719907,0,0,0,0,0,0,0.000,0,0
277.343,13859826608897719907,0,0,0,0,0,0,0.000,0,0
277.358,13859826608897719907,0,0,0,0,0,0,0.000,0,0
277.373,13859826608897719907,0,0,0,0,0,0,0.000,0,0
277.404,13859826608897719907,0,0,0,0,0,0,0.000,0,0
277.419,13859826608897719907,0,0,0,0,0,0,0.000,0,0
277.434,13859826608897719907,0,0,0,0,0,0,0.000,0,0
277.449,13859826608897719907,0,0,0,0,0,0,0.000,0,0
277.464,13859826608897719907,0,0,0,0,0,0,0.000,0,0
277.479,13859826608897719907,0,0,0,0,0,0,0.000,0,0
277.494,13859826608897719907,0,0,0,0,0,0,0.000,0,0
277.509,13859826608897719907,0,0,0,0,0,0,0.000,0,0
277.525,13859826608897719907,0,0,0,0,0,0,0.000,0,0
277.555,13859826608897719907,0,0,0,0,0,0,0.000,0,0
277.569,13859826608897719907,0,0,0,0,0,0,0.000,0,0
277.584,13859826608897719907,0,0,0,0,0,0,0.000,0,0
277.599,13859826608897719907,0,0,0,0,0,0,0.000,0,0
277.614,13859826608897719907,0,0,0,0,0,0,0.000,0,0
277.629,13859826608897719907,0,0,0,0,0,0,0.000,0,0
277.644,13859826608897719907,0,0,0,0,0,0,0.000,0,0
277.659,13859826608897719907,0,0,0,0,0,0,0.000,0,0
277.688,13859826608897719907,0,0,0,0,0,0,0.000,0,0
277.703,13859826608897719907,0,0,0,0,0,0,0.000,0,0
277.718,13859826608897719907,0,0,0,0,0,0,0.000,0,0
277.732,13859826608897719907,0,0,0,0,0,0,0.000,0,0
277.747,13859826608897719907,0,0,0,0,0,0,0.000,0,0
277.762,13859826608897719907,0,0,0,0,0,0,0.000,0,0
277.777,13859826608897719907,0,0,0,0,0,0,0.000,0,0
277.792,13859826608897719907,0,0,0,0,0,0,0.000,0,0
277.821,13859826608897719907,0,0,0,0,0,0,0.000,0,0
277.835,13859826608897719907,0,0,0,0,0,0,0.000,0,0
277.850,13859826608897719907,0,0,0,0,0,0,0.000,0,0
277.864,13859826608897719907,0,0,0,0,0,0,0.000,0,0
277.879,13859826608897719907,0,0,0,0,0,0,0.000,0,0
277.893,13859826608897719907,0,0,0,0,0,0,0.000,0,0
277.921,13859826608897719907,0,0,0,0,0,0,0.000,0,0
277.936,13859826608897719907,0,0,0,0,0,0,0.000,0,0
277.950,13859826608897719907,0,0,0,0,0,0,0.000,0,0
277.964,13859826608897719907,0,0,0,0,0,0,0.000,0,0
277.978,13859826608897719907,0,0,0,0,0,0,0.000,0,0
277.992,13859826608897719907,0,0,0,0,0,0,0.000,0,0
278.021,13859826608897719907,0,0,0,0,0,0,0.000,0,0
278.035,13859826608897719907,0,0,0,0,0,0,0.000,0,0
278.050,13859826608897719907,0,0,0,0,0,0,0.000,0,0
278.064,13859826608897719907,0,0,0,0,0,0,0.000,0,0
278.078,13859826608897719907,0,0,0,0,0,0,0.000,0,0
278.093,13859826608897719907,0,0,0,0,0,0,0.000,0,0
278.108,13859826608897719907,0,0,0,0,0,0,0.000,0,0
278.123,13859826608897719907,0,0,0,0,0,0,0.000,0,0
278.138,13859826608897719907,0,0,0,0,0,0,0.000,0,0
278.153,13859826608897719907,0,0,0,0,0,0,0.000,0,0
278.169,13859826608897719907,0,0,0,0,0,0,0.000,0,0
278.200,13859826608897719907,0,0,0,0,0,0,0.000,0,0
278.215,13859826608897719907,0,0,0,0,0,0,0.000,0,0
278.231,13859826608897719907,0,0,0,0,0,0,0.000,0,0
278.247,13859826608897719907,0,0,0,0,0,0,0.000,0,0
278.262,13859826608897719907,0,0,0,0,0,0,0.000,0,0
278.278,13859826608897719907,0,0,0,0,0,0,0.000,0,0
278.293,13859826608897719907,0,0,0,0,0,0,0.000,0,0
278.308,13859826608897719907,0,0,0,0,0,0,0.000,0,0
278.323,13859826608897719907,0,0,0,0,0,0,0.000,0,0
278.338,13859826608897719907,0,0,0,0,0,0,0.000,0,0
278.368,13859826608897719907,0,0,0,0,0,0,0.000,0,0
278.383,13859826608897719907,0,0,0,0,0,0,0.000,0,0
278.398,13859826608897719907,0,0,0,0,0,0,0.000,0,0
278.413,13859826608897719907,0,0,0,0,0,0,0.000,0,0
278.428,13859826608897719907,0,0,0,0,0,0,0.000,0,0
278.443,13859826608897719907,0,0,0,0,0,0,0.000,0,0
278.458,13859826608897719907,0,0,0,0,0,0,0.000,0,0
278.473,13859826608897719907,0,0,0,0,0,0,0.000,0,0
278.488,13859826608897719907,0,0,0,0,0,0,0.000,0,0
278.503,13859826608897719907,0,0,0,0,0,0,0.000,0,0
278.534,13859826608897719907,0,0,0,0,0,0,0.000,0,0
278.549,13859826608897719907,0,0,0,0,0,0,0.000,0,0
278.564,13859826608897719907,0,0,0,0,0,0,0.000,0,0
278.579,13859826608897719907,0,0,0,0,0,0,0.000,0,0
278.594,13859826608897719907,0,0,0,0,0,0,0.000,0,0
278.610,13859826608897719907,0,0,0,0,0,0,0.000,0,0
278.625,13859826608897719907,0,0,0,0,0,0,0.000,0,0
278.640,13859826608897719907,0,0,0,0,0,0,0.000,0,0
278.655,13859826608897719907,0,0,0,0,0,0,0.000,0,0
278.685,13859826608897719907,0,0,0,0,0,0,0.000,0,0
278.700,13859826608897719907,0,0,0,0,0,0,0.000,0,0
278.715,13859826608897719907,0,0,0,0,0,0,0.000,0,0
278.731,13859826608897719907,0,0,0,0,0,0,0.000,0,0
278.747,13859826608897719907,0,0,0,0,0,0,0.000,0,0
278.762,13859826608897719907,0,0,0,0,0,0,0.000,0,0
278.778,13859826608897719907,0,0,0,0,0,0,0.000,0,0
278.794,13859826608897719907,0,0,0,0,0,0,0.000,0,0
278.809,13859826608897719907,0,0,0,0,0,0,0.000,0,0
278.825,13859826608897719907,0,0,0,0,0,0,0.000,0,0
278.840,13859826608897719907,0,0,0,0,0,0,0.000,0,0
278.870,13859826608897719907,0,0,0,0,0,0,0.000,0,0
278.885,13859826608897719907,0,0,0,0,0,0,0.000,0,0
278.900,13859826608897719907,0,0,0,0,0,0,0.000,0,0
278.915,13859826608897719907,0,0,0,0,0,0,0.000,0,0
278.930,13859826608897719907,0,0,0,0,0,0,0.000,0,0
278.945,13859826608897719907,0,0,0,0,0,0,0.000,0,0
278.960,13859826608897719907,0,0,0,0,0,0,0.000,0,0
278.976,13859826608897719907,0,0,0,0,0,0,0.000,0,0
278.991,13859826608897719907,0,0,0,0,0,0,0.000,0,0
279.020,13859826608897719907,0,0,0,0,0,0,0.000,0,0
279.035,13859826608897719907,0,0,0,0,0,0,0.000,0,0
279.050,13859826608897719907,0,0,0,0,0,0,0.000,0,0
279.065,13859826608897719907,0,0,0,0,0,0,0.000,0,0
279.080,13859826608897719907,0,0,0,0,0,0,0.000,0,0
279.095,13859826608897719907,0,0,0,0,0,0,0.000,0,0
279.110,13859826608897719907,0,0,0,0,0,0,0.000,0,0
279.125,13859826608897719907,0,0,0,0,0,0,0.000,0,0
279.141,13859826608897719907,0,0,0,0,0,0,0.000,0,0
279.171,13859826608897719907,0,0,0,0,0,0,0.000,0,0
279.186,13859826608897719907,0,0,0,0,0,0,0.000,0,0
279.201,13859826608897719907,0,0,0,0,0,0,0.000,0,0
279.216,13859826608897719907,0,0,0,0,0,0,0.000,0,0
279.232,13859826608897719907,0,0,0,0,0,0,0.000,0,0
279.247,13859826608897719907,0,0,0,0,0,0,0.000,0,0
279.262,13859826608897719907,0,0,0,0,0,0,0.000,0,0
279.278,13859826608897719907,0,0,0,0,0,0,0.000,0,0
279.293,13859826608897719907,0,0,0,0,0,0,0.000,0,0
279.309,13859826608897719907,0,0,0,0,0,0,0.000,0,0
279.324,13859826608897719907,0,0,0,0,0,0,0.000,0,0
279.339,13859826608897719907,0,0,0,0,0,0,0.000,0,0
279.370,13859826608897719907,0,0,0,0,0,0,0.000,0,0
279.385,13859826608897719907,0,0,0,0,0,0,0.000,0,0
279.400,13859826608897719907,0,0,0,0,0,0,0.000,0,0
279.415,13859826608897719907,0,0,0,0,0,0,0.000,0,0
279.430,13859826608897719907,0,0,0,0,0,0,0.000,0,0
279.445,13859826608897719907,0,0,0,0,0,0,0.000,0,0
279.460,13859826608897719907,0,0,0,0,0,0,0.000,0,0
279.475,13859826608897719907,0,0,0,0,0,0,0.000,0,0
279.491,13859826608897719907,0,0,0,0,0,0,0.000,0,0
279.506,13859826608897719907,0,0,0,0,0,0,0.000,0,0
279.537,13859826608897719907,0,0,0,0,0,0,0.000,0,0
279.552,13859826608897719907,0,0,0,0,0,0,0.000,0,0
279.567,13859826608897719907,0,0,0,0,0,0,0.000,0,0
279.583,13859826608897719907,0,0,0,0,0,0,0.000,0,0
279.598,13859826608897719907,0,0,0,0,0,0,0.000,0,0
279.614,13859826608897719907,0,0,0,0,0,0,0.000,0,0
279.629,13859826608897719907,0,0,0,0,0,0,0.000,0,0
279.645,13859826608897719907,0,0,0,0,0,0,0.000,0,0
279.661,13859826608897719907,0,0,0,0,0,0,0.000,0,0
279.676,13859826608897719907,0,0,0,0,0,0,0.000,0,0
279.693,13859826608897719907,0,0,0,0,0,0,0.000,0,0
279.709,13859826608897719907,0,0,0,0,0,0,0.000,0,0
279.725,13859826608897719907,0,0,0,0,0,0,0.000,0,0
279.741,13859826608897719907,0,0,0,0,0,0,0.000,0,0
279.757,13859826608897719907,0,0,0,0,0,0,0.000,0,0
279.772,13859826608897719907,0,0,0,0,0,0,0.000,0,0
279.803,13859826608897719907,0,0,0,0,0,0,0.000,0,0
279.818,13859826608897719907,0,0,0,0,0,0,0.000,0,0
279.833,13859826608897719907,0,0,0,0,0,0,0.000,0,0
279.849,13859826608897719907,0,0,0,0,0,0,0.000,0,0
279.864,13859826608897719907,0,0,0,0,0,0,0.000,0,0
279.880,13859826608897719907,0,0,0,0,0,0,0.000,0,0
279.895,13859826608897719907,0,0,0,0,0,0,0.000,0,0
279.911,13859826608897719907,0,0,0,0,0,0,0.000,0,0
279.927,13859826608897719907,0,0,0,0,0,0,0.000,0,0
279.942,13859826608897719907,0,0,0,0,0,0,0.000,0,0
279.958,13859826608897719907,0,0,0,0,0,0,0.000,0,0
279.973,13859826608897719907,0,0,0,0,0,0,0.000,0,0
279.989,13859826608897719907,0,0,0,0,0,0,0.000,0,0
280.004,13859826608897719907,0,0,0,0,0,0,0.000,0,0
280.020,13859826608897719907,0,0,0,0,0,0,0.000,0,0
280.051,13859826608897719907,0,0,0,0,0,0,0.000,0,0
280.066,13859826608897719907,0,0,0,0,0,0,0.000,0,0
280.082,13859826608897719907,0,0,0,0,0,0,0.000,0,0
280.097,13859826608897719907,0,0,0,0,0,0,0.000,0,0
280.113,13859826608897719907,0,0,0,0,0,0,0.000,0,0
280.128,13859826608897719907,0,0,0,0,0,0,0.000,0,0
280.144,13859826608897719907,0,0,0,0,0,0,0.000,0,0
280.160,13859826608897719907,0,0,0,0,0,0,0.000,0,0
280.175,13859826608897719907,0,0,0,0,0,0,0.000,0,0
280.191,13859826608897719907,0,0,0,0,0,0,0.000,0,0
280.206,13859826608897719907,0,0,0,0,0,0,0.000,0,0
280.222,13859826608897719907,0,0,0,0,0,0,0.000,0,0
280.237,13859826608897719907,0,0,0,0,0,0,0.000,0,0
280.268,13859826608897719907,0,0,0,0,0,0,0.000,0,0
280.283,13859826608897719907,0,0,0,0,0,0,0.000,0,0
280.298,13859826608897719907,0,0,0,0,0,0,0.000,0,0
280.314,13859826608897719907,0,0,0,0,0,0,0.000,0,0
280.329,13859826608897719907,0,0,0,0,0,0,0.000,0,0
280.345,13859826608897719907,0,0,0,0,0,0,0.000,0,0
280.360,13859826608897719907,0,0,0,0,0,0,0.000,0,0
280.376,13859826608897719907,0,0,0,0,0,0,0.000,0,0
280.391,13859826608897719907,0,0,0,0,0,0,0.000,0,0
280.407,13859826608897719907,0,0,0,0,0,0,0.000,0,0
280.423,13859826608897719907,0,0,0,0,0,0,0.000,0,0
280.439,13859826608897719907,0,0,0,0,0,0,0.000,0,0
280.454,13859826608897719907,0,0,0,0,0,0,0.000,0,0
280.486,13859826608897719907,0,0,0,0,0,0,0.000,0,0
280.501,13859826608897719907,0,0,0,0,0,0,0.000,0,0
280.517,13859826608897719907,0,0,0,0,0,0,0.000,0,0
280.533,13859826608897719907,0,0,0,0,0,0,0.000,0,0
280.548,13859826608897719907,0,0,0,0,0,0,0.000,0,0
280.564,13859826608897719907,0,0,0,0,0,0,0.000,0,0
280.580,13859826608897719907,0,0,0,0,0,0,0.000,0,0
280.596,13859826608897719907,0,0,0,0,0,0,0.000,0,0
280.612,13859826608897719907,0,0,0,0,0,0,0.000,0,0
280.628,13859826608897719907,0,0,0,0,0,0,0.000,0,0
280.644,13859826608897719907,0,0,0,0,0,0,0.000,0,0
280.659,13859826608897719907,0,0,0,0,0,0,0.000,0,0
280.675,13859826608897719907,0,0,0,0,0,0,0.000,0,0
280.691,13859826608897719907,0,0,0,0,0,0,0.000,0,0
280.707,13859826608897719907,0,0,0,0,0,0,0.000,0,0
280.723,13859826608897719907,0,0,0,0,0,0,0.000,0,0
280.738,13859826608897719907,0,0,0,0,0,0,0.000,0,0
280.770,13859826608897719907,0,0,0,0,0,0,0.000,0,0
280.785,13859826608897719907,0,0,0,0,0,0,0.000,0,0
280.801,13859826608897719907,0,0,0,0,0,0,0.000,0,0
280.816,13859826608897719907,0,0,0,0,0,0,0.000,0,0
280.831,13859826608897719907,0,0,0,0,0,0,0.000,0,0
280.847,13859826608897719907,0,0,0,0,0,0,0.000,0,0
280.862,13859826608897719907,0,0,0,0,0,0,0.000,0,0
280.878,13859826608897719907,0,0,0,0,0,0,0.000,0,0
280.893,13859826608897719907,0,0,0,0,0,0,0.000,0,0
280.908,13859826608897719907,0,0,0,0,0,0,0.000,0,0
280.924,13859826608897719907,0,0,0,0,0,0,0.000,0,0
280.939,13859826608897719907,0,0,0,0,0,0,0.000,0,0
280.954,13859826608897719907,0,0,0,0,0,0,0.000,0,0
280.970,13859826608897719907,0,0,0,0,0,0,0.000,0,0
281.000,13859826608897719907,0,0,0,0,0,0,0.000,0,0
281.016,13859826608897719907,0,0,0,0,0,0,0.000,0,0
281.031,13859826608897719907,0,0,0,0,0,0,0.000,0,0
281.047,13859826608897719907,0,0,0,0,0,0,0.000,0,0
281.062,13859826608897719907,0,0,0,0,0,0,0.000,0,0
281.077,13859826608897719907,0,0,0,0,0,0,0.000,0,0
281.092,13859826608897719907,0,0,0,0,0,0,0.000,0,0
281.108,13859826608897719907,0,0,0,0,0,0,0.000,0,0
281.138,13859826608897719907,0,0,0,0,0,0,0.000,0,0
281.153,13859826608897719907,0,0,0,0,0,0,0.000,0,0
281.168,13859826608897719907,0,0,0,0,0,0,0.000,0,0
281.183,13859826608897719907,0,0,0,0,0,0,0.000,0,0
281.198,13859826608897719907,0,0,0,0,0,0,0.000,0,0
281.213,13859826608897719907,0,0,0,0,0,0,0.000,0,0
281.228,13859826608897719907,0,0,0,0,0,0,0.000,0,0
281.243,13859826608897719907,0,0,0,0,0,0,0.000,0,0
281.258,13859826608897719907,0,0,0,0,0,0,0.000,0,0
281.287,13859826608897719907,0,0,0,0,0,0,0.000,0,0
281.301,13859826608897719907,0,0,0,0,0,0,0.000,0,0
281.315,13859826608897719907,0,0,0,0,0,0,0.000,0,0
281.329,13859826608897719907,0,0,0,0,0,0,0.000,0,0
281.344,13859826608897719907,0,0,0,0,0,0,0.000,0,0
281.372,13859826608897719907,0,0,0,0,0,0,0.000,0,0
281.386,13859826608897719907,0,0,0,0,0,0,0.000,0,0
281.400,13859826608897719907,0,0,0,0,0,0,0.000,0,0
281.415,13859826608897719907,0,0,0,0,0,0,0.000,0,0
281.429,13859826608897719907,0,0,0,0,0,0,0.000,0,0
281.443,13859826608897719907,0,0,0,0,0,0,0.000,0,0
281.457,13859826608897719907,0,0,0,0,0,0,0.000,0,0
281.486,13859826608897719907,0,0,0,0,0,0,0.000,0,0
281.501,13859826608897719907,0,0,0,0,0,0,0.000,0,0
281.515,13859826608897719907,0,0,0,0,0,0,0.000,0,0
281.530,13859826608897719907,0,0,0,0,0,0,0.000,0,0
281.544,13859826608897719907,0,0,0,0,0,0,0.000,0,0
281.573,13859826608897719907,0,0,0,0,0,0,0.000,0,0
281.587,13859826608897719907,0,0,0,0,0,0,0.000,0,0
281.601,13859826608897719907,0,0,0,0,0,0,0.000,0,0
281.616,13859826608897719907,0,0,0,0,0,0,0.000,0,0
281.630,13859826608897719907,0,0,0,0,0,0,0.000,0,0
281.645,13859826608897719907,0,0,0,0,0,0,0.000,0,0
281.660,13859826608897719907,0,0,0,0,0,0,0.000,0,0
281.689,13859826608897719907,0,0,0,0,0,0,0.000,0,0
281.703,13859826608897719907,0,0,0,0,0,0,0.000,0,0
281.718,13859826608897719907,0,0,0,0,0,0,0.000,0,0
281.733,13859826608897719907,0,0,0,0,0,0,0.000,0,0
281.747,13859826608897719907,0,0,0,0,0,0,0.000,0,0
281.762,13859826608897719907,0,0,0,0,0,0,0.000,0,0
281.777,13859826608897719907,0,0,0,0,0,0,0.000,0,0
281.792,13859826608897719907,0,0,0,0,0,0,0.000,0,0
281.821,13859826608897719907,0,0,0,0,0,0,0.000,0,0
281.836,13859826608897719907,0,0,0,0,0,0,0.000,0,0
281.850,13859826608897719907,0,0,0,0,0,0,0.000,0,0
281.865,13859826608897719907,0,0,0,0,0,0,0.000,0,0
281.879,13859826608897719907,0,0,0,0,0,0,0.000,0,0
281.894,13859826608897719907,0,0,0,0,0,0,0.000,0,0
281.909,13859826608897719907,0,0,0,0,0,0,0.000,0,0
281.923,13859826608897719907,0,0,0,0,0,0,0.000,0,0
281.953,13859826608897719907,0,0,0,0,0,0,0.000,0,0
281.968,13859826608897719907,0,0,0,0,0,0,0.000,0,0
281.983,13859826608897719907,0,0,0,0,0,0,0.000,0,0
281.998,13859826608897719907,0,0,0,0,0,0,0.000,0,0
282.013,13859826608897719907,0,0,0,0,0,0,0.000,0,0
282.028,13859826608897719907,0,0,0,0,0,0,0.000,0,0
282.043,13859826608897719907,0,0,0,0,0,0,0.000,0,0
282.059,13859826608897719907,0,0,0,0,0,0,0.000,0,0
282.074,13859826608897719907,0,0,0,0,0,0,0.000,0,0
282.090,13859826608897719907,0,0,0,0,0,0,0.000,0,0
282.120,13859826608897719907,0,0,0,0,0,0,0.000,0,0
282.135,13859826608897719907,0,0,0,0,0,0,0.000,0,0
282.150,13859826608897719907,0,0,0,0,0,0,0.000,0,0
282.166,13859826608897719907,0,0,0,0,0,0,0.000,0,0
282.181,13859826608897719907,0,0,0,0,0,0,0.000,0,0
282.196,13859826608897719907,0,0,0,0,0,0,0.000,0,0
282.211,13859826608897719907,0,0,0,0,0,0,0.000,0,0
282.227,13859826608897719907,0,0,0,0,0,0,0.000,0,0
282.242,13859826608897719907,0,0,0,0,0,0,0.000,0,0
282.258,13859826608897719907,0,0,0,0,0,0,0.000,0,0
282.288,13859826608897719907,0,0,0,0,0,0,0.000,0,0
282.304,13859826608897719907,0,0,0,0,0,0,0.000,0,0
282.319,13859826608897719907,0,0,0,0,0,0,0.000,0,0
282.334,13859826608897719907,0,0,0,0,0,0,0.000,0,0
282.349,13859826608897719907,0,0,0,0,0,0,0.000,0,0
282.364,13859826608897719907,0,0,0,0,0,0,0.000,0,0
282.380,13859826608897719907,0,0,0,0,0,0,0.000,0,0
282.395,13859826608897719907,0,0,0,0,0,0,0.000,0,0
282.410,13859826608897719907,0,0,0,0,0,0,0.000,0,0
282.426,13859826608897719907,0,0,0,0,0,0,0.000,0,0
282.441,13859826608897719907,0,0,0,0,0,0,0.000,0,0
282.456,13859826608897719907,0,0,0,0,0,0,0.000,0,0
282.486,13859826608897719907,0,0,0,0,0,0,0.000,0,0
282.502,13859826608897719907,0,0,0,0,0,0,0.000,0,0
282.517,13859826608897719907,0,0,0,0,0,0,0.000,0,0
282.532,13859826608897719907,0,0,0,0,0,0,0.000,0,0
282.547,13859826608897719907,0,0,0,0,0,0,0.000,0,0
282.562,13859826608897719907,0,0,0,0,0,0,0.000,0,0
282.577,13859826608897719907,0,0,0,0,0,0,0.000,0,0
282.592,13859826608897719907,0,0,0,0,0,0,0.000,0,0
282.607,13859826608897719907,0,0,0,0,0,0,0.000,0,0
282.636,13859826608897719907,0,0,0,0,0,0,0.000,0,0
282.651,13859826608897719907,0,0,0,0,0,0,0.000,0,0
282.666,13859826608897719907,0,0,0,0,0,0,0.000,0,0
282.681,13859826608897719907,0,0,0,0,0,0,0.000,0,0
282.695,13859826608897719907,0,0,0,0,0,0,0.000,0,0
282.710,13859826608897719907,0,0,0,0,0,0,0.000,0,0
282.725,13859826608897719907,0,0,0,0,0,0,0.000,0,0
282.740,13859826608897719907,0,0,0,0,0,0,0.000,0,0
282.755,13859826608897719907,0,0,0,0,0,0,0.000,0,0
282.784,13859826608897719907,0,0,0,0,0,0,0.000,0,0
282.799,13859826608897719907,0,0,0,0,0,0,0.000,0,0
282.814,13859826608897719907,0,0,0,0,0,0,0.000,0,0
282.829,13859826608897719907,0,0,0,0,0,0,0.000,0,0
282.843,13859826608897719907,0,0,0,0,0,0,0.000,0,0
282.858,13859826608897719907,0,0,0,0,0,0,0.000,0,0
282.888,13859826608897719907,0,0,0,0,0,0,0.000,0,0
282.902,13859826608897719907,0,0,0,0,0,0,0.000,0,0
282.917,13859826608897719907,0,0,0,0,0,0,0.000,0,0
282.932,13859826608897719907,0,0,0,0,0,0,0.000,0,0
282.947,13859826608897719907,0,0,0,0,0,0,0.000,0,0
282.961,13859826608897719907,0,0,0,0,0,0,0.000,0,0
282.976,13859826608897719907,0,0,0,0,0,0,0.000,0,0
282.991,13859826608897719907,0,0,0,0,0,0,0.000,0,0
283.006,13859826608897719907,0,0,0,0,0,0,0.000,0,0
283.035,13859826608897719907,0,0,0,0,0,0,0.000,0,0
283.050,13859826608897719907,0,0,0,0,0,0,0.000,0,0
283.064,13859826608897719907,0,0,0,0,0,0,0.000,0,0
283.079,13859826608897719907,0,0,0,0,0,0,0.000,0,0
283.093,13859826608897719907,0,0,0,0,0,0,0.000,0,0
283.108,13859826608897719907,0,0,0,0,0,0,0.000,0,0
283.137,13859826608897719907,0,0,0,0,0,0,0.000,0,0
283.152,13859826608897719907,0,0,0,0,0,0,0.000,0,0
283.167,13859826608897719907,0,0,0,0,0,0,0.000,0,0
283.181,13859826608897719907,0,0,0,0,0,0,0.000,0,0
283.196,13859826608897719907,0,0,0,0,0,0,0.000,0,0
283.211,13859826608897719907,0,0,0,0,0,0,0.000,0,0
283.226,13859826608897719907,0,0,0,0,0,0,0.000,0,0
283.255,13859826608897719907,0,0,0,0,0,0,0.000,0,0
283.270,13859826608897719907,0,0,0,0,0,0,0.000,0,0
283.284,13859826608897719907,0,0,0,0,0,0,0.000,0,0
283.299,13859826608897719907,0,0,0,0,0,0,0.000,0,0
283.314,13859826608897719907,0,0,0,0,0,0,0.000,0,0
283.329,13859826608897719907,0,0,0,0,0,0,0.000,0,0
283.343,13859826608897719907,0,0,0,0,0,0,0.000,0,0
283.358,13859826608897719907,0,0,0,0,0,0,0.000,0,0
283.373,13859826608897719907,0,0,0,0,0,0,0.000,0,0
283.403,13859826608897719907,0,0,0,0,0,0,0.000,0,0
283.418,13859826608897719907,0,0,0,0,0,0,0.000,0,0
283.432,13859826608897719907,0,0,0,0,0,0,0.000,0,0
283.447,13859826608897719907,0,0,0,0,0,0,0.000,0,0
283.462,13859826608897719907,0,0,0,0,0,0,0.000,0,0
283.477,13859826608897719907,0,0,0,0,0,0,0.000,0,0
283.492,13859826608897719907,0,0,0,0,0,0,0.000,0,0
283.521,13859826608897719907,0,0,0,0,0,0,0.000,0,0
283.536,13859826608897719907,0,0,0,0,0,0,0.000,0,0
283.551,13859826608897719907,0,0,0,0,0,0,0.000,0,0
283.565,13859826608897719907,0,0,0,0,0,0,0.000,0,0
283.580,13859826608897719907,0,0,0,0,0,0,0.000,0,0
283.594,13859826608897719907,0,0,0,0,0,0,0.000,0,0
283.609,13859826608897719907,0,0,0,0,0,0,0.000,0,0
283.638,13859826608897719907,0,0,0,0,0,0,0.000,0,0
283.653,13859826608897719907,0,0,0,0,0,0,0.000,0,0
283.668,13859826608897719907,0,0,0,0,0,0,0.000,0,0
283.683,13859826608897719907,0,0,0,0,0,0,0.000,0,0
283.698,13859826608897719907,0,0,0,0,0,0,0.000,0,0
283.713,13859826608897719907,0,0,0,0,0,0,0.000,0,0
283.728,13859826608897719907,0,0,0,0,0,0,0.000,0,0
283.742,13859826608897719907,0,0,0,0,0,0,0.000,0,0
283.772,13859826608897719907,0,0,0,0,0,0,0.000,0,0
283.786,13859826608897719907,0,0,0,0,0,0,0.000,0,0
283.801,13859826608897719907,0,0,0,0,0,0,0.000,0,0
283.815,13859826608897719907,0,0,0,0,0,0,0.000,0,0
283.830,13859826608897719907,0,0,0,0,0,0,0.000,0,0
283.845,13859826608897719907,0,0,0,0,0,0,0.000,0,0
283.859,13859826608897719907,0,0,0,0,0,0,0.000,0,0
283.874,13859826608897719907,0,0,0,0,0,0,0.000,0,0
283.904,13859826608897719907,0,0,0,0,0,0,0.000,0,0
283.918,13859826608897719907,0,0,0,0,0,0,0.000,0,0
283.933,13859826608897719907,0,0,0,0,0,0,0.000,0,0
283.948,13859826608897719907,0,0,0,0,0,0,0.000,0,0
283.963,13859826608897719907,0,0,0,0,0,0,0.000,0,0
283.977,13859826608897719907,0,0,0,0,0,0,0.000,0,0
283.992,13859826608897719907,0,0,0,0,0,0,0.000,0,0
284.007,13859826608897719907,0,0,0,0,0,0,0.000,0,0
284.036,13859826608897719907,0,0,0,0,0,0,0.000,0,0
284.051,13859826608897719907,0,0,0,0,0,0,0.000,0,0
284.066,13859826608897719907,0,0,0,0,0,0,0.000,0,0
284.080,13859826608897719907,0,0,0,0,0,0,0.000,0,0
284.095,13859826608897719907,0,0,0,0,0,0,0.000,0,0
284.110,13859826608897719907,0,0,0,0,0,0,0.000,0,0
284.125,13859826608897719907,0,0,0,0,0,0,0.000,0,0
284.140,13859826608897719907,0,0,0,0,0,0,0.000,0,0
284.169,13859826608897719907,0,0,0,0,0,0,0.000,0,0
284.184,13859826608897719907,0,0,0,0,0,0,0.000,0,0
284.198,13859826608897719907,0,0,0,0,0,0,0.000,0,0
284.213,13859826608897719907,0,0,0,0,0,0,0.000,0,0
284.227,13859826608897719907,0,0,0,0,0,0,0.000,0,0
284.242,13859826608897719907,0,0,0,0,0,0,0.000,0,0
284.271,13859826608897719907,0,0,0,0,0,0,0.000,0,0
284.285,13859826608897719907,0,0,0,0,0,0,0.000,0,0
284.300,13859826608897719907,0,0,0,0,0,0,0.000,0,0
284.314,13859826608897719907,0,0,0,0,0,0,0.000,0,0
284.329,13859826608897719907,0,0,0,0,0,0,0.000,0,0
284.343,13859826608897719907,0,0,0,0,0,0,0.000,0,0
284.371,13859826608897719907,0,0,0,0,0,0,0.000,0,0
284.386,13859826608897719907,0,0,0,0,0,0,0.000,0,0
284.400,13859826608897719907,0,0,0,0,0,0,0.000,0,0
284.414,13859826608897719907,0,0,0,0,0,0,0.000,0,0
284.428,13859826608897719907,0,0,0,0,0,0,0.000,0,0
284.442,13859826608897719907,0,0,0,0,0,0,0.000,0,0
284.470,13859826608897719907,0,0,0,0,0,0,0.000,0,0
284.483,13859826608897719907,0,0,0,0,0,0,0.000,0,0
284.497,13859826608897719907,0,0,0,0,0,0,0.000,0,0
284.511,13859826608897719907,0,0,0,0,0,0,0.000,0,0
284.525,13859826608897719907,0,0,0,0,0,0,0.000,0,0
284.552,13859826608897719907,0,0,0,0,0,0,0.000,0,0
284.566,13859826608897719907,0,0,0,0,0,0,0.000,0,0
284.580,13859826608897719907,0,0,0,0,0,0,0.000,0,0
284.594,13859826608897719907,0,0,0,0,0,0,0.000,0,0
284.621,13859826608897719907,0,0,0,0,0,0,0.000,0,0
284.635,13859826608897719907,0,0,0,0,0,0,0.000,0,0
284.648,13859826608897719907,0,0,0,0,0,0,0.000,0,0
284.674,13859826608897719907,0,0,0,0,0,0,0.000,0,0
284.687,13859826608897719907,0,0,0,0,0,0,0.000,0,0
284.700,13859826608897719907,0,0,0,0,0,0,0.000,0,0
284.726,13859826608897719907,0,0,0,0,0,0,0.000,0,0
284.738,13859826608897719907,0,0,0,0,0,0,0.000,0,0
284.751,13859826608897719907,0,0,0,0,0,0,0.000,0,0
284.764,13859826608897719907,0,0,0,0,0,0,0.000,0,0
284.777,13859826608897719907,0,0,0,0,0,0,0.000,0,0
284.804,13859826608897719907,0,0,0,0,0,0,0.000,0,0
284.818,13859826608897719907,0,0,0,0,0,0,0.000,0,0
284.832,13859826608897719907,0,0,0,0,0,0,0.000,0,0
284.846,13859826608897719907,0,0,0,0,0,0,0.000,0,0
284.861,13859826608897719907,0,0,0,0,0,0,0.000,0,0
284.876,13859826608897719907,0,0,0,0,0,0,0.000,0,0
284.891,13859826608897719907,0,0,0,0,0,0,0.000,0,0
284.906,13859826608897719907,0,0,0,0,0,0,0.000,0,0
284.922,13859826608897719907,0,0,0,0,0,0,0.000,0,0
284.953,13859826608897719907,0,0,0,0,0,0,0.000,0,0
284.968,13859826608897719907,0,0,0,0,0,0,0.000,0,0
284.984,13859826608897719907,0,0,0,0,0,0,0.000,0,0
284.999,13859826608897719907,0,0,0,0,0,0,0.000,0,0
285.015,13859826608897719907,0,0,0,0,0,0,0.000,0,0
285.030,13859826608897719907,0,0,0,0,0,0,0.000,0,0
285.045,13859826608897719907,0,0,0,0,0,0,0.000,0,0
285.060,13859826608897719907,0,0,0,0,0,0,0.000,0,0
285.075,13859826608897719907,0,0,0,0,0,0,0.000,0,0
285.091,13859826608897719907,0,0,0,0,0,0,0.000,0,0
285.120,13859826608897719907,0,0,0,0,0,0,0.000,0,0
285.135,13859826608897719907,0,0,0,0,0,0,0.000,0,0
285.150,13859826608897719907,0,0,0,0,0,0,0.000,0,0
285.165,13859826608897719907,0,0,0,0,0,0,0.000,0,0
285.180,13859826608897719907,0,0,0,0,0,0,0.000,0,0
285.195,13859826608897719907,0,0,0,0,0,0,0.000,0,0
285.211,13859826608897719907,0,0,0,0,0,0,0.000,0,0
285.226,13859826608897719907,0,0,0,0,0,0,0.000,0,0
285.241,13859826608897719907,0,0,0,0,0,0,0.000,0,0
285.271,13859826608897719907,0,0,0,0,0,0,0.000,0,0
285.286,13859826608897719907,0,0,0,0,0,0,0.000,0,0
285.301,13859826608897719907,0,0,0,0,0,0,0.000,0,0
285.316,13859826608897719907,0,0,0,0,0,0,0.000,0,0
285.331,13859826608897719907,0,0,0,0,0,0,0.000,0,0
285.346,13859826608897719907,0,0,0,0,0,0,0.000,0,0
285.361,13859826608897719907,0,0,0,0,0,0,0.000,0,0
285.376,13859826608897719907,0,0,0,0,0,0,0.000,0,0
285.392,13859826608897719907,0,0,0,0,0,0,0.000,0,0
285.407,13859826608897719907,0,0,0,0,0,0,0.000,0,0
285.438,13859826608897719907,0,0,0,0,0,0,0.000,0,0
285.453,13859826608897719907,0,0,0,0,0,0,0.000,0,0
285.468,13859826608897719907,0,0,0,0,0,0,0.000,0,0
285.483,13859826608897719907,0,0,0,0,0,0,0.000,0,0
285.498,13859826608897719907,0,0,0,0,0,0,0.000,0,0
285.513,13859826608897719907,0,0,0,0,0,0,0.000,0,0
285.528,13859826608897719907,0,0,0,0,0,0,0.000,0,0
285.543,13859826608897719907,0,0,0,0,0,0,0.000,0,0
285.558,13859826608897719907,0,0,0,0,0,0,0.000,0,0
285.588,13859826608897719907,0,0,0,0,0,0,0.000,0,0
285.603,13859826608897719907,0,0,0,0,0,0,0.000,0,0
285.618,13859826608897719907,0,0,0,0,0,0,0.000,0,0
285.633,13859826608897719907,0,0,0,0,0,0,0.000,0,0
285.648,13859826608897719907,0,0,0,0,0,0,0.000,0,0
285.663,13859826608897719907,0,0,0,0,0,0,0.000,0,0
285.678,13859826608897719907,0,0,0,0,0,0,0.000,0,0
285.693,13859826608897719907,0,0,0,0,0,0,0.000,0,0
285.709,13859826608897719907,0,0,0,0,0,0,0.000,0,0
285.724,13859826608897719907,0,0,0,0,0,0,0.000,0,0
285.740,13859826608897719907,0,0,0,0,0,0,0.000,0,0
285.756,13859826608897719907,0,0,0,0,0,0,0.000,0,0
285.772,13859826608897719907,0,0,0,0,0,0,0.000,0,0
285.788,13859826608897719907,0,0,0,0,0,0,0.000,0,0
285.804,13859826608897719907,0,0,0,0,0,0,0.000,0,0
285.835,13859826608897719907,0,0,0,0,0,0,0.000,0,0
285.851,13859826608897719907,0,0,0,0,0,0,0.000,0,0
285.866,13859826608897719907,0,0,0,0,0,0,0.000,0,0
285.881,13859826608897719907,0,0,0,0,0,0,0.000,0,0
285.897,13859826608897719907,0,0,0,0,0,0,0.000,0,0
285.912,13859826608897719907,0,0,0,0,0,0,0.000,0,0
285.927,13859826608897719907,0,0,0,0,0,0,0.000,0,0
285.942,13859826608897719907,0,0,0,0,0,0,0.000,0,0
285.971,13859826608897719907,0,0,0,0,0,0,0.000,0,0
285.986,13859826608897719907,0,0,0,0,0,0,0.000,0,0
286.001,13859826608897719907,0,0,0,0,0,0,0.000,0,0
286.015,13859826608897719907,0,0,0,0,0,0,0.000,0,0
286.030,13859826608897719907,0,0,0,0,0,0,0.000,0,0
286.044,13859826608897719907,0,0,0,0,0,0,0.000,0,0
286.059,13859826608897719907,0,0,0,0,0,0,0.000,0,0
286.074,13859826608897719907,0,0,0,0,0,0,0.000,0,0
286.089,13859826608897719907,0,0,0,0,0,0,0.000,0,0
286.119,13859826608897719907,0,0,0,0,0,0,0.000,0,0
286.133,13859826608897719907,0,0,0,0,0,0,0.000,0,0
286.148,13859826608897719907,0,0,0,0,0,0,0.000,0,0
286.164,13859826608897719907,0,0,0,0,0,0,0.000,0,0
286.179,13859826608897719907,0,0,0,0,0,0,0.000,0,0
286.194,13859826608897719907,0,0,0,0,0,0,0.000,0,0
286.210,13859826608897719907,0,0,0,0,0,0,0.000,0,0
286.225,13859826608897719907,0,0,0,0,0,0,0.000,0,0
286.240,13859826608897719907,0,0,0,0,0,0,0.000,0,0
286.270,13859826608897719907,0,0,0,0,0,0,0.000,0,0
286.285,13859826608897719907,0,0,0,0,0,0,0.000,0,0
286.299,13859826608897719907,0,0,0,0,0,0,0.000,0,0
286.314,13859826608897719907,0,0,0,0,0,0,0.000,0,0
286.328,13859826608897719907,0,0,0,0,0,0,0.000,0,0
286.343,13859826608897719907,0,0,0,0,0,0,0.000,0,0
286.358,13859826608897719907,0,0,0,0,0,0,0.000,0,0
286.387,13859826608897719907,0,0,0,0,0,0,0.000,0,0
286.401,13859826608897719907,0,0,0,0,0,0,0.000,0,0
286.416,13859826608897719907,0,0,0,0,0,0,0.000,0,0
286.431,13859826608897719907,0,0,0,0,0,0,0.000,0,0
286.445,13859826608897719907,0,0,0,0,0,0,0.000,0,0
286.460,13859826608897719907,0,0,0,0,0,0,0.000,0,0
286.475,13859826608897719907,0,0,0,0,0,0,0.000,0,0
286.490,13859826608897719907,0,0,0,0,0,0,0.000,0,0
286.520,13859826608897719907,0,0,0,0,0,0,0.000,0,0
286.535,13859826608897719907,0,0,0,0,0,0,0.000,0,0
286.550,13859826608897719907,0,0,0,0,0,0,0.000,0,0
286.565,13859826608897719907,0,0,0,0,0,0,0.000,0,0
286.580,13859826608897719907,0,0,0,0,0,0,0.000,0,0
286.595,13859826608897719907,0,0,0,0,0,0,0.000,0,0
286.610,13859826608897719907,0,0,0,0,0,0,0.000,0,0
286.626,13859826608897719907,0,0,0,0,0,0,0.000,0,0
286.641,13859826608897719907,0,0,0,0,0,0,0.000,0,0
286.656,13859826608897719907,0,0,0,0,0,0,0.000,0,0
286.671,13859826608897719907,0,0,0,0,0,0,0.000,0,0
286.701,13859826608897719907,0,0,0,0,0,0,0.000,0,0
286.716,13859826608897719907,0,0,0,0,0,0,0.000,0,0
286.731,13859826608897719907,0,0,0,0,0,0,0.000,0,0
286.745,13859826608897719907,0,0,0,0,0,0,0.000,0,0
286.760,13859826608897719907,0,0,0,0,0,0,0.000,0,0
286.774,13859826608897719907,0,0,0,0,0,0,0.000,0,0
286.803,13859826608897719907,0,0,0,0,0,0,0.000,0,0
286.817,13859826608897719907,0,0,0,0,0,0,0.000,0,0
286.832,13859826608897719907,0,0,0,0,0,0,0.000,0,0
286.846,13859826608897719907,0,0,0,0,0,0,0.000,0,0
286.860,13859826608897719907,0,0,0,0,0,0,0.000,0,0
286.875,13859826608897719907,0,0,0,0,0,0,0.000,0,0
286.904,13859826608897719907,0,0,0,0,0,0,0.000,0,0
286.919,13859826608897719907,0,0,0,0,0,0,0.000,0,0
286.934,13859826608897719907,0,0,0,0,0,0,0.000,0,0
286.950,13859826608897719907,0,0,0,0,0,0,0.000,0,0
286.967,13859826608897719907,0,0,0,0,0,0,0.000,0,0
286.984,13859826608897719907,0,0,0,0,0,0,0.000,0,0
287.002,13859826608897719907,0,0,0,0,0,0,0.000,0,0
287.019,13859826608897719907,0,0,0,0,0,0,0.000,0,0
287.037,13859826608897719907,0,0,0,0,0,0,0.000,0,0
287.053,13859826608897719907,0,0,0,0,0,0,0.000,0,0
287.070,13859826608897719907,0,0,0,0,0,0,0.000,0,0
287.087,13859826608897719907,0,0,0,0,0,0,0.000,0,0
287.103,13859826608897719907,0,0,0,0,0,0,0.000,0,0
287.119,13859826608897719907,0,0,0,0,0,0,0.000,0,0
287.135,13859826608897719907,0,0,0,0,0,0,0.000,0,0
287.151,13859826608897719907,0,0,0,0,0,0,0.000,0,0
287.167,13859826608897719907,0,0,0,0,0,0,0.000,0,0
287.183,13859826608897719907,0,0,0,0,0,0,0.000,0,0
287.198,13859826608897719907,0,0,0,0,0,0,0.000,0,0
287.213,13859826608897719907,0,0,0,0,0,0,0.000,0,0
287.228,13859826608897719907,0,0,0,0,0,0,0.000,0,0
287.244,13859826608897719907,0,0,0,0,0,0,0.000,0,0
287.259,13859826608897719907,0,0,0,0,0,0,0.000,0,0
287.275,13859826608897719907,0,0,0,0,0,0,0.000,0,0
287.290,13859826608897719907,0,0,0,0,0,0,0.000,0,0
287.305,13859826608897719907,0,0,0,0,0,0,0.000,0,0
287.336,13859826608897719907,0,0,0,0,0,0,0.000,0,0
287.352,13859826608897719907,0,0,0,0,0,0,0.000,0,0
287.367,13859826608897719907,0,0,0,0,0,0,0.000,0,0
287.382,13859826608897719907,0,0,0,0,0,0,0.000,0,0
287.398,13859826608897719907,0,0,0,0,0,0,0.000,0,0
287.413,13859826608897719907,0,0,0,0,0,0,0.000,0,0
287.429,13859826608897719907,0,0,0,0,0,0,0.000,0,0
287.444,13859826608897719907,0,0,0,0,0,0,0.000,0,0
287.460,13859826608897719907,0,0,0,0,0,0,0.000,0,0
287.476,13859826608897719907,0,0,0,0,0,0,0.000,0,0
287.491,13859826608897719907,0,0,0,0,0,0,0.000,0,0
287.507,13859826608897719907,0,0,0,0,0,0,0.000,0,0
287.522,13859826608897719907,0,0,0,0,0,0,0.000,0,0
287.538,13859826608897719907,0,0,0,0,0,0,0.000,0,0
287.553,13859826608897719907,0,0,0,0,0,0,0.000,0,0
287.584,13859826608897719907,0,0,0,0,0,0,0.000,0,0
287.599,13859826608897719907,0,0,0,0,0,0,0.000,0,0
287.615,13859826608897719907,0,0,0,0,0,0,0.000,0,0
287.630,13859826608897719907,0,0,0,0,0,0,0.000,0,0
287.645,13859826608897719907,0,0,0,0,0,0,0.000,0,0
287.661,13859826608897719907,0,0,0,0,0,0,0.000,0,0
287.677,13859826608897719907,0,0,0,0,0,0,0.000,0,0
287.692,13859826608897719907,0,0,0,0,0,0,0.000,0,0
287.708,13859826608897719907,0,0,0,0,0,0,0.000,0,0
287.723,13859826608897719907,0,0,0,0,0,0,0.000,0,0
287.739,13859826608897719907,0,0,0,0,0,0,0.000,0,0
287.754,13859826608897719907,0,0,0,0,0,0,0.000,0,0
287.785,13859826608897719907,0,0,0,0,0,0,0.000,0,0
287.800,13859826608897719907,0,0,0,0,0,0,0.000,0,0
287.815,13859826608897719907,0,0,0,0,0,0,0.000,0,0
287.831,13859826608897719907,0,0,0,0,0,0,0.000,0,0
287.846,13859826608897719907,0,0,0,0,0,0,0.000,0,0
287.861,13859826608897719907,0,0,0,0,0,0,0.000,0,0
287.878,13859826608897719907,0,0,0,0,0,0,0.000,0,0
287.894,13859826608897719907,0,0,0,0,0,0,0.000,0,0
287.910,13859826608897719907,0,0,0,0,0,0,0.000,0,0
287.944,13859826608897719907,0,0,0,0,0,0,0.000,0,0
287.997,13859826608897719907,0,0,0,0,0,0,0.000,0,0
288.014,13859826608897719907,0,0,0,0,0,0,0.000,0,0
288.048,13859826608897719907,0,0,0,0,0,0,0.000,0,0
288.065,13859826608897719907,0,0,0,0,0,0,0.000,0,0
288.079,13859826608897719907,0,0,0,0,0,0,0.000,0,0
288.095,13859826608897719907,0,0,0,0,0,0,0.000,0,0
288.110,13859826608897719907,0,0,0,0,0,0,0.000,0,0
288.125,13859826608897719907,0,0,0,0,0,0,0.000,0,0
288.140,13859826608897719907,0,0,0,0,0,0,0.000,0,0
288.154,13859826608897719907,0,0,0,0,0,0,0.000,0,0
288.184,13859826608897719907,0,0,0,0,0,0,0.000,0,0
288.199,13859826608897719907,0,0,0,0,0,0,0.000,0,0
288.213,13859826608897719907,0,0,0,0,0,0,0.000,0,0
288.228,13859826608897719907,0,0,0,0,0,0,0.000,0,0
288.243,13859826608897719907,0,0,0,0,0,0,0.000,0,0
288.257,13859826608897719907,0,0,0,0,0,0,0.000,0,0
288.272,13859826608897719907,0,0,0,0,0,0,0.000,0,0
288.302,13859826608897719907,0,0,0,0,0,0,0.000,0,0
288.316,13859826608897719907,0,0,0,0,0,0,0.000,0,0
288.331,13859826608897719907,0,0,0,0,0,0,0.000,0,0
288.346,13859826608897719907,0,0,0,0,0,0,0.000,0,0
288.361,13859826608897719907,0,0,0,0,0,0,0.000,0,0
288.376,13859826608897719907,0,0,0,0,0,0,0.000,0,0
288.391,13859826608897719907,0,0,0,0,0,0,0.000,0,0
288.406,13859826608897719907,0,0,0,0,0,0,0.000,0,0
288.421,13859826608897719907,0,0,0,0,0,0,0.000,0,0
288.436,13859826608897719907,0,0,0,0,0,0,0.000,0,0
288.466,13859826608897719907,0,0,0,0,0,0,0.000,0,0
288.481,13859826608897719907,0,0,0,0,0,0,0.000,0,0
288.496,13859826608897719907,0,0,0,0,0,0,0.000,0,0
288.511,13859826608897719907,0,0,0,0,0,0,0.000,0,0
288.526,13859826608897719907,0,0,0,0,0,0,0.000,0,0
288.541,13859826608897719907,0,0,0,0,0,0,0.000,0,0
288.571,13859826608897719907,0,0,0,0,0,0,0.000,0,0
288.586,13859826608897719907,0,0,0,0,0,0,0.000,0,0
288.600,13859826608897719907,0,0,0,0,0,0,0.000,0,0
288.615,13859826608897719907,0,0,0,0,0,0,0.000,0,0
288.630,13859826608897719907,0,0,0,0,0,0,0.000,0,0
288.645,13859826608897719907,0,0,0,0,0,0,0.000,0,0
288.660,13859826608897719907,0,0,0,0,0,0,0.000,0,0
288.675,13859826608897719907,0,0,0,0,0,0,0.000,0,0
288.690,13859826608897719907,0,0,0,0,0,0,0.000,0,0
288.705,13859826608897719907,0,0,0,0,0,0,0.000,0,0
288.735,13859826608897719907,0,0,0,0,0,0,0.000,0,0
288.750,13859826608897719907,0,0,0,0,0,0,0.000,0,0
288.765,13859826608897719907,0,0,0,0,0,0,0.000,0,0
288.780,13859826608897719907,0,0,0,0,0,0,0.000,0,0
288.794,13859826608897719907,0,0,0,0,0,0,0.000,0,0
288.809,13859826608897719907,0,0,0,0,0,0,0.000,0,0
288.824,13859826608897719907,0,0,0,0,0,0,0.000,0,0
288.853,13859826608897719907,0,0,0,0,0,0,0.000,0,0
288.867,13859826608897719907,0,0,0,0,0,0,0.000,0,0
288.882,13859826608897719907,0,0,0,0,0,0,0.000,0,0
288.896,13859826608897719907,0,0,0,0,0,0,0.000,0,0
288.911,13859826608897719907,0,0,0,0,0,0,0.000,0,0
288.954,13859826608897719907,0,0,0,0,0,0,0.000,0,0
288.969,13859826608897719907,0,0,0,0,0,0,0.000,0,0
288.983,13859826608897719907,0,0,0,0,0,0,0.000,0,0
288.997,13859826608897719907,0,0,0,0,0,0,0.000,0,0
289.012,13859826608897719907,0,0,0,0,0,0,0.000,0,0
289.026,13859826608897719907,0,0,0,0,0,0,0.000,0,0
289.041,13859826608897719907,0,0,0,0,0,0,0.000,0,0
289.070,13859826608897719907,0,0,0,0,0,0,0.000,0,0
289.085,13859826608897719907,0,0,0,0,0,0,0.000,0,0
289.099,13859826608897719907,0,0,0,0,0,0,0.000,0,0
289.114,13859826608897719907,0,0,0,0,0,0,0.000,0,0
289.128,13859826608897719907,0,0,0,0,0,0,0.000,0,0
289.143,13859826608897719907,0,0,0,0,0,0,0.000,0,0
289.157,13859826608897719907,0,0,0,0,0,0,0.000,0,0
289.186,13859826608897719907,0,0,0,0,0,0,0.000,0,0
289.200,13859826608897719907,0,0,0,0,0,0,0.000,0,0
289.214,13859826608897719907,0,0,0,0,0,0,0.000,0,0
289.228,13859826608897719907,0,0,0,0,0,0,0.000,0,0
289.243,13859826608897719907,0,0,0,0,0,0,0.000,0,0
289.271,13859826608897719907,0,0,0,0,0,0,0.000,0,0
289.285,13859826608897719907,0,0,0,0,0,0,0.000,0,0
289.299,13859826608897719907,0,0,0,0,0,0,0.000,0,0
289.313,13859826608897719907,0,0,0,0,0,0,0.000,0,0
289.327,13859826608897719907,0,0,0,0,0,0,0.000,0,0
289.355,13859826608897719907,0,0,0,0,0,0,0.000,0,0
289.369,13859826608897719907,0,0,0,0,0,0,0.000,0,0
289.383,13859826608897719907,0,0,0,0,0,0,0.000,0,0
289.397,13859826608897719907,0,0,0,0,0,0,0.000,0,0
289.411,13859826608897719907,0,0,0,0,0,0,0.000,0,0
289.439,13859826608897719907,0,0,0,0,0,0,0.000,0,0
289.453,13859826608897719907,0,0,0,0,0,0,0.000,0,0
289.468,13859826608897719907,0,0,0,0,0,0,0.000,0,0
289.481,13859826608897719907,0,0,0,0,0,0,0.000,0,0
289.495,13859826608897719907,0,0,0,0,0,0,0.000,0,0
289.509,13859826608897719907,0,0,0,0,0,0,0.000,0,0
289.537,13859826608897719907,0,0,0,0,0,0,0.000,0,0
289.551,13859826608897719907,0,0,0,0,0,0,0.000,0,0
289.564,13859826608897719907,0,0,0,0,0,0,0.000,0,0
289.578,13859826608897719907,0,0,0,0,0,0,0.000,0,0
289.592,13859826608897719907,0,0,0,0,0,0,0.000,0,0
289.620,13859826608897719907,0,0,0,0,0,0,0.000,0,0
289.634,13859826608897719907,0,0,0,0,0,0,0.000,0,0
289.647,13859826608897719907,0,0,0,0,0,0,0.000,0,0
289.661,13859826608897719907,0,0,0,0,0,0,0.000,0,0
289.688,13859826608897719907,0,0,0,0,0,0,0.000,0,0
289.701,13859826608897719907,0,0,0,0,0,0,0.000,0,0
289.715,13859826608897719907,0,0,0,0,0,0,0.000,0,0
289.729,13859826608897719907,0,0,0,0,0,0,0.000,0,0
289.756,13859826608897719907,0,0,0,0,0,0,0.000,0,0
289.770,13859826608897719907,0,0,0,0,0,0,0.000,0,0
289.783,13859826608897719907,0,0,0,0,0,0,0.000,0,0
289.797,13859826608897719907,0,0,0,0,0,0,0.000,0,0
289.810,13859826608897719907,0,0,0,0,0,0,0.000,0,0
289.837,13859826608897719907,0,0,0,0,0,0,0.000,0,0
289.851,13859826608897719907,0,0,0,0,0,0,0.000,0,0
289.864,13859826608897719907,0,0,0,0,0,0,0.000,0,0
289.891,13859826608897719907,0,0,0,0,0,0,0.000,0,0
289.904,13859826608897719907,0,0,0,0,0,0,0.000,0,0
289.918,13859826608897719907,0,0,0,0,0,0,0.000,0,0
289.945,13859826608897719907,0,0,0,0,0,0,0.000,0,0
289.972,13859826608897719907,0,0,0,0,0,0,0.000,0,0
289.986,13859826608897719907,0,0,0,0,0,0,0.000,0,0
290.000,13859826608897719907,0,0,0,0,0,0,0.000,0,0
290.014,13859826608897719907,0,0,0,0,0,0,0.000,0,0
290.028,13859826608897719907,0,0,0,0,0,0,0.000,0,0
290.055,13859826608897719907,0,0,0,0,0,0,0.000,0,0
290.069,13859826608897719907,0,0,0,0,0,0,0.000,0,0
290.082,13859826608897719907,0,0,0,0,0,0,0.000,0,0
290.096,13859826608897719907,0,0,0,0,0,0,0.000,0,0
290.123,13859826608897719907,0,0,0,0,0,0,0.000,0,0
290.137,13859826608897719907,0,0,0,0,0,0,0.000,0,0
290.150,13859826608897719907,0,0,0,0,0,0,0.000,0,0
290.164,13859826608897719907,0,0,0,0,0,0,0.000,0,0
290.178,13859826608897719907,0,0,0,0,0,0,0.000,0,0
290.206,13859826608897719907,0,0,0,0,0,0,0.000,0,0
290.219,13859826608897719907,0,0,0,0,0,0,0.000,0,0
290.233,13859826608897719907,0,0,0,0,0,0,0.000,0,0
290.247,13859826608897719907,0,0,0,0,0,0,0.000,0,0
290.260,13859826608897719907,0,0,0,0,0,0,0.000,0,0
290.288,13859826608897719907,0,0,0,0,0,0,0.000,0,0
290.301,13859826608897719907,0,0,0,0,0,0,0.000,0,0
290.315,13859826608897719907,0,0,0,0,0,0,0.000,0,0
290.329,13859826608897719907,0,0,0,0,0,0,0.000,0,0
290.356,13859826608897719907,0,0,0,0,0,0,0.000,0,0
290.370,13859826608897719907,0,0,0,0,0,0,0.000,0,0
290.384,13859826608897719907,0,0,0,0,0,0,0.000,0,0
290.398,13859826608897719907,0,0,0,0,0,0,0.000,0,0
290.411,13859826608897719907,0,0,0,0,0,0,0.000,0,0
290.439,13859826608897719907,0,0,0,0,0,0,0.000,0,0
290.453,13859826608897719907,0,0,0,0,0,0,0.000,0,0
290.467,13859826608897719907,0,0,0,0,0,0,0.000,0,0
290.482,13859826608897719907,0,0,0,0,0,0,0.000,0,0
290.496,13859826608897719907,0,0,0,0,0,0,0.000,0,0
290.511,13859826608897719907,0,0,0,0,0,0,0.000,0,0
290.526,13859826608897719907,0,0,0,0,0,0,0.000,0,0
290.540,13859826608897719907,0,0,0,0,0,0,0.000,0,0
290.555,13859826608897719907,0,0,0,0,0,0,0.000,0,0
290.584,13859826608897719907,0,0,0,0,0,0,0.000,0,0
290.598,13859826608897719907,0,0,0,0,0,0,0.000,0,0
290.612,13859826608897719907,0,0,0,0,0,0,0.000,0,0
290.626,13859826608897719907,0,0,0,0,0,0,0.000,0,0
290.655,13859826608897719907,0,0,0,0,0,0,0.000,0,0
290.669,13859826608897719907,0,0,0,0,0,0,0.000,0,0
290.683,13859826608897719907,0,0,0,0,0,0,0.000,0,0
290.697,13859826608897719907,0,0,0,0,0,0,0.000,0,0
290.711,13859826608897719907,0,0,0,0,0,0,0.000,0,0
290.725,13859826608897719907,0,0,0,0,0,0,0.000,0,0
290.740,13859826608897719907,0,0,0,0,0,0,0.000,0,0
290.768,13859826608897719907,0,0,0,0,0,0,0.000,0,0
290.782,13859826608897719907,0,0,0,0,0,0,0.000,0,0
290.796,13859826608897719907,0,0,0,0,0,0,0.000,0,0
290.811,13859826608897719907,0,0,0,0,0,0,0.000,0,0
290.839,13859826608897719907,0,0,0,0,0,0,0.000,0,0
290.853,13859826608897719907,0,0,0,0,0,0,0.000,0,0
290.867,13859826608897719907,0,0,0,0,0,0,0.000,0,0
290.882,13859826608897719907,0,0,0,0,0,0,0.000,0,0
290.896,13859826608897719907,0,0,0,0,0,0,0.000,0,0
290.910,13859826608897719907,0,0,0,0,0,0,0.000,0,0
290.924,13859826608897719907,0,0,0,0,0,0,0.000,0,0
290.953,13859826608897719907,0,0,0,0,0,0,0.000,0,0
290.967,13859826608897719907,0,0,0,0,0,0,0.000,0,0
290.982,13859826608897719907,0,0,0,0,0,0,0.000,0,0
290.996,13859826608897719907,0,0,0,0,0,0,0.000,0,0
291.010,13859826608897719907,0,0,0,0,0,0,0.000,0,0
291.038,13859826608897719907,0,0,0,0,0,0,0.000,0,0
291.053,13859826608897719907,0,0,0,0,0,0,0.000,0,0
291.067,13859826608897719907,0,0,0,0,0,0,0.000,0,0
291.081,13859826608897719907,0,0,0,0,0,0,0.000,0,0
291.096,13859826608897719907,0,0,0,0,0,0,0.000,0,0
291.110,13859826608897719907,0,0,0,0,0,0,0.000,0,0
291.125,13859826608897719907,0,0,0,0,0,0,0.000,0,0
291.153,13859826608897719907,0,0,0,0,0,0,0.000,0,0
291.167,13859826608897719907,0,0,0,0,0,0,0.000,0,0
291.182,13859826608897719907,0,0,0,0,0,0,0.000,0,0
291.196,13859826608897719907,0,0,0,0,0,0,0.000,0,0
291.210,13859826608897719907,0,0,0,0,0,0,0.000,0,0
291.224,13859826608897719907,0,0,0,0,0,0,0.000,0,0
291.239,13859826608897719907,0,0,0,0,0,0,0.000,0,0
291.268,13859826608897719907,0,0,0,0,0,0,0.000,0,0
291.282,13859826608897719907,0,0,0,0,0,0,0.000,0,0
291.297,13859826608897719907,0,0,0,0,0,0,0.000,0,0
291.312,13859826608897719907,0,0,0,0,0,0,0.000,0,0
291.327,13859826608897719907,0,0,0,0,0,0,0.000,0,0
291.341,13859826608897719907,0,0,0,0,0,0,0.000,0,0
291.356,13859826608897719907,0,0,0,0,0,0,0.000,0,0
291.386,13859826608897719907,0,0,0,0,0,0,0.000,0,0
291.401,13859826608897719907,0,0,0,0,0,0,0.000,0,0
291.416,13859826608897719907,0,0,0,0,0,0,0.000,0,0
291.431,13859826608897719907,0,0,0,0,0,0,0.000,0,0
291.445,13859826608897719907,0,0,0,0,0,0,0.000,0,0
291.460,13859826608897719907,0,0,0,0,0,0,0.000,0,0
291.475,13859826608897719907,0,0,0,0,0,0,0.000,0,0
291.490,13859826608897719907,0,0,0,0,0,0,0.000,0,0
291.505,13859826608897719907,0,0,0,0,0,0,0.000,0,0
291.535,13859826608897719907,0,0,0,0,0,0,0.000,0,0
291.549,13859826608897719907,0,0,0,0,0,0,0.000,0,0
291.564,13859826608897719907,0,0,0,0,0,0,0.000,0,0
291.579,13859826608897719907,0,0,0,0,0,0,0.000,0,0
291.594,13859826608897719907,0,0,0,0,0,0,0.000,0,0
291.608,13859826608897719907,0,0,0,0,0,0,0.000,0,0
291.623,13859826608897719907,0,0,0,0,0,0,0.000,0,0
291.652,13859826608897719907,0,0,0,0,0,0,0.000,0,0
291.667,13859826608897719907,0,0,0,0,0,0,0.000,0,0
291.682,13859826608897719907,0,0,0,0,0,0,0.000,0,0
291.696,13859826608897719907,0,0,0,0,0,0,0.000,0,0
291.711,13859826608897719907,0,0,0,0,0,0,0.000,0,0
291.726,13859826608897719907,0,0,0,0,0,0,0.000,0,0
291.741,13859826608897719907,0,0,0,0,0,0,0.000,0,0
291.755,13859826608897719907,0,0,0,0,0,0,0.000,0,0
291.784,13859826608897719907,0,0,0,0,0,0,0.000,0,0
291.799,13859826608897719907,0,0,0,0,0,0,0.000,0,0
291.814,13859826608897719907,0,0,0,0,0,0,0.000,0,0
291.828,13859826608897719907,0,0,0,0,0,0,0.000,0,0
291.849,13859826608897719907,0,0,0,0,0,0,0.000,0,0
291.870,13859826608897719907,0,0,0,0,0,0,0.000,0,0
291.891,13859826608897719907,0,0,0,0,0,0,0.000,0,0
291.932,13859826608897719907,0,0,0,0,0,0,0.000,0,0
291.952,13859826608897719907,0,0,0,0,0,0,0.000,0,0
291.972,13859826608897719907,0,0,0,0,0,0,0.000,0,0
291.987,13859826608897719907,0,0,0,0,0,0,0.000,0,0
292.001,13859826608897719907,0,0,0,0,0,0,0.000,0,0
292.016,13859826608897719907,0,0,0,0,0,0,0.000,0,0
292.030,13859826608897719907,0,0,0,0,0,0,0.000,0,0
292.045,13859826608897719907,0,0,0,0,0,0,0.000,0,0
292.060,13859826608897719907,0,0,0,0,0,0,0.000,0,0
292.074,13859826608897719907,0,0,0,0,0,0,0.000,0,0
292.088,13859826608897719907,0,0,0,0,0,0,0.000,0,0
292.103,13859826608897719907,0,0,0,0,0,0,0.000,0,0
292.117,13859826608897719907,0,0,0,0,0,0,0.000,0,0
292.146,13859826608897719907,0,0,0,0,0,0,0.000,0,0
292.160,13859826608897719907,0,0,0,0,0,0,0.000,0,0
292.204,13859826608897719907,0,0,0,0,0,0,0.000,0,0
292.219,13859826608897719907,0,0,0,0,0,0,0.000,0,0
292.233,13859826608897719907,0,0,0,0,0,0,0.000,0,0
292.248,13859826608897719907,0,0,0,0,0,0,0.000,0,0
292.262,13859826608897719907,0,0,0,0,0,0,0.000,0,0
292.277,13859826608897719907,0,0,0,0,0,0,0.000,0,0
292.292,13859826608897719907,0,0,0,0,0,0,0.000,0,0
292.321,13859826608897719907,0,0,0,0,0,0,0.000,0,0
292.335,13859826608897719907,0,0,0,0,0,0,0.000,0,0
292.350,13859826608897719907,0,0,0,0,0,0,0.000,0,0
292.364,13859826608897719907,0,0,0,0,0,0,0.000,0,0
292.379,13859826608897719907,0,0,0,0,0,0,0.000,0,0
292.393,13859826608897719907,0,0,0,0,0,0,0.000,0,0
292.408,13859826608897719907,0,0,0,0,0,0,0.000,0,0
292.452,13859826608897719907,0,0,0,0,0,0,0.000,0,0
292.467,13859826608897719907,0,0,0,0,0,0,0.000,0,0
292.482,13859826608897719907,0,0,0,0,0,0,0.000,0,0
292.496,13859826608897719907,0,0,0,0,0,0,0.000,0,0
292.511,13859826608897719907,0,0,0,0,0,0,0.000,0,0
292.526,13859826608897719907,0,0,0,0,0,0,0.000,0,0
292.541,13859826608897719907,0,0,0,0,0,0,0.000,0,0
292.571,13859826608897719907,0,0,0,0,0,0,0.000,0,0
292.585,13859826608897719907,0,0,0,0,0,0,0.000,0,0
292.600,13859826608897719907,0,0,0,0,0,0,0.000,0,0
292.615,13859826608897719907,0,0,0,0,0,0,0.000,0,0
292.630,13859826608897719907,0,0,0,0,0,0,0.000,0,0
292.645,13859826608897719907,0,0,0,0,0,0,0.000,0,0
292.660,13859826608897719907,0,0,0,0,0,0,0.000,0,0
292.675,13859826608897719907,0,0,0,0,0,0,0.000,0,0
292.690,13859826608897719907,0,0,0,0,0,0,0.000,0,0
292.720,13859826608897719907,0,0,0,0,0,0,0.000,0,0
292.735,13859826608897719907,0,0,0,0,0,0,0.000,0,0
292.750,13859826608897719907,0,0,0,0,0,0,0.000,0,0
292.765,13859826608897719907,0,0,0,0,0,0,0.000,0,0
292.780,13859826608897719907,0,0,0,0,0,0,0.000,0,0
292.795,13859826608897719907,0,0,0,0,0,0,0.000,0,0
292.810,13859826608897719907,0,0,0,0,0,0,0.000,0,0
292.825,13859826608897719907,0,0,0,0,0,0,0.000,0,0
292.841,13859826608897719907,0,0,0,0,0,0,0.000,0,0
292.870,13859826608897719907,0,0,0,0,0,0,0.000,0,0
292.885,13859826608897719907,0,0,0,0,0,0,0.000,0,0
292.900,13859826608897719907,0,0,0,0,0,0,0.000,0,0
292.915,13859826608897719907,0,0,0,0,0,0,0.000,0,0
292.944,13859826608897719907,0,0,0,0,0,0,0.000,0,0
292.959,13859826608897719907,0,0,0,0,0,0,0.000,0,0
292.974,13859826608897719907,0,0,0,0,0,0,0.000,0,0
292.990,13859826608897719907,0,0,0,0,0,0,0.000,0,0
293.006,13859826608897719907,0,0,0,0,0,0,0.000,0,0
293.037,13859826608897719907,0,0,0,0,0,0,0.000,0,0
293.053,13859826608897719907,0,0,0,0,0,0,0.000,0,0
293.084,13859826608897719907,0,0,0,0,0,0,0.000,0,0
293.099,13859826608897719907,0,0,0,0,0,0,0.000,0,0
293.115,13859826608897719907,0,0,0,0,0,0,0.000,0,0
293.146,13859826608897719907,0,0,0,0,0,0,0.000,0,0
293.162,13859826608897719907,0,0,0,0,0,0,0.000,0,0
293.193,13859826608897719907,0,0,0,0,0,0,0.000,0,0
293.209,13859826608897719907,0,0,0,0,0,0,0.000,0,0
293.254,13859826608897719907,0,0,0,0,0,0,0.000,0,0
293.269,13859826608897719907,0,0,0,0,0,0,0.000,0,0
293.284,13859826608897719907,0,0,0,0,0,0,0.000,0,0
293.299,13859826608897719907,0,0,0,0,0,0,0.000,0,0
293.313,13859826608897719907,0,0,0,0,0,0,0.000,0,0
293.328,13859826608897719907,0,0,0,0,0,0,0.000,0,0
293.343,13859826608897719907,0,0,0,0,0,0,0.000,0,0
293.358,13859826608897719907,0,0,0,0,0,0,0.000,0,0
293.387,13859826608897719907,0,0,0,0,0,0,0.000,0,0
293.401,13859826608897719907,0,0,0,0,0,0,0.000,0,0
293.416,13859826608897719907,0,0,0,0,0,0,0.000,0,0
293.430,13859826608897719907,0,0,0,0,0,0,0.000,0,0
293.445,13859826608897719907,0,0,0,0,0,0,0.000,0,0
293.459,13859826608897719907,0,0,0,0,0,0,0.000,0,0
293.474,13859826608897719907,0,0,0,0,0,0,0.000,0,0
293.489,13859826608897719907,0,0,0,0,0,0,0.000,0,0
293.504,13859826608897719907,0,0,0,0,0,0,0.000,0,0
293.533,13859826608897719907,0,0,0,0,0,0,0.000,0,0
293.548,13859826608897719907,0,0,0,0,0,0,0.000,0,0
293.563,13859826608897719907,0,0,0,0,0,0,0.000,0,0
293.577,13859826608897719907,0,0,0,0,0,0,0.000,0,0
293.592,13859826608897719907,0,0,0,0,0,0,0.000,0,0
293.607,13859826608897719907,0,0,0,0,0,0,0.000,0,0
293.636,13859826608897719907,0,0,0,0,0,0,0.000,0,0
293.651,13859826608897719907,0,0,0,0,0,0,0.000,0,0
293.665,13859826608897719907,0,0,0,0,0,0,0.000,0,0
293.680,13859826608897719907,0,0,0,0,0,0,0.000,0,0
293.695,13859826608897719907,0,0,0,0,0,0,0.000,0,0
293.710,13859826608897719907,0,0,0,0,0,0,0.000,0,0
293.725,13859826608897719907,0,0,0,0,0,0,0.000,0,0
293.740,13859826608897719907,0,0,0,0,0,0,0.000,0,0
293.770,13859826608897719907,0,0,0,0,0,0,0.000,0,0
293.785,13859826608897719907,0,0,0,0,0,0,0.000,0,0
293.799,13859826608897719907,0,0,0,0,0,0,0.000,0,0
293.814,13859826608897719907,0,0,0,0,0,0,0.000,0,0
293.828,13859826608897719907,0,0,0,0,0,0,0.000,0,0
293.843,13859826608897719907,0,0,0,0,0,0,0.000,0,0
293.857,13859826608897719907,0,0,0,0,0,0,0.000,0,0
293.886,13859826608897719907,0,0,0,0,0,0,0.000,0,0
293.901,13859826608897719907,0,0,0,0,0,0,0.000,0,0
293.916,13859826608897719907,0,0,0,0,0,0,0.000,0,0
293.930,13859826608897719907,0,0,0,0,0,0,0.000,0,0
293.945,13859826608897719907,0,0,0,0,0,0,0.000,0,0
293.959,13859826608897719907,0,0,0,0,0,0,0.000,0,0
293.988,13859826608897719907,0,0,0,0,0,0,0.000,0,0
294.003,13859826608897719907,0,0,0,0,0,0,0.000,0,0
294.017,13859826608897719907,0,0,0,0,0,0,0.000,0,0
294.031,13859826608897719907,0,0,0,0,0,0,0.000,0,0
294.046,13859826608897719907,0,0,0,0,0,0,0.000,0,0
294.060,13859826608897719907,0,0,0,0,0,0,0.000,0,0
294.075,13859826608897719907,0,0,0,0,0,0,0.000,0,0
294.089,13859826608897719907,0,0,0,0,0,0,0.000,0,0
294.118,13859826608897719907,0,0,0,0,0,0,0.000,0,0
294.133,13859826608897719907,0,0,0,0,0,0,0.000,0,0
294.147,13859826608897719907,0,0,0,0,0,0,0.000,0,0
294.162,13859826608897719907,0,0,0,0,0,0,0.000,0,0
294.176,13859826608897719907,0,0,0,0,0,0,0.000,0,0
294.190,13859826608897719907,0,0,0,0,0,0,0.000,0,0
294.219,13859826608897719907,0,0,0,0,0,0,0.000,0,0
294.234,13859826608897719907,0,0,0,0,0,0,0.000,0,0
294.248,13859826608897719907,0,0,0,0,0,0,0.000,0,0
294.262,13859826608897719907,0,0,0,0,0,0,0.000,0,0
294.276,13859826608897719907,0,0,0,0,0,0,0.000,0,0
294.305,13859826608897719907,0,0,0,0,0,0,0.000,0,0
294.319,13859826608897719907,0,0,0,0,0,0,0.000,0,0
294.333,13859826608897719907,0,0,0,0,0,0,0.000,0,0
294.347,13859826608897719907,0,0,0,0,0,0,0.000,0,0
294.362,13859826608897719907,0,0,0,0,0,0,0.000,0,0
294.376,13859826608897719907,0,0,0,0,0,0,0.000,0,0
294.390,13859826608897719907,0,0,0,0,0,0,0.000,0,0
294.418,13859826608897719907,0,0,0,0,0,0,0.000,0,0
294.432,13859826608897719907,0,0,0,0,0,0,0.000,0,0
294.446,13859826608897719907,0,0,0,0,0,0,0.000,0,0
294.460,13859826608897719907,0,0,0,0,0,0,0.000,0,0
294.488,13859826608897719907,0,0,0,0,0,0,0.000,0,0
294.503,13859826608897719907,0,0,0,0,0,0,0.000,0,0
294.517,13859826608897719907,0,0,0,0,0,0,0.000,0,0
294.532,13859826608897719907,0,0,0,0,0,0,0.000,0,0
294.546,13859826608897719907,0,0,0,0,0,0,0.000,0,0
294.561,13859826608897719907,0,0,0,0,0,0,0.000,0,0
294.576,13859826608897719907,0,0,0,0,0,0,0.000,0,0
294.591,13859826608897719907,0,0,0,0,0,0,0.000,0,0
294.620,13859826608897719907,0,0,0,0,0,0,0.000,0,0
294.634,13859826608897719907,0,0,0,0,0,0,0.000,0,0
294.649,13859826608897719907,0,0,0,0,0,0,0.000,0,0
294.663,13859826608897719907,0,0,0,0,0,0,0.000,0,0
294.678,13859826608897719907,0,0,0,0,0,0,0.000,0,0
294.692,13859826608897719907,0,0,0,0,0,0,0.000,0,0
294.707,13859826608897719907,0,0,0,0,0,0,0.000,0,0
294.735,13859826608897719907,0,0,0,0,0,0,0.000,0,0
294.750,13859826608897719907,0,0,0,0,0,0,0.000,0,0
294.764,13859826608897719907,0,0,0,0,0,0,0.000,0,0
294.778,13859826608897719907,0,0,0,0,0,0,0.000,0,0
294.792,13859826608897719907,0,0,0,0,0,0,0.000,0,0
294.821,13859826608897719907,0,0,0,0,0,0,0.000,0,0
294.835,13859826608897719907,0,0,0,0,0,0,0.000,0,0
294.849,13859826608897719907,0,0,0,0,0,0,0.000,0,0
294.864,13859826608897719907,0,0,0,0,0,0,0.000,0,0
294.878,13859826608897719907,0,0,0,0,0,0,0.000,0,0
294.906,13859826608897719907,0,0,0,0,0,0,0.000,0,0
294.920,13859826608897719907,0,0,0,0,0,0,0.000,0,0
294.934,13859826608897719907,0,0,0,0,0,0,0.000,0,0
294.948,13859826608897719907,0,0,0,0,0,0,0.000,0,0
294.962,13859826608897719907,0,0,0,0,0,0,0.000,0,0
294.976,13859826608897719907,0,0,0,0,0,0,0.000,0,0
294.990,13859826608897719907,0,0,0,0,0,0,0.000,0,0
295.018,13859826608897719907,0,0,0,0,0,0,0.000,0,0
295.032,13859826608897719907,0,0,0,0,0,0,0.000,0,0
295.046,13859826608897719907,0,0,0,0,0,0,0.000,0,0
295.060,13859826608897719907,0,0,0,0,0,0,0.000,0,0
295.075,13859826608897719907,0,0,0,0,0,0,0.000,0,0
295.103,13859826608897719907,0,0,0,0,0,0,0.000,0,0
295.145,13859826608897719907,0,0,0,0,0,0,0.000,0,0
295.174,13859826608897719907,0,0,0,0,0,0,0.000,0,0
295.202,13859826608897719907,0,0,0,0,0,0,0.000,0,0
295.217,13859826608897719907,0,0,0,0,0,0,0.000,0,0
295.231,13859826608897719907,0,0,0,0,0,0,0.000,0,0
295.246,13859826608897719907,0,0,0,0,0,0,0.000,0,0
295.260,13859826608897719907,0,0,0,0,0,0,0.000,0,0
295.289,13859826608897719907,0,0,0,0,0,0,0.000,0,0
295.303,13859826608897719907,0,0,0,0,0,0,0.000,0,0
295.317,13859826608897719907,0,0,0,0,0,0,0.000,0,0
295.331,13859826608897719907,0,0,0,0,0,0,0.000,0,0
295.346,13859826608897719907,0,0,0,0,0,0,0.000,0,0
295.360,13859826608897719907,0,0,0,0,0,0,0.000,0,0
295.388,13859826608897719907,0,0,0,0,0,0,0.000,0,0
295.402,13859826608897719907,0,0,0,0,0,0,0.000,0,0
295.417,13859826608897719907,0,0,0,0,0,0,0.000,0,0
295.431,13859826608897719907,0,0,0,0,0,0,0.000,0,0
295.445,13859826608897719907,0,0,0,0,0,0,0.000,0,0
295.473,13859826608897719907,0,0,0,0,0,0,0.000,0,0
295.487,13859826608897719907,0,0,0,0,0,0,0.000,0,0
295.501,13859826608897719907,0,0,0,0,0,0,0.000,0,0
295.515,13859826608897719907,0,0,0,0,0,0,0.000,0,0
295.529,13859826608897719907,0,0,0,0,0,0,0.000,0,0
295.543,13859826608897719907,0,0,0,0,0,0,0.000,0,0
295.571,13859826608897719907,0,0,0,0,0,0,0.000,0,0
295.585,13859826608897719907,0,0,0,0,0,0,0.000,0,0
295.599,13859826608897719907,0,0,0,0,0,0,0.000,0,0
295.613,13859826608897719907,0,0,0,0,0,0,0.000,0,0
295.627,13859826608897719907,0,0,0,0,0,0,0.000,0,0
295.655,13859826608897719907,0,0,0,0,0,0,0.000,0,0
295.669,13859826608897719907,0,0,0,0,0,0,0.000,0,0
295.683,13859826608897719907,0,0,0,0,0,0,0.000,0,0
295.697,13859826608897719907,0,0,0,0,0,0,0.000,0,0
295.711,13859826608897719907,0,0,0,0,0,0,0.000,0,0
295.739,13859826608897719907,0,0,0,0,0,0,0.000,0,0
295.753,13859826608897719907,0,0,0,0,0,0,0.000,0,0
295.767,13859826608897719907,0,0,0,0,0,0,0.000,0,0
295.780,13859826608897719907,0,0,0,0,0,0,0.000,0,0
295.794,13859826608897719907,0,0,0,0,0,0,0.000,0,0
295.808,13859826608897719907,0,0,0,0,0,0,0.000,0,0
295.836,13859826608897719907,0,0,0,0,0,0,0.000,0,0
295.850,13859826608897719907,0,0,0,0,0,0,0.000,0,0
295.865,13859826608897719907,0,0,0,0,0,0,0.000,0,0
295.879,13859826608897719907,0,0,0,0,0,0,0.000,0,0
295.893,13859826608897719907,0,0,0,0,0,0,0.000,0,0
295.921,13859826608897719907,0,0,0,0,0,0,0.000,0,0
295.936,13859826608897719907,0,0,0,0,0,0,0.000,0,0
295.950,13859826608897719907,0,0,0,0,0,0,0.000,0,0
295.964,13859826608897719907,0,0,0,0,0,0,0.000,0,0
295.978,13859826608897719907,0,0,0,0,0,0,0.000,0,0
295.993,13859826608897719907,0,0,0,0,0,0,0.000,0,0
296.007,13859826608897719907,0,0,0,0,0,0,0.000,0,0
296.036,13859826608897719907,0,0,0,0,0,0,0.000,0,0
296.051,13859826608897719907,0,0,0,0,0,0,0.000,0,0
296.065,13859826608897719907,0,0,0,0,0,0,0.000,0,0
296.080,13859826608897719907,0,0,0,0,0,0,0.000,0,0
296.094,13859826608897719907,0,0,0,0,0,0,0.000,0,0
296.122,13859826608897719907,0,0,0,0,0,0,0.000,0,0
296.136,13859826608897719907,0,0,0,0,0,0,0.000,0,0
296.212,13859826608897719907,0,0,0,0,0,0,0.000,0,0
296.242,13859826608897719907,0,0,0,0,0,0,0.000,0,0
296.257,13859826608897719907,0,0,0,0,0,0,0.000,0,0
296.285,13859826608897719907,0,0,0,0,0,0,0.000,0,0
296.300,13859826608897719907,0,0,0,0,0,0,0.000,0,0
296.314,13859826608897719907,0,0,0,0,0,0,0.000,0,0
296.328,13859826608897719907,0,0,0,0,0,0,0.000,0,0
296.343,13859826608897719907,0,0,0,0,0,0,0.000,0,0
296.358,13859826608897719907,0,0,0,0,0,0,0.000,0,0
296.387,13859826608897719907,0,0,0,0,0,0,0.000,0,0
296.402,13859826608897719907,0,0,0,0,0,0,0.000,0,0
296.417,13859826608897719907,0,0,0,0,0,0,0.000,0,0
296.432,13859826608897719907,0,0,0,0,0,0,0.000,0,0
296.447,13859826608897719907,0,0,0,0,0,0,0.000,0,0
296.461,13859826608897719907,0,0,0,0,0,0,0.000,0,0
296.476,13859826608897719907,0,0,0,0,0,0,0.000,0,0
296.505,13859826608897719907,0,0,0,0,0,0,0.000,0,0
296.520,13859826608897719907,0,0,0,0,0,0,0.000,0,0
296.534,13859826608897719907,0,0,0,0,0,0,0.000,0,0
296.548,13859826608897719907,0,0,0,0,0,0,0.000,0,0
296.563,13859826608897719907,0,0,0,0,0,0,0.000,0,0
296.577,13859826608897719907,0,0,0,0,0,0,0.000,0,0
296.592,13859826608897719907,0,0,0,0,0,0,0.000,0,0
296.620,13859826608897719907,0,0,0,0,0,0,0.000,0,0
296.634,13859826608897719907,0,0,0,0,0,0,0.000,0,0
296.648,13859826608897719907,0,0,0,0,0,0,0.000,0,0
296.690,13859826608897719907,0,0,0,0,0,0,0.000,0,0
296.719,13859826608897719907,0,0,0,0,0,0,0.000,0,0
296.733,13859826608897719907,0,0,0,0,0,0,0.000,0,0
296.748,13859826608897719907,0,0,0,0,0,0,0.000,0,0
296.762,13859826608897719907,0,0,0,0,0,0,0.000,0,0
296.790,13859826608897719907,0,0,0,0,0,0,0.000,0,0
296.819,13859826608897719907,0,0,0,0,0,0,0.000,0,0
296.833,13859826608897719907,0,0,0,0,0,0,0.000,0,0
296.847,13859826608897719907,0,0,0,0,0,0,0.000,0,0
296.861,13859826608897719907,0,0,0,0,0,0,0.000,0,0
296.875,13859826608897719907,0,0,0,0,0,0,0.000,0,0
296.903,13859826608897719907,0,0,0,0,0,0,0.000,0,0
296.917,13859826608897719907,0,0,0,0,0,0,0.000,0,0
296.931,13859826608897719907,0,0,0,0,0,0,0.000,0,0
296.945,13859826608897719907,0,0,0,0,0,0,0.000,0,0
296.971,13859826608897719907,0,0,0,0,0,0,0.000,0,0
296.985,13859826608897719907,0,0,0,0,0,0,0.000,0,0
296.999,13859826608897719907,0,0,0,0,0,0,0.000,0,0
297.012,13859826608897719907,0,0,0,0,0,0,0.000,0,0
297.053,13859826608897719907,0,0,0,0,0,0,0.000,0,0
297.067,13859826608897719907,0,0,0,0,0,0,0.000,0,0
297.081,13859826608897719907,0,0,0,0,0,0,0.000,0,0
297.095,13859826608897719907,0,0,0,0,0,0,0.000,0,0
297.109,13859826608897719907,0,0,0,0,0,0,0.000,0,0
297.137,13859826608897719907,0,0,0,0,0,0,0.000,0,0
297.151,13859826608897719907,0,0,0,0,0,0,0.000,0,0
297.165,13859826608897719907,0,0,0,0,0,0,0.000,0,0
297.179,13859826608897719907,0,0,0,0,0,0,0.000,0,0
297.206,13859826608897719907,0,0,0,0,0,0,0.000,0,0
297.220,13859826608897719907,0,0,0,0,0,0,0.000,0,0
297.233,13859826608897719907,0,0,0,0,0,0,0.000,0,0
297.247,13859826608897719907,0,0,0,0,0,0,0.000,0,0
297.260,13859826608897719907,0,0,0,0,0,0,0.000,0,0
297.288,13859826608897719907,0,0,0,0,0,0,0.000,0,0
297.301,13859826608897719907,0,0,0,0,0,0,0.000,0,0
297.315,13859826608897719907,0,0,0,0,0,0,0.000,0,0
297.328,13859826608897719907,0,0,0,0,0,0,0.000,0,0
297.342,13859826608897719907,0,0,0,0,0,0,0.000,0,0
297.370,13859826608897719907,0,0,0,0,0,0,0.000,0,0
297.384,13859826608897719907,0,0,0,0,0,0,0.000,0,0
297.398,13859826608897719907,0,0,0,0,0,0,0.000,0,0
297.413,13859826608897719907,0,0,0,0,0,0,0.000,0,0
297.427,13859826608897719907,0,0,0,0,0,0,0.000,0,0
297.441,13859826608897719907,0,0,0,0,0,0,0.000,0,0
297.469,13859826608897719907,0,0,0,0,0,0,0.000,0,0
297.483,13859826608897719907,0,0,0,0,0,0,0.000,0,0
297.497,13859826608897719907,0,0,0,0,0,0,0.000,0,0
297.510,13859826608897719907,0,0,0,0,0,0,0.000,0,0
297.538,13859826608897719907,0,0,0,0,0,0,0.000,0,0
297.552,13859826608897719907,0,0,0,0,0,0,0.000,0,0
297.565,13859826608897719907,0,0,0,0,0,0,0.000,0,0
297.593,13859826608897719907,0,0,0,0,0,0,0.000,0,0
297.621,13859826608897719907,0,0,0,0,0,0,0.000,0,0
297.634,13859826608897719907,0,0,0,0,0,0,0.000,0,0
297.648,13859826608897719907,0,0,0,0,0,0,0.000,0,0
297.661,13859826608897719907,0,0,0,0,0,0,0.000,0,0
297.675,13859826608897719907,0,0,0,0,0,0,0.000,0,0
297.702,13859826608897719907,0,0,0,0,0,0,0.000,0,0
297.715,13859826608897719907,0,0,0,0,0,0,0.000,0,0
297.729,13859826608897719907,0,0,0,0,0,0,0.000,0,0
297.756,13859826608897719907,0,0,0,0,0,0,0.000,0,0
297.769,13859826608897719907,0,0,0,0,0,0,0.000,0,0
297.783,13859826608897719907,0,0,0,0,0,0,0.000,0,0
297.797,13859826608897719907,0,0,0,0,0,0,0.000,0,0
297.811,13859826608897719907,0,0,0,0,0,0,0.000,0,0
297.838,13859826608897719907,0,0,0,0,0,0,0.000,0,0
297.852,13859826608897719907,0,0,0,0,0,0,0.000,0,0
297.865,13859826608897719907,0,0,0,0,0,0,0.000,0,0
297.878,13859826608897719907,0,0,0,0,0,0,0.000,0,0
297.891,13859826608897719907,0,0,0,0,0,0,0.000,0,0
297.918,13859826608897719907,0,0,0,0,0,0,0.000,0,0
297.931,13859826608897719907,0,0,0,0,0,0,0.000,0,0
297.945,13859826608897719907,0,0,0,0,0,0,0.000,0,0
297.971,13859826608897719907,0,0,0,0,0,0,0.000,0,0
297.984,13859826608897719907,0,0,0,0,0,0,0.000,0,0
297.998,13859826608897719907,0,0,0,0,0,0,0.000,0,0
298.011,13859826608897719907,0,0,0,0,0,0,0.000,0,0
298.037,13859826608897719907,0,0,0,0,0,0,0.000,0,0
298.051,13859826608897719907,0,0,0,0,0,0,0.000,0,0
298.064,13859826608897719907,0,0,0,0,0,0,0.000,0,0
298.078,13859826608897719907,0,0,0,0,0,0,0.000,0,0
298.104,13859826608897719907,0,0,0,0,0,0,0.000,0,0
298.118,13859826608897719907,0,0,0,0,0,0,0.000,0,0
298.131,13859826608897719907,0,0,0,0,0,0,0.000,0,0
298.145,13859826608897719907,0,0,0,0,0,0,0.000,0,0
298.172,13859826608897719907,0,0,0,0,0,0,0.000,0,0
298.186,13859826608897719907,0,0,0,0,0,0,0.000,0,0
298.199,13859826608897719907,0,0,0,0,0,0,0.000,0,0
298.213,13859826608897719907,0,0,0,0,0,0,0.000,0,0
298.253,13859826608897719907,0,0,0,0,0,0,0.000,0,0
298.267,13859826608897719907,0,0,0,0,0,0,0.000,0,0
298.294,13859826608897719907,0,0,0,0,0,0,0.000,0,0
298.320,13859826608897719907,0,0,0,0,0,0,0.000,0,0
298.334,13859826608897719907,0,0,0,0,0,0,0.000,0,0
298.348,13859826608897719907,0,0,0,0,0,0,0.000,0,0
298.361,13859826608897719907,0,0,0,0,0,0,0.000,0,0
298.388,13859826608897719907,0,0,0,0,0,0,0.000,0,0
298.401,13859826608897719907,0,0,0,0,0,0,0.000,0,0
298.415,13859826608897719907,0,0,0,0,0,0,0.000,0,0
298.428,13859826608897719907,0,0,0,0,0,0,0.000,0,0
298.455,13859826608897719907,0,0,0,0,0,0,0.000,0,0
298.469,13859826608897719907,0,0,0,0,0,0,0.000,0,0
298.482,13859826608897719907,0,0,0,0,0,0,0.000,0,0
298.496,13859826608897719907,0,0,0,0,0,0,0.000,0,0
298.523,13859826608897719907,0,0,0,0,0,0,0.000,0,0
298.537,13859826608897719907,0,0,0,0,0,0,0.000,0,0
298.551,13859826608897719907,0,0,0,0,0,0,0.000,0,0
298.564,13859826608897719907,0,0,0,0,0,0,0.000,0,0
298.578,13859826608897719907,0,0,0,0,0,0,0.000,0,0
298.605,13859826608897719907,0,0,0,0,0,0,0.000,0,0
298.618,13859826608897719907,0,0,0,0,0,0,0.000,0,0
298.632,13859826608897719907,0,0,0,0,0,0,0.000,0,0
298.646,13859826608897719907,0,0,0,0,0,0,0.000,0,0
298.659,13859826608897719907,0,0,0,0,0,0,0.000,0,0
298.673,13859826608897719907,0,0,0,0,0,0,0.000,0,0
298.700,13859826608897719907,0,0,0,0,0,0,0.000,0,0
298.714,13859826608897719907,0,0,0,0,0,0,0.000,0,0
298.728,13859826608897719907,0,0,0,0,0,0,0.000,0,0
298.742,13859826608897719907,0,0,0,0,0,0,0.000,0,0
298.769,13859826608897719907,0,0,0,0,0,0,0.000,0,0
298.783,13859826608897719907,0,0,0,0,0,0,0.000,0,0
298.797,13859826608897719907,0,0,0,0,0,0,0.000,0,0
298.811,13859826608897719907,0,0,0,0,0,0,0.000,0,0
298.839,13859826608897719907,0,0,0,0,0,0,0.000,0,0
298.853,13859826608897719907,0,0,0,0,0,0,0.000,0,0
298.867,13859826608897719907,0,0,0,0,0,0,0.000,0,0
298.881,13859826608897719907,0,0,0,0,0,0,0.000,0,0
298.895,13859826608897719907,0,0,0,0,0,0,0.000,0,0
298.923,13859826608897719907,0,0,0,0,0,0,0.000,0,0
298.937,13859826608897719907,0,0,0,0,0,0,0.000,0,0
298.951,13859826608897719907,0,0,0,0,0,0,0.000,0,0
298.965,13859826608897719907,0,0,0,0,0,0,0.000,0,0
298.978,13859826608897719907,0,0,0,0,0,0,0.000,0,0
298.992,13859826608897719907,0,0,0,0,0,0,0.000,0,0
299.006,13859826608897719907,0,0,0,0,0,0,0.000,0,0
299.034,13859826608897719907,0,0,0,0,0,0,0.000,0,0
299.048,13859826608897719907,0,0,0,0,0,0,0.000,0,0
299.062,13859826608897719907,0,0,0,0,0,0,0.000,0,0
299.076,13859826608897719907,0,0,0,0,0,0,0.000,0,0
299.091,13859826608897719907,0,0,0,0,0,0,0.000,0,0
299.119,13859826608897719907,0,0,0,0,0,0,0.000,0,0
299.134,13859826608897719907,0,0,0,0,0,0,0.000,0,0
299.148,13859826608897719907,0,0,0,0,0,0,0.000,0,0
299.162,13859826608897719907,0,0,0,0,0,0,0.000,0,0
299.177,13859826608897719907,0,0,0,0,0,0,0.000,0,0
299.191,13859826608897719907,0,0,0,0,0,0,0.000,0,0
299.206,13859826608897719907,0,0,0,0,0,0,0.000,0,0
299.235,13859826608897719907,0,0,0,0,0,0,0.000,0,0
299.250,13859826608897719907,0,0,0,0,0,0,0.000,0,0
299.265,13859826608897719907,0,0,0,0,0,0,0.000,0,0
299.280,13859826608897719907,0,0,0,0,0,0,0.000,0,0
299.295,13859826608897719907,0,0,0,0,0,0,0.000,0,0
299.310,13859826608897719907,0,0,0,0,0,0,0.000,0,0
299.325,13859826608897719907,0,0,0,0,0,0,0.000,0,0
299.355,13859826608897719907,0,0,0,0,0,0,0.000,0,0
299.384,13859826608897719907,0,0,0,0,0,0,0.000,0,0
299.399,13859826608897719907,0,0,0,0,0,0,0.000,0,0
299.458,13859826608897719907,0,0,0,0,0,0,0.000,0,0
299.502,13859826608897719907,0,0,0,0,0,0,0.000,0,0
299.531,13859826608897719907,0,0,0,0,0,0,0.000,0,0
299.545,13859826608897719907,0,0,0,0,0,0,0.000,0,0
299.559,13859826608897719907,0,0,0,0,0,0,0.000,0,0
299.603,13859826608897719907,0,0,0,0,0,0,0.000,0,0
299.617,13859826608897719907,0,0,0,0,0,0,0.000,0,0
299.631,13859826608897719907,0,0,0,0,0,0,0.000,0,0
299.645,13859826608897719907,0,0,0,0,0,0,0.000,0,0
299.660,13859826608897719907,0,0,0,0,0,0,0.000,0,0
299.674,13859826608897719907,0,0,0,0,0,0,0.000,0,0
299.702,13859826608897719907,0,0,0,0,0,0,0.000,0,0
299.716,13859826608897719907,0,0,0,0,0,0,0.000,0,0
299.730,13859826608897719907,0,0,0,0,0,0,0.000,0,0
299.744,13859826608897719907,0,0,0,0,0,0,0.000,0,0
299.759,13859826608897719907,0,0,0,0,0,0,0.000,0,0
299.787,13859826608897719907,0,0,0,0,0,0,0.000,0,0
299.801,13859826608897719907,0,0,0,0,0,0,0.000,0,0
299.815,13859826608897719907,0,0,0,0,0,0,0.000,0,0
299.830,13859826608897719907,0,0,0,0,0,0,0.000,0,0
299.844,13859826608897719907,0,0,0,0,0,0,0.000,0,0
299.859,13859826608897719907,0,0,0,0,0,0,0.000,0,0
299.874,13859826608897719907,0,0,0,0,0,0,0.000,0,0
299.904,13859826608897719907,0,0,0,0,0,0,0.000,0,0
299.919,13859826608897719907,0,0,0,0,0,0,0.000,0,0
299.935,13859826608897719907,0,0,0,0,0,0,0.000,0,0
299.950,13859826608897719907,0,0,0,0,0,0,0.000,0,0
299.965,13859826608897719907,0,0,0,0,0,0,0.000,0,0
299.981,13859826608897719907,0,0,0,0,0,0,0.000,0,0
299.996,13859826608897719907,0,0,0,0,0,0,0.000,0,0
300.012,13859826608897719907,0,0,0,0,0,0,0.000,0,0
300.027,13859826608897719907,0,0,0,0,0,0,0.000,0,0
300.043,13859826608897719907,0,0,0,0,0,0,0.000,0,0
300.058,13859826608897719907,0,0,0,0,0,0,0.000,0,0
300.073,13859826608897719907,0,0,0,0,0,0,0.000,0,0
300.103,13859826608897719907,0,0,0,0,0,0,0.000,0,0
300.119,13859826608897719907,0,0,0,0,0,0,0.000,0,0
300.134,13859826608897719907,0,0,0,0,0,0,0.000,0,0
300.149,13859826608897719907,0,0,0,0,0,0,0.000,0,0
300.165,13859826608897719907,0,0,0,0,0,0,0.000,0,0
300.180,13859826608897719907,0,0,0,0,0,0,0.000,0,0
300.195,13859826608897719907,0,0,0,0,0,0,0.000,0,0
300.211,13859826608897719907,0,0,0,0,0,0,0.000,0,0
300.226,13859826608897719907,0,0,0,0,0,0,0.000,0,0
300.241,13859826608897719907,0,0,0,0,0,0,0.000,0,0
300.257,13859826608897719907,0,0,0,0,0,0,0.000,0,0
300.272,13859826608897719907,0,0,0,0,0,0,0.000,0,0
300.302,13859826608897719907,0,0,0,0,0,0,0.000,0,0
300.318,13859826608897719907,0,0,0,0,0,0,0.000,0,0
300.333,13859826608897719907,0,0,0,0,0,0,0.000,0,0
300.348,13859826608897719907,0,0,0,0,0,0,0.000,0,0
300.363,13859826608897719907,0,0,0,0,0,0,0.000,0,0
300.378,13859826608897719907,0,0,0,0,0,0,0.000,0,0
300.394,13859826608897719907,0,0,0,0,0,0,0.000,0,0
300.409,13859826608897719907,0,0,0,0,0,0,0.000,0,0
300.457,13859826608897719907,0,0,0,0,0,0,0.000,0,0
300.504,13859826608897719907,0,0,0,0,0,0,0.000,0,0
300.535,13859826608897719907,0,0,0,0,0,0,0.000,0,0
300.550,13859826608897719907,0,0,0,0,0,0,0.000,0,0
300.566,13859826608897719907,0,0,0,0,0,0,0.000,0,0
300.581,13859826608897719907,0,0,0,0,0,0,0.000,0,0
300.596,13859826608897719907,0,0,0,0,0,0,0.000,0,0
300.612,13859826608897719907,0,0,0,0,0,0,0.000,0,0
300.628,13859826608897719907,0,0,0,0,0,0,0.000,0,0
300.643,13859826608897719907,0,0,0,0,0,0,0.000,0,0
300.658,13859826608897719907,0,0,0,0,0,0,0.000,0,0
300.674,13859826608897719907,0,0,0,0,0,0,0.000,0,0
300.689,13859826608897719907,0,0,0,0,0,0,0.000,0,0
300.720,13859826608897719907,0,0,0,0,0,0,0.000,0,0
300.735,13859826608897719907,0,0,0,0,0,0,0.000,0,0
300.750,13859826608897719907,0,0,0,0,0,0,0.000,0,0
300.765,13859826608897719907,0,0,0,0,0,0,0.000,0,0
300.780,13859826608897719907,0,0,0,0,0,0,0.000,0,0
300.795,13859826608897719907,0,0,0,0,0,0,0.000,0,0
300.810,13859826608897719907,0,0,0,0,0,0,0.000,0,0
300.826,13859826608897719907,0,0,0,0,0,0,0.000,0,0
300.841,13859826608897719907,0,0,0,0,0,0,0.000,0,0
300.870,13859826608897719907,0,0,0,0,0,0,0.000,0,0
300.885,13859826608897719907,0,0,0,0,0,0,0.000,0,0
300.900,13859826608897719907,0,0,0,0,0,0,0.000,0,0
300.915,13859826608897719907,0,0,0,0,0,0,0.000,0,0
300.944,13859826608897719907,0,0,0,0,0,0,0.000,0,0
300.959,13859826608897719907,0,0,0,0,0,0,0.000,0,0
300.988,13859826608897719907,0,0,0,0,0,0,0.000,0,0
301.002,13859826608897719907,0,0,0,0,0,0,0.000,0,0
301.017,13859826608897719907,0,0,0,0,0,0,0.000,0,0
301.031,13859826608897719907,0,0,0,0,0,0,0.000,0,0
301.046,13859826608897719907,0,0,0,0,0,0,0.000,0,0
301.060,13859826608897719907,0,0,0,0,0,0,0.000,0,0
301.074,13859826608897719907,0,0,0,0,0,0,0.000,0,0
301.103,13859826608897719907,0,0,0,0,0,0,0.000,0,0
301.118,13859826608897719907,0,0,0,0,0,0,0.000,0,0
301.132,13859826608897719907,0,0,0,0,0,0,0.000,0,0
301.147,13859826608897719907,0,0,0,0,0,0,0.000,0,0
301.161,13859826608897719907,0,0,0,0,0,0,0.000,0,0
301.176,13859826608897719907,0,0,0,0,0,0,0.000,0,0
301.190,13859826608897719907,0,0,0,0,0,0,0.000,0,0
301.219,13859826608897719907,0,0,0,0,0,0,0.000,0,0
301.234,13859826608897719907,0,0,0,0,0,0,0.000,0,0
301.248,13859826608897719907,0,0,0,0,0,0,0.000,0,0
301.263,13859826608897719907,0,0,0,0,0,0,0.000,0,0
301.305,13859826608897719907,0,0,0,0,0,0,0.000,0,0
301.319,13859826608897719907,0,0,0,0,0,0,0.000,0,0
301.333,13859826608897719907,0,0,0,0,0,0,0.000,0,0
301.347,13859826608897719907,0,0,0,0,0,0,0.000,0,0
301.361,13859826608897719907,0,0,0,0,0,0,0.000,0,0
301.375,13859826608897719907,0,0,0,0,0,0,0.000,0,0
301.403,13859826608897719907,0,0,0,0,0,0,0.000,0,0
301.417,13859826608897719907,0,0,0,0,0,0,0.000,0,0
301.431,13859826608897719907,0,0,0,0,0,0,0.000,0,0
301.488,13859826608897719907,0,0,0,0,0,0,0.000,0,0
301.502,13859826608897719907,0,0,0,0,0,0,0.000,0,0
301.516,13859826608897719907,0,0,0,0,0,0,0.000,0,0
301.530,13859826608897719907,0,0,0,0,0,0,0.000,0,0
301.544,13859826608897719907,0,0,0,0,0,0,0.000,0,0
301.558,13859826608897719907,0,0,0,0,0,0,0.000,0,0
301.586,13859826608897719907,0,0,0,0,0,0,0.000,0,0
301.600,13859826608897719907,0,0,0,0,0,0,0.000,0,0
301.613,13859826608897719907,0,0,0,0,0,0,0.000,0,0
301.627,13859826608897719907,0,0,0,0,0,0,0.000,0,0
301.655,13859826608897719907,0,0,0,0,0,0,0.000,0,0
301.668,13859826608897719907,0,0,0,0,0,0,0.000,0,0
301.682,13859826608897719907,0,0,0,0,0,0,0.000,0,0
301.696,13859826608897719907,0,0,0,0,0,0,0.000,0,0
301.710,13859826608897719907,0,0,0,0,0,0,0.000,0,0
301.723,13859826608897719907,0,0,0,0,0,0,0.000,0,0
301.751,13859826608897719907,0,0,0,0,0,0,0.000,0,0
301.765,13859826608897719907,0,0,0,0,0,0,0.000,0,0
301.779,13859826608897719907,0,0,0,0,0,0,0.000,0,0
301.821,13859826608897719907,0,0,0,0,0,0,0.000,0,0
301.835,13859826608897719907,0,0,0,0,0,0,0.000,0,0
301.849,13859826608897719907,0,0,0,0,0,0,0.000,0,0
301.863,13859826608897719907,0,0,0,0,0,0,0.000,0,0
301.877,13859826608897719907,0,0,0,0,0,0,0.000,0,0
301.905,13859826608897719907,0,0,0,0,0,0,0.000,0,0
301.919,13859826608897719907,0,0,0,0,0,0,0.000,0,0
301.946,13859826608897719907,0,0,0,0,0,0,0.000,0,0
301.960,13859826608897719907,0,0,0,0,0,0,0.000,0,0
301.974,13859826608897719907,0,0,0,0,0,0,0.000,0,0
302.002,13859826608897719907,0,0,0,0,0,0,0.000,0,0
302.015,13859826608897719907,0,0,0,0,0,0,0.000,0,0
302.029,13859826608897719907,0,0,0,0,0,0,0.000,0,0
302.057,13859826608897719907,0,0,0,0,0,0,0.000,0,0
302.070,13859826608897719907,0,0,0,0,0,0,0.000,0,0
302.084,13859826608897719907,0,0,0,0,0,0,0.000,0,0
302.098,13859826608897719907,0,0,0,0,0,0,0.000,0,0
302.125,13859826608897719907,0,0,0,0,0,0,0.000,0,0
302.152,13859826608897719907,0,0,0,0,0,0,0.000,0,0
302.166,13859826608897719907,0,0,0,0,0,0,0.000,0,0
302.179,13859826608897719907,0,0,0,0,0,0,0.000,0,0
302.207,13859826608897719907,0,0,0,0,0,0,0.000,0,0
302.220,13859826608897719907,0,0,0,0,0,0,0.000,0,0
302.234,13859826608897719907,0,0,0,0,0,0,0.000,0,0
302.248,13859826608897719907,0,0,0,0,0,0,0.000,0,0
302.261,13859826608897719907,0,0,0,0,0,0,0.000,0,0
302.289,13859826608897719907,0,0,0,0,0,0,0.000,0,0
302.302,13859826608897719907,0,0,0,0,0,0,0.000,0,0
302.316,13859826608897719907,0,0,0,0,0,0,0.000,0,0
302.330,13859826608897719907,0,0,0,0,0,0,0.000,0,0
302.344,13859826608897719907,0,0,0,0,0,0,0.000,0,0
302.371,13859826608897719907,0,0,0,0,0,0,0.000,0,0
302.386,13859826608897719907,0,0,0,0,0,0,0.000,0,0
302.400,13859826608897719907,0,0,0,0,0,0,0.000,0,0
302.414,13859826608897719907,0,0,0,0,0,0,0.000,0,0
302.456,13859826608897719907,0,0,0,0,0,0,0.000,0,0
302.470,13859826608897719907,0,0,0,0,0,0,0.000,0,0
302.484,13859826608897719907,0,0,0,0,0,0,0.000,0,0
302.498,13859826608897719907,0,0,0,0,0,0,0.000,0,0
302.512,13859826608897719907,0,0,0,0,0,0,0.000,0,0
302.525,13859826608897719907,0,0,0,0,0,0,0.000,0,0
302.553,13859826608897719907,0,0,0,0,0,0,0.000,0,0
302.567,13859826608897719907,0,0,0,0,0,0,0.000,0,0
302.581,13859826608897719907,0,0,0,0,0,0,0.000,0,0
302.595,13859826608897719907,0,0,0,0,0,0,0.000,0,0
302.609,13859826608897719907,0,0,0,0,0,0,0.000,0,0
302.637,13859826608897719907,0,0,0,0,0,0,0.000,0,0
302.651,13859826608897719907,0,0,0,0,0,0,0.000,0,0
302.665,13859826608897719907,0,0,0,0,0,0,0.000,0,0
302.679,13859826608897719907,0,0,0,0,0,0,0.000,0,0
302.693,13859826608897719907,0,0,0,0,0,0,0.000,0,0
302.721,13859826608897719907,0,0,0,0,0,0,0.000,0,0
302.734,13859826608897719907,0,0,0,0,0,0,0.000,0,0
302.748,13859826608897719907,0,0,0,0,0,0,0.000,0,0
302.762,13859826608897719907,0,0,0,0,0,0,0.000,0,0
302.776,13859826608897719907,0,0,0,0,0,0,0.000,0,0
302.803,13859826608897719907,0,0,0,0,0,0,0.000,0,0
302.817,13859826608897719907,0,0,0,0,0,0,0.000,0,0
302.831,13859826608897719907,0,0,0,0,0,0,0.000,0,0
302.845,13859826608897719907,0,0,0,0,0,0,0.000,0,0
302.859,13859826608897719907,0,0,0,0,0,0,0.000,0,0
302.887,13859826608897719907,0,0,0,0,0,0,0.000,0,0
302.901,13859826608897719907,0,0,0,0,0,0,0.000,0,0
302.915,13859826608897719907,0,0,0,0,0,0,0.000,0,0
302.943,13859826608897719907,0,0,0,0,0,0,0.000,0,0
302.957,13859826608897719907,0,0,0,0,0,0,0.000,0,0
302.984,13859826608897719907,0,0,0,0,0,0,0.000,0,0
302.998,13859826608897719907,0,0,0,0,0,0,0.000,0,0
303.012,13859826608897719907,0,0,0,0,0,0,0.000,0,0
303.026,13859826608897719907,0,0,0,0,0,0,0.000,0,0
303.054,13859826608897719907,0,0,0,0,0,0,0.000,0,0
303.067,13859826608897719907,0,0,0,0,0,0,0.000,0,0
303.081,13859826608897719907,0,0,0,0,0,0,0.000,0,0
303.095,13859826608897719907,0,0,0,0,0,0,0.000,0,0
303.123,13859826608897719907,0,0,0,0,0,0,0.000,0,0
303.137,13859826608897719907,0,0,0,0,0,0,0.000,0,0
303.151,13859826608897719907,0,0,0,0,0,0,0.000,0,0
303.165,13859826608897719907,0,0,0,0,0,0,0.000,0,0
303.179,13859826608897719907,0,0,0,0,0,0,0.000,0,0
303.193,13859826608897719907,0,0,0,0,0,0,0.000,0,0
303.222,13859826608897719907,0,0,0,0,0,0,0.000,0,0
303.236,13859826608897719907,0,0,0,0,0,0,0.000,0,0
303.250,13859826608897719907,0,0,0,0,0,0,0.000,0,0
303.264,13859826608897719907,0,0,0,0,0,0,0.000,0,0
303.278,13859826608897719907,0,0,0,0,0,0,0.000,0,0
303.293,13859826608897719907,0,0,0,0,0,0,0.000,0,0
303.321,13859826608897719907,0,0,0,0,0,0,0.000,0,0
303.335,13859826608897719907,0,0,0,0,0,0,0.000,0,0
303.349,13859826608897719907,0,0,0,0,0,0,0.000,0,0
303.363,13859826608897719907,0,0,0,0,0,0,0.000,0,0
303.377,13859826608897719907,0,0,0,0,0,0,0.000,0,0
303.391,13859826608897719907,0,0,0,0,0,0,0.000,0,0
303.419,13859826608897719907,0,0,0,0,0,0,0.000,0,0
303.433,13859826608897719907,0,0,0,0,0,0,0.000,0,0
303.447,13859826608897719907,0,0,0,0,0,0,0.000,0,0
303.461,13859826608897719907,0,0,0,0,0,0,0.000,0,0
303.475,13859826608897719907,0,0,0,0,0,0,0.000,0,0
303.504,13859826608897719907,0,0,0,0,0,0,0.000,0,0
303.518,13859826608897719907,0,0,0,0,0,0,0.000,0,0
303.532,13859826608897719907,0,0,0,0,0,0,0.000,0,0
303.546,13859826608897719907,0,0,0,0,0,0,0.000,0,0
303.560,13859826608897719907,0,0,0,0,0,0,0.000,0,0
303.574,13859826608897719907,0,0,0,0,0,0,0.000,0,0
303.602,13859826608897719907,0,0,0,0,0,0,0.000,0,0
303.616,13859826608897719907,0,0,0,0,0,0,0.000,0,0
303.630,13859826608897719907,0,0,0,0,0,0,0.000,0,0
303.644,13859826608897719907,0,0,0,0,0,0,0.000,0,0
303.658,13859826608897719907,0,0,0,0,0,0,0.000,0,0
303.687,13859826608897719907,0,0,0,0,0,0,0.000,0,0
303.701,13859826608897719907,0,0,0,0,0,0,0.000,0,0
303.716,13859826608897719907,0,0,0,0,0,0,0.000,0,0
303.745,13859826608897719907,0,0,0,0,0,0,0.000,0,0
303.760,13859826608897719907,0,0,0,0,0,0,0.000,0,0
303.789,13859826608897719907,0,0,0,0,0,0,0.000,0,0
303.803,13859826608897719907,0,0,0,0,0,0,0.000,0,0
303.818,13859826608897719907,0,0,0,0,0,0,0.000,0,0
303.832,13859826608897719907,0,0,0,0,0,0,0.000,0,0
303.847,13859826608897719907,0,0,0,0,0,0,0.000,0,0
303.861,13859826608897719907,0,0,0,0,0,0,0.000,0,0
303.876,13859826608897719907,0,0,0,0,0,0,0.000,0,0
303.890,13859826608897719907,0,0,0,0,0,0,0.000,0,0
303.919,13859826608897719907,0,0,0,0,0,0,0.000,0,0
303.947,13859826608897719907,0,0,0,0,0,0,0.000,0,0
303.961,13859826608897719907,0,0,0,0,0,0,0.000,0,0
303.976,13859826608897719907,0,0,0,0,0,0,0.000,0,0
304.005,13859826608897719907,0,0,0,0,0,0,0.000,0,0
304.019,13859826608897719907,0,0,0,0,0,0,0.000,0,0
304.033,13859826608897719907,0,0,0,0,0,0,0.000,0,0
304.048,13859826608897719907,0,0,0,0,0,0,0.000,0,0
304.062,13859826608897719907,0,0,0,0,0,0,0.000,0,0
304.076,13859826608897719907,0,0,0,0,0,0,0.000,0,0
304.104,13859826608897719907,0,0,0,0,0,0,0.000,0,0
304.118,13859826608897719907,0,0,0,0,0,0,0.000,0,0
304.132,13859826608897719907,0,0,0,0,0,0,0.000,0,0
304.146,13859826608897719907,0,0,0,0,0,0,0.000,0,0
304.160,13859826608897719907,0,0,0,0,0,0,0.000,0,0
304.188,13859826608897719907,0,0,0,0,0,0,0.000,0,0
304.202,13859826608897719907,0,0,0,0,0,0,0.000,0,0
304.216,13859826608897719907,0,0,0,0,0,0,0.000,0,0
304.230,13859826608897719907,0,0,0,0,0,0,0.000,0,0
304.245,13859826608897719907,0,0,0,0,0,0,0.000,0,0
304.259,13859826608897719907,0,0,0,0,0,0,0.000,0,0
304.273,13859826608897719907,0,0,0,0,0,0,0.000,0,0
304.302,13859826608897719907,0,0,0,0,0,0,0.000,0,0
304.316,13859826608897719907,0,0,0,0,0,0,0.000,0,0
304.331,13859826608897719907,0,0,0,0,0,0,0.000,0,0
304.345,13859826608897719907,0,0,0,0,0,0,0.000,0,0
304.359,13859826608897719907,0,0,0,0,0,0,0.000,0,0
304.388,13859826608897719907,0,0,0,0,0,0,0.000,0,0
304.403,13859826608897719907,0,0,0,0,0,0,0.000,0,0
304.417,13859826608897719907,0,0,0,0,0,0,0.000,0,0
304.432,13859826608897719907,0,0,0,0,0,0,0.000,0,0
304.446,13859826608897719907,0,0,0,0,0,0,0.000,0,0
304.461,13859826608897719907,0,0,0,0,0,0,0.000,0,0
304.476,13859826608897719907,0,0,0,0,0,0,0.000,0,0
304.490,13859826608897719907,0,0,0,0,0,0,0.000,0,0
304.519,13859826608897719907,0,0,0,0,0,0,0.000,0,0
304.534,13859826608897719907,0,0,0,0,0,0,0.000,0,0
304.549,13859826608897719907,0,0,0,0,0,0,0.000,0,0
304.563,13859826608897719907,0,0,0,0,0,0,0.000,0,0
304.578,13859826608897719907,0,0,0,0,0,0,0.000,0,0
304.593,13859826608897719907,0,0,0,0,0,0,0.000,0,0
304.607,13859826608897719907,0,0,0,0,0,0,0.000,0,0
304.636,13859826608897719907,0,0,0,0,0,0,0.000,0,0
304.651,13859826608897719907,0,0,0,0,0,0,0.000,0,0
304.665,13859826608897719907,0,0,0,0,0,0,0.000,0,0
304.680,13859826608897719907,0,0,0,0,0,0,0.000,0,0
304.694,13859826608897719907,0,0,0,0,0,0,0.000,0,0
304.708,13859826608897719907,0,0,0,0,0,0,0.000,0,0
304.737,13859826608897719907,0,0,0,0,0,0,0.000,0,0
304.751,13859826608897719907,0,0,0,0,0,0,0.000,0,0
304.768,13859826608897719907,0,0,0,0,0,0,0.000,0,0
304.815,13859826608897719907,0,0,0,0,0,0,0.000,0,0
304.831,13859826608897719907,0,0,0,0,0,0,0.000,0,0
304.863,13859826608897719907,0,0,0,0,0,0,0.000,0,0
304.877,13859826608897719907,0,0,0,0,0,0,0.000,0,0
304.905,13859826608897719907,0,0,0,0,0,0,0.000,0,0
304.919,13859826608897719907,0,0,0,0,0,0,0.000,0,0
304.948,13859826608897719907,0,0,0,0,0,0,0.000,0,0
304.962,13859826608897719907,0,0,0,0,0,0,0.000,0,0
304.977,13859826608897719907,0,0,0,0,0,0,0.000,0,0
304.991,13859826608897719907,0,0,0,0,0,0,0.000,0,0
305.020,13859826608897719907,0,0,0,0,0,0,0.000,0,0
305.035,13859826608897719907,0,0,0,0,0,0,0.000,0,0
305.050,13859826608897719907,0,0,0,0,0,0,0.000,0,0
305.065,13859826608897719907,0,0,0,0,0,0,0.000,0,0
305.079,13859826608897719907,0,0,0,0,0,0,0.000,0,0
305.094,13859826608897719907,0,0,0,0,0,0,0.000,0,0
305.108,13859826608897719907,0,0,0,0,0,0,0.000,0,0
305.123,13859826608897719907,0,0,0,0,0,0,0.000,0,0
305.137,13859826608897719907,0,0,0,0,0,0,0.000,0,0
305.166,13859826608897719907,0,0,0,0,0,0,0.000,0,0
305.180,13859826608897719907,0,0,0,0,0,0,0.000,0,0
305.195,13859826608897719907,0,0,0,0,0,0,0.000,0,0
305.209,13859826608897719907,0,0,0,0,0,0,0.000,0,0
305.224,13859826608897719907,0,0,0,0,0,0,0.000,0,0
305.253,13859826608897719907,0,0,0,0,0,0,0.000,0,0
305.268,13859826608897719907,0,0,0,0,0,0,0.000,0,0
305.282,13859826608897719907,0,0,0,0,0,0,0.000,0,0
305.509,13859826608897719907,0,0,0,0,0,0,0.000,0,0
305.568,13859826608897719907,0,0,0,0,0,0,0.000,0,0
305.742,13859826608897719907,0,0,0,0,0,0,0.000,0,0
306.056,13859826608897719907,0,0,0,0,0,0,0.000,0,0
306.323,13859826608897719907,0,0,0,0,0,0,0.000,0,0
306.547,13859826608897719907,0,0,0,0,0,0,0.000,0,0
306.801,13859826608897719907,0,0,0,0,0,0,0.000,0,0
307.112,13859826608897719907,0,0,0,0,0,0,0.000,0,0
307.141,13859826608897719907,0,0,0,0,0,0,0.000,0,0
307.156,13859826608897719907,0,0,0,0,0,0,0.000,0,0
307.171,13859826608897719907,0,0,0,0,0,0,0.000,0,0
307.202,13859826608897719907,0,0,0,0,0,0,0.000,0,0
307.217,13859826608897719907,0,0,0,0,0,0,0.000,0,0
307.232,13859826608897719907,0,0,0,0,0,0,0.000,0,0
307.247,13859826608897719907,0,0,0,0,0,0,0.000,0,0
307.262,13859826608897719907,0,0,0,0,0,0,0.000,0,0
307.276,13859826608897719907,0,0,0,0,0,0,0.000,0,0
307.305,13859826608897719907,0,0,0,0,0,0,0.000,0,0
307.319,13859826608897719907,0,0,0,0,0,0,0.000,0,0
307.348,13859826608897719907,0,0,0,0,0,0,0.000,0,0
307.362,13859826608897719907,0,0,0,0,0,0,0.000,0,0
307.376,13859826608897719907,0,0,0,0,0,0,0.000,0,0
307.404,13859826608897719907,0,0,0,0,0,0,0.000,0,0
307.418,13859826608897719907,0,0,0,0,0,0,0.000,0,0
307.446,13859826608897719907,0,0,0,0,0,0,0.000,0,0
307.474,13859826608897719907,0,0,0,0,0,0,0.000,0,0
307.502,13859826608897719907,0,0,0,0,0,0,0.000,0,0
307.516,13859826608897719907,0,0,0,0,0,0,0.000,0,0
307.530,13859826608897719907,0,0,0,0,0,0,0.000,0,0
307.545,13859826608897719907,0,0,0,0,0,0,0.000,0,0
307.559,13859826608897719907,0,0,0,0,0,0,0.000,0,0
307.587,13859826608897719907,0,0,0,0,0,0,0.000,0,0
307.602,13859826608897719907,0,0,0,0,0,0,0.000,0,0
307.616,13859826608897719907,0,0,0,0,0,0,0.000,0,0
307.630,13859826608897719907,0,0,0,0,0,0,0.000,0,0
307.659,13859826608897719907,0,0,0,0,0,0,0.000,0,0
307.688,13859826608897719907,0,0,0,0,0,0,0.000,0,0
307.702,13859826608897719907,0,0,0,0,0,0,0.000,0,0
307.717,13859826608897719907,0,0,0,0,0,0,0.000,0,0
307.731,13859826608897719907,0,0,0,0,0,0,0.000,0,0
307.745,13859826608897719907,0,0,0,0,0,0,0.000,0,0
307.760,13859826608897719907,0,0,0,0,0,0,0.000,0,0
307.774,13859826608897719907,0,0,0,0,0,0,0.000,0,0
307.803,13859826608897719907,0,0,0,0,0,0,0.000,0,0
307.817,13859826608897719907,0,0,0,0,0,0,0.000,0,0
307.846,13859826608897719907,0,0,0,0,0,0,0.000,0,0
307.860,13859826608897719907,0,0,0,0,0,0,0.000,0,0
307.874,13859826608897719907,0,0,0,0,0,0,0.000,0,0
307.903,13859826608897719907,0,0,0,0,0,0,0.000,0,0
307.917,13859826608897719907,0,0,0,0,0,0,0.000,0,0
307.959,13859826608897719907,0,0,0,0,0,0,0.000,0,0
307.988,13859826608897719907,0,0,0,0,0,0,0.000,0,0
308.003,13859826608897719907,0,0,0,0,0,0,0.000,0,0
308.018,13859826608897719907,0,0,0,0,0,0,0.000,0,0
308.033,13859826608897719907,0,0,0,0,0,0,0.000,0,0
308.048,13859826608897719907,0,0,0,0,0,0,0.000,0,0
308.063,13859826608897719907,0,0,0,0,0,0,0.000,0,0
308.078,13859826608897719907,0,0,0,0,0,0,0.000,0,0
308.092,13859826608897719907,0,0,0,0,0,0,0.000,0,0
308.106,13859826608897719907,0,0,0,0,0,0,0.000,0,0
308.134,13859826608897719907,0,0,0,0,0,0,0.000,0,0
308.149,13859826608897719907,0,0,0,0,0,0,0.000,0,0
308.163,13859826608897719907,0,0,0,0,0,0,0.000,0,0
308.177,13859826608897719907,0,0,0,0,0,0,0.000,0,0
308.192,13859826608897719907,0,0,0,0,0,0,0.000,0,0
308.206,13859826608897719907,0,0,0,0,0,0,0.000,0,0
308.235,13859826608897719907,0,0,0,0,0,0,0.000,0,0
308.249,13859826608897719907,0,0,0,0,0,0,0.000,0,0
308.264,13859826608897719907,0,0,0,0,0,0,0.000,0,0
308.278,13859826608897719907,0,0,0,0,0,0,0.000,0,0
308.292,13859826608897719907,0,0,0,0,0,0,0.000,0,0
308.445,13859826608897719907,0,0,0,0,0,0,0.000,0,0
308.459,13859826608897719907,0,0,0,0,0,0,0.000,0,0
308.473,13859826608897719907,0,0,0,0,0,0,0.000,0,0
308.501,13859826608897719907,0,0,0,0,0,0,0.000,0,0
308.515,13859826608897719907,0,0,0,0,0,0,0.000,0,0
308.543,13859826608897719907,0,0,0,0,0,0,0.000,0,0
308.571,13859826608897719907,0,0,0,0,0,0,0.000,0,0
308.585,13859826608897719907,0,0,0,0,0,0,0.000,0,0
308.598,13859826608897719907,0,0,0,0,0,0,0.000,0,0
308.612,13859826608897719907,0,0,0,0,0,0,0.000,0,0
308.639,13859826608897719907,0,0,0,0,0,0,0.000,0,0
308.653,13859826608897719907,0,0,0,0,0,0,0.000,0,0
308.667,13859826608897719907,0,0,0,0,0,0,0.000,0,0
308.680,13859826608897719907,0,0,0,0,0,0,0.000,0,0
308.694,13859826608897719907,0,0,0,0,0,0,0.000,0,0
308.722,13859826608897719907,0,0,0,0,0,0,0.000,0,0
308.735,13859826608897719907,0,0,0,0,0,0,0.000,0,0
308.749,13859826608897719907,0,0,0,0,0,0,0.000,0,0
308.763,13859826608897719907,0,0,0,0,0,0,0.000,0,0
308.777,13859826608897719907,0,0,0,0,0,0,0.000,0,0
308.804,13859826608897719907,0,0,0,0,0,0,0.000,0,0
308.818,13859826608897719907,0,0,0,0,0,0,0.000,0,0
308.832,13859826608897719907,0,0,0,0,0,0,0.000,0,0
308.845,13859826608897719907,0,0,0,0,0,0,0.000,0,0
308.872,13859826608897719907,0,0,0,0,0,0,0.000,0,0
308.886,13859826608897719907,0,0,0,0,0,0,0.000,0,0
308.900,13859826608897719907,0,0,0,0,0,0,0.000,0,0
308.914,13859826608897719907,0,0,0,0,0,0,0.000,0,0
308.955,13859826608897719907,0,0,0,0,0,0,0.000,0,0
308.969,13859826608897719907,0,0,0,0,0,0,0.000,0,0
308.982,13859826608897719907,0,0,0,0,0,0,0.000,0,0
308.996,13859826608897719907,0,0,0,0,0,0,0.000,0,0
309.009,13859826608897719907,0,0,0,0,0,0,0.000,0,0
309.037,13859826608897719907,0,0,0,0,0,0,0.000,0,0
309.050,13859826608897719907,0,0,0,0,0,0,0.000,0,0
309.064,13859826608897719907,0,0,0,0,0,0,0.000,0,0
309.078,13859826608897719907,0,0,0,0,0,0,0.000,0,0
309.105,13859826608897719907,0,0,0,0,0,0,0.000,0,0
309.119,13859826608897719907,0,0,0,0,0,0,0.000,0,0
309.133,13859826608897719907,0,0,0,0,0,0,0.000,0,0
309.146,13859826608897719907,0,0,0,0,0,0,0.000,0,0
309.160,13859826608897719907,0,0,0,0,0,0,0.000,0,0
309.187,13859826608897719907,0,0,0,0,0,0,0.000,0,0
309.201,13859826608897719907,0,0,0,0,0,0,0.000,0,0
309.215,13859826608897719907,0,0,0,0,0,0,0.000,0,0
309.256,13859826608897719907,0,0,0,0,0,0,0.000,0,0
309.270,13859826608897719907,0,0,0,0,0,0,0.000,0,0
309.284,13859826608897719907,0,0,0,0,0,0,0.000,0,0
309.298,13859826608897719907,0,0,0,0,0,0,0.000,0,0
309.312,13859826608897719907,0,0,0,0,0,0,0.000,0,0
309.354,13859826608897719907,0,0,0,0,0,0,0.000,0,0
309.367,13859826608897719907,0,0,0,0,0,0,0.000,0,0
309.381,13859826608897719907,0,0,0,0,0,0,0.000,0,0
309.395,13859826608897719907,0,0,0,0,0,0,0.000,0,0
309.422,13859826608897719907,0,0,0,0,0,0,0.000,0,0
309.435,13859826608897719907,0,0,0,0,0,0,0.000,0,0
309.463,13859826608897719907,0,0,0,0,0,0,0.000,0,0
309.476,13859826608897719907,0,0,0,0,0,0,0.000,0,0
309.518,13859826608897719907,0,0,0,0,0,0,0.000,0,0
309.546,13859826608897719907,0,0,0,0,0,0,0.000,0,0
309.588,13859826608897719907,0,0,0,0,0,0,0.000,0,0
309.602,13859826608897719907,0,0,0,0,0,0,0.000,0,0
309.616,13859826608897719907,0,0,0,0,0,0,0.000,0,0
309.630,13859826608897719907,0,0,0,0,0,0,0.000,0,0
309.644,13859826608897719907,0,0,0,0,0,0,0.000,0,0
309.672,13859826608897719907,0,0,0,0,0,0,0.000,0,0
309.784,13859826608897719907,0,0,0,0,0,0,0.000,0,0
309.798,13859826608897719907,0,0,0,0,0,0,0.000,0,0
309.812,13859826608897719907,0,0,0,0,0,0,0.000,0,0
309.826,13859826608897719907,0,0,0,0,0,0,0.000,0,0
309.854,13859826608897719907,0,0,0,0,0,0,0.000,0,0
309.868,13859826608897719907,0,0,0,0,0,0,0.000,0,0
309.883,13859826608897719907,0,0,0,0,0,0,0.000,0,0
309.897,13859826608897719907,0,0,0,0,0,0,0.000,0,0
309.912,13859826608897719907,0,0,0,0,0,0,0.000,0,0
309.941,13859826608897719907,0,0,0,0,0,0,0.000,0,0
309.970,13859826608897719907,0,0,0,0,0,0,0.000,0,0
309.984,13859826608897719907,0,0,0,0,0,0,0.000,0,0
309.999,13859826608897719907,0,0,0,0,0,0,0.000,0,0
310.013,13859826608897719907,0,0,0,0,0,0,0.000,0,0
310.042,13859826608897719907,0,0,0,0,0,0,0.000,0,0
310.057,13859826608897719907,0,0,0,0,0,0,0.000,0,0
310.087,13859826608897719907,0,0,0,0,0,0,0.000,0,0
310.101,13859826608897719907,0,0,0,0,0,0,0.000,0,0
310.116,13859826608897719907,0,0,0,0,0,0,0.000,0,0
310.131,13859826608897719907,0,0,0,0,0,0,0.000,0,0
310.145,13859826608897719907,0,0,0,0,0,0,0.000,0,0
310.159,13859826608897719907,0,0,0,0,0,0,0.000,0,0
310.203,13859826608897719907,0,0,0,0,0,0,0.000,0,0
310.217,13859826608897719907,0,0,0,0,0,0,0.000,0,0
310.246,13859826608897719907,0,0,0,0,0,0,0.000,0,0
310.260,13859826608897719907,0,0,0,0,0,0,0.000,0,0
310.274,13859826608897719907,0,0,0,0,0,0,0.000,0,0
310.303,13859826608897719907,0,0,0,0,0,0,0.000,0,0
310.317,13859826608897719907,0,0,0,0,0,0,0.000,0,0
310.332,13859826608897719907,0,0,0,0,0,0,0.000,0,0
310.346,13859826608897719907,0,0,0,0,0,0,0.000,0,0
310.360,13859826608897719907,0,0,0,0,0,0,0.000,0,0
310.374,13859826608897719907,0,0,0,0,0,0,0.000,0,0
310.403,13859826608897719907,0,0,0,0,0,0,0.000,0,0
310.417,13859826608897719907,0,0,0,0,0,0,0.000,0,0
310.432,13859826608897719907,0,0,0,0,0,0,0.000,0,0
310.446,13859826608897719907,0,0,0,0,0,0,0.000,0,0
310.460,13859826608897719907,0,0,0,0,0,0,0.000,0,0
310.475,13859826608897719907,0,0,0,0,0,0,0.000,0,0
310.489,13859826608897719907,0,0,0,0,0,0,0.000,0,0
310.518,13859826608897719907,0,0,0,0,0,0,0.000,0,0
310.533,13859826608897719907,0,0,0,0,0,0,0.000,0,0
310.548,13859826608897719907,0,0,0,0,0,0,0.000,0,0
310.562,13859826608897719907,0,0,0,0,0,0,0.000,0,0
310.577,13859826608897719907,0,0,0,0,0,0,0.000,0,0
310.592,13859826608897719907,0,0,0,0,0,0,0.000,0,0
310.607,13859826608897719907,0,0,0,0,0,0,0.000,0,0
310.636,13859826608897719907,0,0,0,0,0,0,0.000,0,0
310.665,13859826608897719907,0,0,0,0,0,0,0.000,0,0
310.680,13859826608897719907,0,0,0,0,0,0,0.000,0,0
310.694,13859826608897719907,0,0,0,0,0,0,0.000,0,0
310.708,13859826608897719907,0,0,0,0,0,0,0.000,0,0
310.723,13859826608897719907,0,0,0,0,0,0,0.000,0,0
310.752,13859826608897719907,0,0,0,0,0,0,0.000,0,0
310.767,13859826608897719907,0,0,0,0,0,0,0.000,0,0
310.781,13859826608897719907,0,0,0,0,0,0,0.000,0,0
310.796,13859826608897719907,0,0,0,0,0,0,0.000,0,0
310.811,13859826608897719907,0,0,0,0,0,0,0.000,0,0
310.840,13859826608897719907,0,0,0,0,0,0,0.000,0,0
310.870,13859826608897719907,0,0,0,0,0,0,0.000,0,0
310.884,13859826608897719907,0,0,0,0,0,0,0.000,0,0
310.899,13859826608897719907,0,0,0,0,0,0,0.000,0,0
310.914,13859826608897719907,0,0,0,0,0,0,0.000,0,0
310.944,13859826608897719907,0,0,0,0,0,0,0.000,0,0
310.958,13859826608897719907,0,0,0,0,0,0,0.000,0,0
310.973,13859826608897719907,0,0,0,0,0,0,0.000,0,0
311.003,13859826608897719907,0,0,0,0,0,0,0.000,0,0
311.017,13859826608897719907,0,0,0,0,0,0,0.000,0,0
311.292,13859826608897719907,0,0,0,0,0,0,0.000,0,0
311.563,13859826608897719907,0,0,0,0,0,0,0.000,0,0
311.851,13859826608897719907,0,0,0,0,0,0,0.000,0,0
312.140,13859826608897719907,0,0,0,0,0,0,0.000,0,0
312.498,13859826608897719907,0,0,0,0,0,0,0.000,0,0
312.512,13859826608897719907,0,0,0,0,0,0,0.000,0,0
312.542,13859826608897719907,0,0,0,0,0,0,0.000,0,0
312.557,13859826608897719907,0,0,0,0,0,0,0.000,0,0
312.587,13859826608897719907,0,0,0,0,0,0,0.000,0,0
312.602,13859826608897719907,0,0,0,0,0,0,0.000,0,0
312.617,13859826608897719907,0,0,0,0,0,0,0.000,0,0
312.647,13859826608897719907,0,0,0,0,0,0,0.000,0,0
312.662,13859826608897719907,0,0,0,0,0,0,0.000,0,0
312.677,13859826608897719907,0,0,0,0,0,0,0.000,0,0
312.691,13859826608897719907,0,0,0,0,0,0,0.000,0,0
312.720,13859826608897719907,0,0,0,0,0,0,0.000,0,0
312.749,13859826608897719907,0,0,0,0,0,0,0.000,0,0
312.763,13859826608897719907,0,0,0,0,0,0,0.000,0,0
312.777,13859826608897719907,0,0,0,0,0,0,0.000,0,0
312.792,13859826608897719907,0,0,0,0,0,0,0.000,0,0
312.820,13859826608897719907,0,0,0,0,0,0,0.000,0,0
312.834,13859826608897719907,0,0,0,0,0,0,0.000,0,0
312.848,13859826608897719907,0,0,0,0,0,0,0.000,0,0
312.862,13859826608897719907,0,0,0,0,0,0,0.000,0,0
312.876,13859826608897719907,0,0,0,0,0,0,0.000,0,0
312.890,13859826608897719907,0,0,0,0,0,0,0.000,0,0
312.918,13859826608897719907,0,0,0,0,0,0,0.000,0,0
312.988,13859826608897719907,0,0,0,0,0,0,0.000,0,0
313.002,13859826608897719907,0,0,0,0,0,0,0.000,0,0
313.016,13859826608897719907,0,0,0,0,0,0,0.000,0,0
313.045,13859826608897719907,0,0,0,0,0,0,0.000,0,0
313.059,13859826608897719907,0,0,0,0,0,0,0.000,0,0
313.088,13859826608897719907,0,0,0,0,0,0,0.000,0,0
313.103,13859826608897719907,0,0,0,0,0,0,0.000,0,0
313.145,13859826608897719907,0,0,0,0,0,0,0.000,0,0
313.160,13859826608897719907,0,0,0,0,0,0,0.000,0,0
313.188,13859826608897719907,0,0,0,0,0,0,0.000,0,0
313.203,13859826608897719907,0,0,0,0,0,0,0.000,0,0
313.248,13859826608897719907,0,0,0,0,0,0,0.000,0,0
313.263,13859826608897719907,0,0,0,0,0,0,0.000,0,0
313.294,13859826608897719907,0,0,0,0,0,0,0.000,0,0
313.308,13859826608897719907,0,0,0,0,0,0,0.000,0,0
313.336,13859826608897719907,0,0,0,0,0,0,0.000,0,0
313.364,13859826608897719907,0,0,0,0,0,0,0.000,0,0
313.407,13859826608897719907,0,0,0,0,0,0,0.000,0,0
313.436,13859826608897719907,0,0,0,0,0,0,0.000,0,0
313.450,13859826608897719907,0,0,0,0,0,0,0.000,0,0
313.480,13859826608897719907,0,0,0,0,0,0,0.000,0,0
313.540,13859826608897719907,0,0,0,0,0,0,0.000,0,0
313.570,13859826608897719907,0,0,0,0,0,0,0.000,0,0
313.585,13859826608897719907,0,0,0,0,0,0,0.000,0,0
313.600,13859826608897719907,0,0,0,0,0,0,0.000,0,0
313.614,13859826608897719907,0,0,0,0,0,0,0.000,0,0
313.644,13859826608897719907,0,0,0,0,0,0,0.000,0,0
313.703,13859826608897719907,0,0,0,0,0,0,0.000,0,0
313.718,13859826608897719907,0,0,0,0,0,0,0.000,0,0
313.885,13859826608897719907,0,0,0,0,0,0,0.000,0,0
313.901,13859826608897719907,0,0,0,0,0,0,0.000,0,0
313.948,13859826608897719907,0,0,0,0,0,0,0.000,0,0
313.964,13859826608897719907,0,0,0,0,0,0,0.000,0,0
313.980,13859826608897719907,0,0,0,0,0,0,0.000,0,0
313.996,13859826608897719907,0,0,0,0,0,0,0.000,0,0
314.013,13859826608897719907,0,0,0,0,0,0,0.000,0,0
314.029,13859826608897719907,0,0,0,0,0,0,0.000,0,0
314.045,13859826608897719907,0,0,0,0,0,0,0.000,0,0
314.061,13859826608897719907,0,0,0,0,0,0,0.000,0,0
314.077,13859826608897719907,0,0,0,0,0,0,0.000,0,0
314.092,13859826608897719907,0,0,0,0,0,0,0.000,0,0
314.108,13859826608897719907,0,0,0,0,0,0,0.000,0,0
314.139,13859826608897719907,0,0,0,0,0,0,0.000,0,0
314.170,13859826608897719907,0,0,0,0,0,0,0.000,0,0
314.186,13859826608897719907,0,0,0,0,0,0,0.000,0,0
314.203,13859826608897719907,0,0,0,0,0,0,0.000,0,0
314.236,13859826608897719907,0,0,0,0,0,0,0.000,0,0
314.253,13859826608897719907,0,0,0,0,0,0,0.000,0,0
314.271,13859826608897719907,0,0,0,0,0,0,0.000,0,0
314.288,13859826608897719907,0,0,0,0,0,0,0.000,0,0
314.304,13859826608897719907,0,0,0,0,0,0,0.000,0,0
314.320,13859826608897719907,0,0,0,0,0,0,0.000,0,0
314.352,13859826608897719907,0,0,0,0,0,0,0.000,0,0
314.383,13859826608897719907,0,0,0,0,0,0,0.000,0,0
314.398,13859826608897719907,0,0,0,0,0,0,0.000,0,0
314.413,13859826608897719907,0,0,0,0,0,0,0.000,0,0
314.427,13859826608897719907,0,0,0,0,0,0,0.000,0,0
314.442,13859826608897719907,0,0,0,0,0,0,0.000,0,0
314.458,13859826608897719907,0,0,0,0,0,0,0.000,0,0
314.473,13859826608897719907,0,0,0,0,0,0,0.000,0,0
314.489,13859826608897719907,0,0,0,0,0,0,0.000,0,0
314.505,13859826608897719907,0,0,0,0,0,0,0.000,0,0
314.520,13859826608897719907,0,0,0,0,0,0,0.000,0,0
314.536,13859826608897719907,0,0,0,0,0,0,0.000,0,0
314.552,13859826608897719907,0,0,0,0,0,0,0.000,0,0
314.568,13859826608897719907,0,0,0,0,0,0,0.000,0,0
314.584,13859826608897719907,0,0,0,0,0,0,0.000,0,0
314.600,13859826608897719907,0,0,0,0,0,0,0.000,0,0
314.616,13859826608897719907,0,0,0,0,0,0,0.000,0,0
314.632,13859826608897719907,0,0,0,0,0,0,0.000,0,0
314.648,13859826608897719907,0,0,0,0,0,0,0.000,0,0
314.664,13859826608897719907,0,0,0,0,0,0,0.000,0,0
314.696,13859826608897719907,0,0,0,0,0,0,0.000,0,0
314.712,13859826608897719907,0,0,0,0,0,0,0.000,0,0
314.728,13859826608897719907,0,0,0,0,0,0,0.000,0,0
314.744,13859826608897719907,0,0,0,0,0,0,0.000,0,0
314.759,13859826608897719907,0,0,0,0,0,0,0.000,0,0
314.775,13859826608897719907,0,0,0,0,0,0,0.000,0,0
314.791,13859826608897719907,0,0,0,0,0,0,0.000,0,0
314.806,13859826608897719907,0,0,0,0,0,0,0.000,0,0
314.822,13859826608897719907,0,0,0,0,0,0,0.000,0,0
314.837,13859826608897719907,0,0,0,0,0,0,0.000,0,0
314.853,13859826608897719907,0,0,0,0,0,0,0.000,0,0
314.868,13859826608897719907,0,0,0,0,0,0,0.000,0,0
314.884,13859826608897719907,0,0,0,0,0,0,0.000,0,0
314.900,13859826608897719907,0,0,0,0,0,0,0.000,0,0
314.916,13859826608897719907,0,0,0,0,0,0,0.000,0,0
314.933,13859826608897719907,0,0,0,0,0,0,0.000,0,0
314.949,13859826608897719907,0,0,0,0,0,0,0.000,0,0
314.965,13859826608897719907,0,0,0,0,0,0,0.000,0,0
314.981,13859826608897719907,0,0,0,0,0,0,0.000,0,0
314.997,13859826608897719907,0,0,0,0,0,0,0.000,0,0
315.029,13859826608897719907,0,0,0,0,0,0,0.000,0,0
315.045,13859826608897719907,0,0,0,0,0,0,0.000,0,0
315.061,13859826608897719907,0,0,0,0,0,0,0.000,0,0
315.077,13859826608897719907,0,0,0,0,0,0,0.000,0,0
421.917,13859826608897719907,0,0,0,0,0,0,0.000,0,0
421.939,13859826608897719907,0,0,0,0,0,0,0.000,0,0
421.961,13859826608897719907,0,0,0,0,0,0,0.000,0,0
421.983,13859826608897719907,0,0,0,0,0,0,0.000,0,0
422.004,13859826608897719907,0,0,0,0,0,0,0.000,0,0
422.025,13859826608897719907,0,0,0,0,0,0,0.000,0,0
422.046,13859826608897719907,0,0,0,0,0,0,0.000,0,0
422.068,13859826608897719907,0,0,0,0,0,0,0.000,0,0
422.089,13859826608897719907,0,0,0,0,0,0,0.000,0,0
422.110,13859826608897719907,0,0,0,0,0,0,0.000,0,0
422.131,13859826608897719907,0,0,0,0,0,0,0.000,0,0
422.153,13859826608897719907,0,0,0,0,0,0,0.000,0,0
422.174,13859826608897719907,0,0,0,0,0,0,0.000,0,0
422.195,13859826608897719907,0,0,0,0,0,0,0.000,0,0
422.216,13859826608897719907,0,0,0,0,0,0,0.000,0,0
422.237,13859826608897719907,0,0,0,0,0,0,0.000,0,0
422.258,13859826608897719907,0,0,0,0,0,0,0.000,0,0
422.279,13859826608897719907,0,0,0,0,0,0,0.000,0,0
422.301,13859826608897719907,0,0,0,0,0,0,0.000,0,0
422.322,13859826608897719907,0,0,0,0,0,0,0.000,0,0
422.343,13859826608897719907,0,0,0,0,0,0,0.000,0,0
422.364,13859826608897719907,0,0,0,0,0,0,0.000,0,0
422.386,13859826608897719907,0,0,0,0,0,0,0.000,0,0
422.407,13859826608897719907,0,0,0,0,0,0,0.000,0,0
422.428,13859826608897719907,0,0,0,0,0,0,0.000,0,0
422.450,13859826608897719907,0,0,0,0,0,0,0.000,0,0
422.471,13859826608897719907,0,0,0,0,0,0,0.000,0,0
422.492,13859826608897719907,0,0,0,0,0,0,0.000,0,0
422.513,13859826608897719907,0,0,0,0,0,0,0.000,0,0
422.534,13859826608897719907,0,0,0,0,0,0,0.000,0,0
422.555,13859826608897719907,0,0,0,0,0,0,0.000,0,0
422.576,13859826608897719907,0,0,0,0,0,0,0.000,0,0
422.597,13859826608897719907,0,0,0,0,0,0,0.000,0,0
422.619,13859826608897719907,0,0,0,0,0,0,0.000,0,0
422.640,13859826608897719907,0,0,0,0,0,0,0.000,0,0
422.661,13859826608897719907,0,0,0,0,0,0,0.000,0,0
422.682,13859826608897719907,0,0,0,0,0,0,0.000,0,0
422.704,13859826608897719907,0,0,0,0,0,0,0.000,0,0
422.725,13859826608897719907,0,0,0,0,0,0,0.000,0,0
422.746,13859826608897719907,0,0,0,0,0,0,0.000,0,0
422.767,13859826608897719907,0,0,0,0,0,0,0.000,0,0
422.788,13859826608897719907,0,0,0,0,0,0,0.000,0,0
422.809,13859826608897719907,0,0,0,0,0,0,0.000,0,0
422.830,13859826608897719907,0,0,0,0,0,0,0.000,0,0
422.852,13859826608897719907,0,0,0,0,0,0,0.000,0,0
422.873,13859826608897719907,0,0,0,0,0,0,0.000,0,0
422.894,13859826608897719907,0,0,0,0,0,0,0.000,0,0
422.915,13859826608897719907,0,0,0,0,0,0,0.000,0,0
422.936,13859826608897719907,0,0,0,0,0,0,0.000,0,0
422.957,13859826608897719907,0,0,0,0,0,0,0.000,0,0
422.979,13859826608897719907,0,0,0,0,0,0,0.000,0,0
423.000,13859826608897719907,0,0,0,0,0,0,0.000,0,0
423.021,13859826608897719907,0,0,0,0,0,0,0.000,0,0
423.043,13859826608897719907,0,0,0,0,0,0,0.000,0,0
423.064,13859826608897719907,0,0,0,0,0,0,0.000,0,0
423.085,13859826608897719907,0,0,0,0,0,0,0.000,0,0
423.107,13859826608897719907,0,0,0,0,0,0,0.000,0,0
423.128,13859826608897719907,0,0,0,0,0,0,0.000,0,0
423.149,13859826608897719907,0,0,0,0,0,0,0.000,0,0
423.171,13859826608897719907,0,0,0,0,0,0,0.000,0,0
423.192,13859826608897719907,0,0,0,0,0,0,0.000,0,0
423.213,13859826608897719907,0,0,0,0,0,0,0.000,0,0
423.234,13859826608897719907,0,0,0,0,0,0,0.000,0,0
423.255,13859826608897719907,0,0,0,0,0,0,0.000,0,0
423.277,13859826608897719907,0,0,0,0,0,0,0.000,0,0
423.298,13859826608897719907,0,0,0,0,0,0,0.000,0,0
423.319,13859826608897719907,0,0,0,0,0,0,0.000,0,0
423.340,13859826608897719907,0,0,0,0,0,0,0.000,0,0
423.362,13859826608897719907,0,0,0,0,0,0,0.000,0,0
423.383,13859826608897719907,0,0,0,0,0,0,0.000,0,0
423.405,13859826608897719907,0,0,0,0,0,0,0.000,0,0
423.427,13859826608897719907,0,0,0,0,0,0,0.000,0,0
423.449,13859826608897719907,0,0,0,0,0,0,0.000,0,0
423.472,13859826608897719907,0,0,0,0,0,0,0.000,0,0
423.494,13859826608897719907,0,0,0,0,0,0,0.000,0,0
423.516,13859826608897719907,0,0,0,0,0,0,0.000,0,0
423.540,13859826608897719907,0,0,0,0,0,0,0.000,0,0
423.563,13859826608897719907,0,0,0,0,0,0,0.000,0,0
423.586,13859826608897719907,0,0,0,0,0,0,0.000,0,0
423.609,13859826608897719907,0,0,0,0,0,0,0.000,0,0
423.632,13859826608897719907,0,0,0,0,0,0,0.000,0,0
423.655,13859826608897719907,0,0,0,0,0,0,0.000,0,0
423.678,13859826608897719907,0,0,0,0,0,0,0.000,0,0
423.701,13859826608897719907,0,0,0,0,0,0,0.000,0,0
423.724,13859826608897719907,0,0,0,0,0,0,0.000,0,0
423.746,13859826608897719907,0,0,0,0,0,0,0.000,0,0
423.769,13859826608897719907,0,0,0,0,0,0,0.000,0,0
423.792,13859826608897719907,0,0,0,0,0,0,0.000,0,0
423.815,13859826608897719907,0,0,0,0,0,0,0.000,0,0
423.837,13859826608897719907,0,0,0,0,0,0,0.000,0,0
423.860,13859826608897719907,0,0,0,0,0,0,0.000,0,0
423.882,13859826608897719907,0,0,0,0,0,0,0.000,0,0
423.905,13859826608897719907,0,0,0,0,0,0,0.000,0,0
423.927,13859826608897719907,0,0,0,0,0,0,0.000,0,0
423.950,13859826608897719907,0,0,0,0,0,0,0.000,0,0
423.972,13859826608897719907,0,0,0,0,0,0,0.000,0,0
423.995,13859826608897719907,0,0,0,0,0,0,0.000,0,0
424.018,13859826608897719907,0,0,0,0,0,0,0.000,0,0
424.041,13859826608897719907,0,0,0,0,0,0,0.000,0,0
424.065,13859826608897719907,0,0,0,0,0,0,0.000,0,0
424.088,13859826608897719907,0,0,0,0,0,0,0.000,0,0
424.112,13859826608897719907,0,0,0,0,0,0,0.000,0,0
424.136,13859826608897719907,0,0,0,0,0,0,0.000,0,0
424.160,13859826608897719907,0,0,0,0,0,0,0.000,0,0
424.184,13859826608897719907,0,0,0,0,0,0,0.000,0,0
424.208,13859826608897719907,0,0,0,0,0,0,0.000,0,0
424.232,13859826608897719907,0,0,0,0,0,0,0.000,0,0
424.255,13859826608897719907,0,0,0,0,0,0,0.000,0,0
424.277,13859826608897719907,0,0,0,0,0,0,0.000,0,0
424.299,13859826608897719907,0,0,0,0,0,0,0.000,0,0
424.321,13859826608897719907,0,0,0,0,0,0,0.000,0,0
424.343,13859826608897719907,0,0,0,0,0,0,0.000,0,0
424.364,13859826608897719907,0,0,0,0,0,0,0.000,0,0
424.388,13859826608897719907,0,0,0,0,0,0,0.000,0,0
424.436,13859826608897719907,0,0,0,0,0,0,0.000,0,0
424.459,13859826608897719907,0,0,0,0,0,0,0.000,0,0
424.482,13859826608897719907,0,0,0,0,0,0,0.000,0,0
424.506,13859826608897719907,0,0,0,0,0,0,0.000,0,0
424.530,13859826608897719907,0,0,0,0,0,0,0.000,0,0
424.551,13859826608897719907,0,0,0,0,0,0,0.000,0,0
424.572,13859826608897719907,0,0,0,0,0,0,0.000,0,0
424.594,13859826608897719907,0,0,0,0,0,0,0.000,0,0
424.617,13859826608897719907,0,0,0,0,0,0,0.000,0,0
424.639,13859826608897719907,0,0,0,0,0,0,0.000,0,0
424.661,13859826608897719907,0,0,0,0,0,0,0.000,0,0
424.684,13859826608897719907,0,0,0,0,0,0,0.000,0,0
424.706,13859826608897719907,0,0,0,0,0,0,0.000,0,0
424.728,13859826608897719907,0,0,0,0,0,0,0.000,0,0
424.750,13859826608897719907,0,0,0,0,0,0,0.000,0,0
424.772,13859826608897719907,0,0,0,0,0,0,0.000,0,0
424.794,13859826608897719907,0,0,0,0,0,0,0.000,0,0
424.816,13859826608897719907,0,0,0,0,0,0,0.000,0,0
424.838,13859826608897719907,0,0,0,0,0,0,0.000,0,0
424.860,13859826608897719907,0,0,0,0,0,0,0.000,0,0
424.882,13859826608897719907,0,0,0,0,0,0,0.000,0,0
424.904,13859826608897719907,0,0,0,0,0,0,0.000,0,0
424.927,13859826608897719907,0,0,0,0,0,0,0.000,0,0
424.949,13859826608897719907,0,0,0,0,0,0,0.000,0,0
424.971,13859826608897719907,0,0,0,0,0,0,0.000,0,0
424.994,13859826608897719907,0,0,0,0,0,0,0.000,0,0
425.017,13859826608897719907,0,0,0,0,0,0,0.000,0,0
425.039,13859826608897719907,0,0,0,0,0,0,0.000,0,0
425.062,13859826608897719907,0,0,0,0,0,0,0.000,0,0
425.084,13859826608897719907,0,0,0,0,0,0,0.000,0,0
425.107,13859826608897719907,0,0,0,0,0,0,0.000,0,0
425.129,13859826608897719907,0,0,0,0,0,0,0.000,0,0
425.151,13859826608897719907,0,0,0,0,0,0,0.000,0,0
425.174,13859826608897719907,0,0,0,0,0,0,0.000,0,0
425.196,13859826608897719907,0,0,0,0,0,0,0.000,0,0
425.218,13859826608897719907,0,0,0,0,0,0,0.000,0,0
425.240,13859826608897719907,0,0,0,0,0,0,0.000,0,0
425.262,13859826608897719907,0,0,0,0,0,0,0.000,0,0
425.284,13859826608897719907,0,0,0,0,0,0,0.000,0,0
425.306,13859826608897719907,0,0,0,0,0,0,0.000,0,0
425.328,13859826608897719907,0,0,0,0,0,0,0.000,0,0
425.350,13859826608897719907,0,0,0,0,0,0,0.000,0,0
425.372,13859826608897719907,0,0,0,0,0,0,0.000,0,0
425.394,13859826608897719907,0,0,0,0,0,0,0.000,0,0
425.416,13859826608897719907,0,0,0,0,0,0,0.000,0,0
425.438,13859826608897719907,0,0,0,0,0,0,0.000,0,0
425.460,13859826608897719907,0,0,0,0,0,0,0.000,0,0
425.482,13859826608897719907,0,0,0,0,0,0,0.000,0,0
425.505,13859826608897719907,0,0,0,0,0,0,0.000,0,0
425.527,13859826608897719907,0,0,0,0,0,0,0.000,0,0
425.549,13859826608897719907,0,0,0,0,0,0,0.000,0,0
425.571,13859826608897719907,0,0,0,0,0,0,0.000,0,0
425.594,13859826608897719907,0,0,0,0,0,0,0.000,0,0
425.616,13859826608897719907,0,0,0,0,0,0,0.000,0,0
425.726,13859826608897719907,0,0,0,0,0,0,0.000,0,0
425.847,13859826608897719907,0,0,0,0,0,0,0.000,0,0
425.960,13859826608897719907,0,0,0,0,0,0,0.000,0,0
426.074,13859826608897719907,0,0,0,0,0,0,0.000,0,0
426.188,13859826608897719907,0,0,0,0,0,0,0.000,0,0
426.302,13859826608897719907,0,0,0,0,0,0,0.000,0,0
426.415,13859826608897719907,0,0,0,0,0,0,0.000,0,0
426.529,13859826608897719907,0,0,0,0,0,0,0.000,0,0
426.736,13859826608897719907,0,0,0,0,0,0,0.000,0,0
426.959,13859826608897719907,0,0,0,0,0,0,0.000,0,0
427.181,13859826608897719907,0,0,0,0,0,0,0.000,0,0
427.402,13859826608897719907,0,0,0,0,0,0,0.000,0,0
427.624,13859826608897719907,0,0,0,0,0,0,0.000,0,0
427.847,13859826608897719907,0,0,0,0,0,0,0.000,0,0
428.512,13859826608897719907,0,0,0,0,0,0,0.000,0,0
429.179,13859826608897719907,0,0,0,0,0,0,0.000,0,0
429.844,13859826608897719907,0,0,0,0,0,0,0.000,0,0
430.504,13859826608897719907,0,0,0,0,0,0,0.000,0,0
431.171,13859826608897719907,0,0,0,0,0,0,0.000,0,0
431.838,13859826608897719907,0,0,0,0,0,0,0.000,0,0
432.504,13859826608897719907,0,0,0,0,0,0,0.000,0,0
433.173,13859826608897719907,0,0,0,0,0,0,0.000,0,0
433.842,13859826608897719907,0,0,0,0,0,0,0.000,0,0
434.513,13859826608897719907,0,0,0,0,0,0,0.000,0,0
435.182,13859826608897719907,0,0,0,0,0,0,0.000,0,0
435.850,13859826608897719907,0,0,0,0,0,0,0.000,0,0
436.517,13859826608897719907,0,0,0,0,0,0,0.000,0,0
437.184,13859826608897719907,0,0,0,0,0,0,0.000,0,0
437.846,13859826608897719907,0,0,0,0,0,0,0.000,0,0
438.510,13859826608897719907,0,0,0,0,0,0,0.000,0,0
439.173,13859826608897719907,0,0,0,0,0,0,0.000,0,0
439.839,13859826608897719907,0,0,0,0,0,0,0.000,0,0
440.501,13859826608897719907,0,0,0,0,0,0,0.000,0,0
441.166,13859826608897719907,0,0,0,0,0,0,0.000,0,0
441.835,13859826608897719907,0,0,0,0,0,0,0.000,0,0
442.508,13859826608897719907,0,0,0,0,0,0,0.000,0,0
443.178,13859826608897719907,0,0,0,0,0,0,0.000,0,0
443.849,13859826608897719907,0,0,0,0,0,0,0.000,0,0
444.521,13859826608897719907,0,0,0,0,0,0,0.000,0,0
445.197,13859826608897719907,0,0,0,0,0,0,0.000,0,0
445.867,13859826608897719907,0,0,0,0,0,0,0.000,0,0
446.538,13859826608897719907,0,0,0,0,0,0,0.000,0,0
447.205,13859826608897719907,0,0,0,0,0,0,0.000,0,0
447.873,13859826608897719907,0,0,0,0,0,0,0.000,0,0
448.539,13859826608897719907,0,0,0,0,0,0,0.000,0,0
449.206,13859826608897719907,0,0,0,0,0,0,0.000,0,0
449.872,13859826608897719907,0,0,0,0,0,0,0.000,0,0
450.540,13859826608897719907,0,0,0,0,0,0,0.000,0,0
451.203,13859826608897719907,0,0,0,0,0,0,0.000,0,0
451.874,13859826608897719907,0,0,0,0,0,0,0.000,0,0
452.542,13859826608897719907,0,0,0,0,0,0,0.000,0,0
453.211,13859826608897719907,0,0,0,0,0,0,0.000,0,0
453.877,13859826608897719907,0,0,0,0,0,0,0.000,0,0
454.548,13859826608897719907,0,0,0,0,0,0,0.000,0,0
455.217,13859826608897719907,0,0,0,0,0,0,0.000,0,0
455.892,13859826608897719907,0,0,0,0,0,0,0.000,0,0
456.554,13859826608897719907,0,0,0,0,0,0,0.000,0,0
457.220,13859826608897719907,0,0,0,0,0,0,0.000,0,0
457.890,13859826608897719907,0,0,0,0,0,0,0.000,0,0
458.557,13859826608897719907,0,0,0,0,0,0,0.000,0,0
459.216,13859826608897719907,0,0,0,0,0,0,0.000,0,0
459.878,13859826608897719907,0,0,0,0,0,0,0.000,0,0
460.537,13859826608897719907,0,0,0,0,0,0,0.000,0,0
461.207,13859826608897719907,0,0,0,0,0,0,0.000,0,0
461.873,13859826608897719907,0,0,0,0,0,0,0.000,0,0
462.531,13859826608897719907,0,0,0,0,0,0,0.000,0,0
463.194,13859826608897719907,0,0,0,0,0,0,0.000,0,0
463.860,13859826608897719907,0,0,0,0,0,0,0.000,0,0
464.526,13859826608897719907,0,0,0,0,0,0,0.000,0,0
465.190,13859826608897719907,0,0,0,0,0,0,0.000,0,0
465.848,13859826608897719907,0,0,0,0,0,0,0.000,0,0
466.512,13859826608897719907,0,0,0,0,0,0,0.000,0,0
467.178,13859826608897719907,0,0,0,0,0,0,0.000,0,0
467.839,13859826608897719907,0,0,0,0,0,0,0.000,0,0
468.503,13859826608897719907,0,0,0,0,0,0,0.000,0,0
469.167,13859826608897719907,0,0,0,0,0,0,0.000,0,0
469.831,13859826608897719907,0,0,0,0,0,0,0.000,0,0
470.497,13859826608897719907,0,0,0,0,0,0,0.000,0,0
471.164,13859826608897719907,0,0,0,0,0,0,0.000,0,0
471.829,13859826608897719907,0,0,0,0,0,0,0.000,0,0
472.500,13859826608897719907,0,0,0,0,0,0,0.000,0,0
473.168,13859826608897719907,0,0,0,0,0,0,0.000,0,0
473.833,13859826608897719907,0,0,0,0,0,0,0.000,0,0
474.498,13859826608897719907,0,0,0,0,0,0,0.000,0,0
475.166,13859826608897719907,0,0,0,0,0,0,0.000,0,0
475.831,13859826608897719907,0,0,0,0,0,0,0.000,0,0
476.498,13859826608897719907,0,0,0,0,0,0,0.000,0,0
477.163,13859826608897719907,0,0,0,0,0,0,0.000,0,0
477.829,13859826608897719907,0,0,0,0,0,0,0.000,0,0
478.493,13859826608897719907,0,0,0,0,0,0,0.000,0,0
479.156,13859826608897719907,0,0,0,0,0,0,0.000,0,0
479.820,13859826608897719907,0,0,0,0,0,0,0.000,0,0
480.482,13859826608897719907,0,0,0,0,0,0,0.000,0,0
481.143,13859826608897719907,0,0,0,0,0,0,0.000,0,0
481.798,13859826608897719907,0,0,0,0,0,0,0.000,0,0
482.459,13859826608897719907,0,0,0,0,0,0,0.000,0,0
483.121,13859826608897719907,0,0,0,0,0,0,0.000,0,0
483.780,13859826608897719907,0,0,0,0,0,0,0.000,0,0
484.439,13859826608897719907,0,0,0,0,0,0,0.000,0,0
485.094,13859826608897719907,0,0,0,0,0,0,0.000,0,0
485.748,13859826608897719907,0,0,0,0,0,0,0.000,0,0
486.406,13859826608897719907,0,0,0,0,0,0,0.000,0,0
487.055,13859826608897719907,0,0,0,0,0,0,0.000,0,0
487.699,13859826608897719907,0,0,0,0,0,0,0.000,0,0
488.347,13859826608897719907,0,0,0,0,0,0,0.000,0,0
489.010,13859826608897719907,0,0,0,0,0,0,0.000,0,0
489.671,13859826608897719907,0,0,0,0,0,0,0.000,0,0
490.333,13859826608897719907,0,0,0,0,0,0,0.000,0,0
490.993,13859826608897719907,0,0,0,0,0,0,0.000,0,0
491.649,13859826608897719907,0,0,0,0,0,0,0.000,0,0
492.311,13859826608897719907,0,0,0,0,0,0,0.000,0,0
492.976,13859826608897719907,0,0,0,0,0,0,0.000,0,0
493.623,13859826608897719907,0,0,0,0,0,0,0.000,0,0
494.275,13859826608897719907,0,0,0,0,0,0,0.000,0,0
494.930,13859826608897719907,0,0,0,0,0,0,0.000,0,0
495.588,13859826608897719907,0,0,0,0,0,0,0.000,0,0
496.258,13859826608897719907,0,0,0,0,0,0,0.000,0,0
496.926,13859826608897719907,0,0,0,0,0,0,0.000,0,0
497.590,13859826608897719907,0,0,0,0,0,0,0.000,0,0
498.256,13859826608897719907,0,0,0,0,0,0,0.000,0,0
498.927,13859826608897719907,0,0,0,0,0,0,0.000,0,0
499.594,13859826608897719907,0,0,0,0,0,0,0.000,0,0
500.263,13859826608897719907,0,0,0,0,0,0,0.000,0,0
500.937,13859826608897719907,0,0,0,0,0,0,0.000,0,0
501.606,13859826608897719907,0,0,0,0,0,0,0.000,0,0
502.284,13859826608897719907,0,0,0,0,0,0,0.000,0,0
502.959,13859826608897719907,0,0,0,0,0,0,0.000,0,0
503.637,13859826608897719907,0,0,0,0,0,0,0.000,0,0
504.310,13859826608897719907,0,0,0,0,0,0,0.000,0,0
504.976,13859826608897719907,0,0,0,0,0,0,0.000,0,0
505.635,13859826608897719907,0,0,0,0,0,0,0.000,0,0
506.299,13859826608897719907,0,0,0,0,0,0,0.000,0,0
506.959,13859826608897719907,0,0,0,0,0,0,0.000,0,0
507.621,13859826608897719907,0,0,0,0,0,0,0.000,0,0
508.281,13859826608897719907,0,0,0,0,0,0,0.000,0,0
508.945,13859826608897719907,0,0,0,0,0,0,0.000,0,0
509.611,13859826608897719907,0,0,0,0,0,0,0.000,0,0
510.283,13859826608897719907,0,0,0,0,0,0,0.000,0,0
510.953,13859826608897719907,0,0,0,0,0,0,0.000,0,0
511.621,13859826608897719907,0,0,0,0,0,0,0.000,0,0
512.286,13859826608897719907,0,0,0,0,0,0,0.000,0,0
512.950,13859826608897719907,0,0,0,0,0,0,0.000,0,0
513.618,13859826608897719907,0,0,0,0,0,0,0.000,0,0
514.289,13859826608897719907,0,0,0,0,0,0,0.000,0,0
514.958,13859826608897719907,0,0,0,0,0,0,0.000,0,0
515.629,13859826608897719907,0,0,0,0,0,0,0.000,0,0
516.299,13859826608897719907,0,0,0,0,0,0,0.000,0,0
516.974,13859826608897719907,0,0,0,0,0,0,0.000,0,0
517.648,13859826608897719907,0,0,0,0,0,0,0.000,0,0
518.320,13859826608897719907,0,0,0,0,0,0,0.000,0,0
518.991,13859826608897719907,0,0,0,0,0,0,0.000,0,0
519.661,13859826608897719907,0,0,0,0,0,0,0.000,0,0
520.331,13859826608897719907,0,0,0,0,0,0,0.000,0,0
521.025,13859826608897719907,0,0,0,0,0,0,0.000,0,0
521.693,13859826608897719907,0,693,0,0,693,0,0.000,0,0
522.361,13859826608897719907,0,1361,0,0,1361,0,0.000,0,0
523.029,13859826608897719907,0,2029,0,0,2029,0,0.000,0,0
523.695,13859826608897719907,0,2698,0,0,2698,0,0.000,0,0
524.371,13859826608897719907,0,3363,0,0,3363,0,0.000,0,0
525.043,13859826608897719907,0,4039,0,0,4039,0,0.000,0,0
525.695,13859826608897719907,0,4712,0,0,4712,0,0.000,0,0
526.367,13859826608897719907,0,5363,0,0,5363,0,0.000,0,0
527.036,13859826608897719907,0,6035,0,0,6035,0,0.000,0,0
527.703,13859826608897719907,0,6704,0,0,6704,0,0.000,0,0
528.375,13859826608897719907,0,7371,0,0,7371,0,0.000,0,0
529.037,13859826608897719907,0,8043,0,0,8043,0,0.000,0,0
529.696,13859826608897719907,0,8706,0,0,8706,0,0.000,0,0
530.358,13859826608897719907,0,9365,0,0,9365,0,0.000,0,0
531.020,13859826608897719907,0,10026,0,0,10026,0,0.000,0,0
531.683,13859826608897719907,0,10688,0,0,10688,0,0.000,0,0
532.352,13859826608897719907,0,11351,0,0,11351,0,0.000,0,0
533.016,13859826608897719907,0,12020,0,0,12020,0,0.000,0,0
533.679,13859826608897719907,0,12684,0,0,12684,0,0.000,0,0
534.345,13859826608897719907,0,13347,0,0,13347,0,0.000,0,0
535.009,13859826608897719907,0,14013,0,0,14013,0,0.000,0,0
535.674,13859826608897719907,0,14677,0,0,14677,0,0.000,0,0
536.344,13859826608897719907,0,15343,0,0,15343,0,0.000,0,0
537.008,13859826608897719907,0,16013,0,0,16013,0,0.000,0,0
537.672,13859826608897719907,0,16677,0,0,16677,0,0.000,0,0
538.342,13859826608897719907,0,17340,0,0,17340,0,0.000,0,0
539.009,13859826608897719907,0,18011,0,0,18011,0,0.000,0,0
539.677,13859826608897719907,0,18677,0,0,18677,0,0.000,0,0
540.349,13859826608897719907,0,19345,0,0,19345,0,0.000,0,0
541.016,13859826608897719907,0,20018,0,0,20018,0,0.000,0,0
541.685,13859826608897719907,0,20685,0,0,20685,0,0.000,0,0
542.362,13859826608897719907,0,21353,0,0,21353,0,0.000,0,0
543.028,13859826608897719907,0,22031,0,0,22031,0,0.000,0,0
543.704,13859826608897719907,0,22697,0,0,22697,0,0.000,0,0
544.376,13859826608897719907,0,23373,0,0,23373,0,0.000,0,0
545.044,13859826608897719907,0,24045,0,0,24045,0,0.000,0,0
545.716,13859826608897719907,0,24713,0,0,24713,0,0.000,0,0
546.391,13859826608897719907,0,25384,0,0,25384,0,0.000,0,0
547.059,13859826608897719907,0,26060,0,0,26060,0,0.000,0,0
547.731,13859826608897719907,0,26728,0,0,26728,0,0.000,0,0
548.400,13859826608897719907,0,27399,0,0,27399,0,0.000,0,0
549.068,13859826608897719907,0,28068,0,0,28068,0,0.000,0,0
549.731,13859826608897719907,0,28736,27648,0,1088,0,0.000,0,0
550.398,13859826608897719907,0,29400,27648,0,1752,0,0.000,0,0
551.058,13859826608897719907,0,30066,27648,0,2418,0,0.000,0,0
551.720,13859826608897719907,0,30727,27648,0,3079,0,0.000,0,0
552.382,13859826608897719907,0,31388,27648,0,3740,0,0.000,0,0
553.044,13859826608897719907,0,32051,27648,0,4403,0,0.000,0,0
553.705,13859826608897719907,0,32712,27648,0,5064,0,0.000,0,0
554.378,13859826608897719907,0,33374,27648,0,5726,0,0.000,0,0
555.046,13859826608897719907,0,34046,27648,0,6398,0,0.000,0,0
555.712,13859826608897719907,0,34715,27648,0,7067,0,0.000,0,0
556.380,13859826608897719907,0,35381,27648,0,7733,0,0.000,0,0
557.048,13859826608897719907,0,36049,27648,0,8401,0,0.000,0,0
557.713,13859826608897719907,0,36716,27648,0,9068,0,0.000,0,0
558.381,13859826608897719907,0,37381,27648,0,9733,0,0.000,0,0
559.040,13859826608897719907,0,38049,27648,0,10401,0,0.000,0,0
559.701,13859826608897719907,0,38709,27648,0,11061,0,0.000,0,0
560.372,13859826608897719907,0,39370,27648,0,11722,0,0.000,0,0
561.038,13859826608897719907,0,40041,27648,0,12393,0,0.000,0,0
561.702,13859826608897719907,0,40707,27648,0,13059,0,0.000,0,0
562.371,13859826608897719907,0,41371,27648,0,13723,0,0.000,0,0
563.037,13859826608897719907,0,42039,27648,0,14391,0,0.000,0,0
563.707,13859826608897719907,0,42706,27648,0,15058,0,0.000,0,0
564.379,13859826608897719907,0,43375,27648,0,15727,0,0.000,0,0
565.048,13859826608897719907,0,44048,27648,0,16400,0,0.000,0,0
565.728,13859826608897719907,0,44716,27648,0,17068,0,0.000,0,0
566.412,13859826608897719907,0,45396,27648,0,17748,0,0.000,0,0
567.094,13859826608897719907,0,46081,27648,0,18433,0,0.000,0,0
567.783,13859826608897719907,0,46763,27648,0,19115,0,0.000,0,0
568.475,13859826608897719907,0,47452,27648,0,19804,0,0.000,0,0
569.164,13859826608897719907,0,48144,27648,0,20496,0,0.000,0,0
569.859,13859826608897719907,0,48832,27648,0,21184,0,0.000,0,0
570.552,13859826608897719907,0,49527,27648,0,21879,0,0.000,0,0
571.239,13859826608897719907,0,50221,27648,0,22573,0,0.000,0,0
571.926,13859826608897719907,0,50907,27648,0,23259,0,0.000,0,0
572.613,13859826608897719907,0,51595,27648,0,23947,0,0.000,0,0
573.293,13859826608897719907,0,52281,27648,0,24633,0,0.000,0,0
573.972,13859826608897719907,0,52961,27648,0,25313,0,0.000,0,0
574.647,13859826608897719907,0,53640,27648,0,25992,0,0.000,0,0
575.313,13859826608897719907,0,54315,27648,0,26667,0,0.000,0,0
575.981,13859826608897719907,0,54981,27648,0,27333,0,0.000,0,0
576.652,13859826608897719907,0,55650,27648,0,28002,0,0.000,0,0
577.318,13859826608897719907,0,56321,27648,0,28673,0,0.000,0,0
577.987,13859826608897719907,0,56987,27648,28535,804,0,0.000,0,0
578.656,13859826608897719907,0,57655,27648,28535,1472,0,0.000,0,0
579.323,13859826608897719907,0,58325,27648,28535,2142,0,0.000,0,0
579.989,13859826608897719907,0,58991,27648,28535,2808,0,0.000,0,0
580.659,13859826608897719907,0,59658,27648,28535,3475,0,0.000,0,0
581.348,13859826608897719907,0,60327,27648,28535,4144,0,0.000,0,0
582.021,13859826608897719907,0,61016,27648,28535,4833,0,0.000,0,0
582.696,13859826608897719907,0,61689,27648,28535,5506,0,0.000,0,0
583.373,13859826608897719907,0,62364,27648,28535,6181,0,0.000,0,0
584.044,13859826608897719907,0,63041,27648,28535,6858,0,0.000,0,0
584.721,13859826608897719907,0,63713,27648,28535,7530,0,0.000,0,0
585.404,13859826608897719907,0,64389,27648,28535,8206,0,0.000,0,0
586.059,13859826608897719907,0,65073,27648,28535,8890,0,0.000,0,0
586.737,13859826608897719907,0,65727,27648,28535,9544,0,0.000,0,0
587.419,13859826608897719907,0,66406,27648,28535,10223,0,0.000,0,0
588.100,13859826608897719907,0,67088,27648,28535,10905,0,0.000,0,0
588.788,13859826608897719907,0,67768,27648,28535,11585,0,0.000,0,0
589.475,13859826608897719907,0,68456,27648,28535,12273,0,0.000,0,0
590.151,13859826608897719907,0,69143,27648,28535,12960,0,0.000,0,0
590.835,13859826608897719907,0,69819,27648,28535,13636,0,0.000,0,0
591.513,13859826608897719907,0,70504,27648,28535,14321,0,0.000,0,0
592.183,13859826608897719907,0,71182,27648,28535,14999,0,0.000,0,0
592.856,13859826608897719907,0,71852,27648,28535,15669,0,0.000,0,0
593.522,13859826608897719907,0,72524,27648,28535,16341,0,0.000,0,0
594.184,13859826608897719907,0,73191,27648,28535,17008,0,0.000,0,0
594.849,13859826608897719907,0,73852,27648,28535,17669,0,0.000,0,0
595.509,13859826608897719907,0,74518,27648,28535,18335,0,0.000,0,0
596.171,13859826608897719907,0,75177,27648,28535,18994,0,0.000,0,0
596.834,13859826608897719907,0,75839,27648,28535,19656,0,0.000,0,0
597.495,13859826608897719907,0,76503,27648,28535,20320,0,0.000,0,0
598.158,13859826608897719907,0,77163,27648,28535,20980,0,0.000,0,0
598.824,13859826608897719907,0,77826,27648,28535,21643,0,0.000,0,0
599.484,13859826608897719907,0,78492,27648,28535,22309,0,0.000,0,0
600.151,13859826608897719907,0,79152,27648,28535,22969,0,0.000,0,0
600.813,13859826608897719907,0,79820,27648,28535,23637,0,0.000,0,0
601.472,13859826608897719907,0,80481,27648,28535,24298,0,0.000,0,0
602.129,13859826608897719907,0,81141,27648,28535,24958,0,0.000,0,0
602.789,13859826608897719907,0,81798,27648,28535,25615,0,0.000,0,0
603.447,13859826608897719907,0,82457,27648,28535,26274,0,0.000,0,0
604.104,13859826608897719907,0,83115,27648,28535,26932,0,0.000,0,0
604.757,13859826608897719907,0,83773,27648,28535,27590,0,0.000,0,0
605.417,13859826608897719907,0,84426,27648,28535,28243,0,0.000,0,0
606.077,13859826608897719907,0,85086,27648,28535,28903,0,0.000,0,0
606.738,13859826608897719907,84680,1065,0,0,1065,0,0.000,0,0
607.401,13859826608897719907,84680,1726,0,0,1726,0,0.000,0,0
608.061,13859826608897719907,84680,2388,0,0,2388,0,0.000,0,0
608.728,13859826608897719907,84680,3048,0,0,3048,0,0.000,0,0
609.393,13859826608897719907,84680,3716,0,0,3716,0,0.000,0,0
610.056,13859826608897719907,84680,4381,0,0,4381,0,0.000,0,0
610.719,13859826608897719907,84680,5043,0,0,5043,0,0.000,0,0
611.387,13859826608897719907,84680,5706,0,0,5706,0,0.000,0,0
612.047,13859826608897719907,84680,6375,0,0,6375,0,0.000,0,0
612.714,13859826608897719907,84680,7034,0,0,7034,0,0.000,0,0
613.378,13859826608897719907,84680,7702,0,0,7702,0,0.000,0,0
614.046,13859826608897719907,84680,8366,0,0,8366,0,0.000,0,0
614.713,13859826608897719907,84680,9034,0,0,9034,0,0.000,0,0
615.380,13859826608897719907,84680,9701,0,0,9701,0,0.000,0,0
616.040,13859826608897719907,84680,10368,0,0,10368,0,0.000,0,0
616.702,13859826608897719907,84680,11028,0,0,11028,0,0.000,0,0
617.361,13859826608897719907,84680,11690,0,0,11690,0,0.000,0,0
618.017,13859826608897719907,84680,12349,0,0,12349,0,0.000,0,0
618.674,13859826608897719907,84680,13005,0,0,13005,0,0.000,0,0
619.331,13859826608897719907,84680,13662,0,0,13662,0,0.000,0,0
619.986,13859826608897719907,84680,14319,0,0,14319,0,0.000,0,0
620.643,13859826608897719907,84680,14974,0,0,14974,0,0.000,0,0
621.304,13859826608897719907,84680,15631,0,0,15631,0,0.000,0,0
621.964,13859826608897719907,84680,16292,0,0,16292,0,0.000,0,0
622.624,13859826608897719907,84680,16952,0,0,16952,0,0.000,0,0
623.279,13859826608897719907,84680,17611,0,0,17611,0,0.000,0,0
623.935,13859826608897719907,84680,18266,0,0,18266,0,0.000,0,0
624.595,13859826608897719907,84680,18923,0,0,18923,0,0.000,0,0
625.253,13859826608897719907,84680,19583,0,0,19583,0,0.000,0,0
625.908,13859826608897719907,84680,20241,0,0,20241,0,0.000,0,0
626.564,13859826608897719907,84680,20896,0,0,20896,0,0.000,0,0
627.223,13859826608897719907,84680,21551,0,0,21551,0,0.000,0,0
627.887,13859826608897719907,84680,22210,0,0,22210,0,0.000,0,0
628.548,13859826608897719907,84680,22874,0,0,22874,0,0.000,0,0
629.209,13859826608897719907,84680,23536,0,0,23536,0,0.000,0,0
629.876,13859826608897719907,84680,24197,0,0,24197,0,0.000,0,0
630.548,13859826608897719907,84680,24863,0,0,24863,0,0.000,0,0
631.215,13859826608897719907,84680,25536,0,0,25536,0,0.000,0,0
631.884,13859826608897719907,84680,26203,0,0,26203,0,0.000,0,0
632.545,13859826608897719907,84680,26872,0,0,26872,0,0.000,0,0
633.210,13859826608897719907,84680,27532,0,0,27532,0,0.000,0,0
633.876,13859826608897719907,84680,28197,27594,0,603,0,0.000,0,0
634.540,13859826608897719907,84680,28864,27594,0,1270,0,0.000,0,0
635.197,13859826608897719907,84680,29528,27594,0,1934,0,0.000,0,0
635.859,13859826608897719907,84680,30184,27594,0,2590,0,0.000,0,0
636.521,13859826608897719907,84680,30846,27594,0,3252,0,0.000,0,0
637.185,13859826608897719907,84680,31508,27594,0,3914,0,0.000,0,0
637.854,13859826608897719907,84680,32173,27594,0,4579,0,0.000,0,0
638.518,13859826608897719907,84680,32842,27594,0,5248,0,0.000,0,0
639.179,13859826608897719907,84680,33506,27594,0,5912,0,0.000,0,0
639.844,13859826608897719907,84680,34167,27594,0,6573,0,0.000,0,0
640.506,13859826608897719907,84680,34832,27594,0,7238,0,0.000,0,0
641.171,13859826608897719907,84680,35494,27594,0,7900,0,0.000,0,0
641.837,13859826608897719907,84680,36159,27594,0,8565,0,0.000,0,0
642.496,13859826608897719907,84680,36825,27594,0,9231,0,0.000,0,0
643.159,13859826608897719907,84680,37484,27594,0,9890,0,0.000,0,0
643.825,13859826608897719907,84680,38147,27594,0,10553,0,0.000,0,0
644.491,13859826608897719907,84680,38812,27594,0,11218,0,0.000,0,0
645.158,13859826608897719907,84680,39478,27594,0,11884,0,0.000,0,0
645.820,13859826608897719907,84680,40146,27594,0,12552,0,0.000,0,0
646.482,13859826608897719907,84680,40808,27594,0,13214,0,0.000,0,0
647.141,13859826608897719907,84680,41469,27594,0,13875,0,0.000,0,0
647.801,13859826608897719907,84680,42129,27594,0,14535,0,0.000,0,0
648.463,13859826608897719907,84680,42789,27594,0,15195,0,0.000,0,0
649.121,13859826608897719907,84680,43451,27594,0,15857,0,0.000,0,0
649.781,13859826608897719907,84680,44109,27594,0,16515,0,0.000,0,0
650.441,13859826608897719907,84680,44768,27594,0,17174,0,0.000,0,0
651.099,13859826608897719907,84680,45429,27594,0,17835,0,0.000,0,0
651.759,13859826608897719907,84680,46087,27594,0,18493,0,0.000,0,0
652.426,13859826608897719907,84680,46747,27594,0,19153,0,0.000,0,0
653.086,13859826608897719907,84680,47413,27594,0,19819,0,0.000,0,0
653.747,13859826608897719907,84680,48073,27594,0,20479,0,0.000,0,0
654.411,13859826608897719907,84680,48735,27594,0,21141,0,0.000,0,0
655.075,13859826608897719907,84680,49399,27594,0,21805,0,0.000,0,0
655.760,13859826608897719907,84680,50063,27594,0,22469,0,0.000,0,0
656.444,13859826608897719907,84680,50747,27594,0,23153,0,0.000,0,0
657.117,13859826608897719907,84680,51431,27594,0,23837,0,0.000,0,0
657.801,13859826608897719907,84680,52105,27594,0,24511,0,0.000,0,0
658.481,13859826608897719907,84680,52789,27594,0,25195,0,0.000,0,0
659.158,13859826608897719907,84680,53469,27594,0,25875,0,0.000,0,0
659.840,13859826608897719907,84680,54145,27594,0,26551,0,0.000,0,0
660.504,13859826608897719907,84680,54827,27594,0,27233,0,0.000,0,0
661.169,13859826608897719907,84680,55492,27594,0,27898,0,0.000,0,0
661.838,13859826608897719907,84680,56157,27594,0,28563,0,0.000,0,0
662.500,13859826608897719907,84680,56825,27594,28499,732,0,0.000,0,0
663.166,13859826608897719907,84680,57488,27594,28499,1395,0,0.000,0,0
663.831,13859826608897719907,84680,58153,27594,28499,2060,0,0.000,0,0
664.491,13859826608897719907,84680,58819,27594,28499,2726,0,0.000,0,0
665.148,13859826608897719907,84680,59479,27594,28499,3386,0,0.000,0,0
665.810,13859826608897719907,84680,60136,27594,28499,4043,0,0.000,0,0
666.472,13859826608897719907,84680,60797,27594,28499,4704,0,0.000,0,0
667.131,13859826608897719907,84680,61459,27594,28499,5366,0,0.000,0,0
667.790,13859826608897719907,84680,62119,27594,28499,6026,0,0.000,0,0
668.452,13859826608897719907,84680,62777,27594,28499,6684,0,0.000,0,0
669.115,13859826608897719907,84680,63440,27594,28499,7347,0,0.000,0,0
669.781,13859826608897719907,84680,64103,27594,28499,8010,0,0.000,0,0
670.442,13859826608897719907,84680,64768,27594,28499,8675,0,0.000,0,0
671.102,13859826608897719907,84680,65430,27594,28499,9337,0,0.000,0,0
671.761,13859826608897719907,84680,66090,27594,28499,9997,0,0.000,0,0
672.426,13859826608897719907,84680,66749,27594,28499,10656,0,0.000,0,0
673.088,13859826608897719907,84680,67414,27594,28499,11321,0,0.000,0,0
673.746,13859826608897719907,84680,68076,27594,28499,11983,0,0.000,0,0
674.410,13859826608897719907,84680,68734,27594,28499,12641,0,0.000,0,0
675.073,13859826608897719907,84680,69398,27594,28499,13305,0,0.000,0,0
675.734,13859826608897719907,84680,70060,27594,28499,13967,0,0.000,0,0
676.405,13859826608897719907,84680,70722,27594,28499,14629,0,0.000,0,0
677.069,13859826608897719907,84680,71392,27594,28499,15299,0,0.000,0,0
677.734,13859826608897719907,84680,72057,27594,28499,15964,0,0.000,0,0
678.404,13859826608897719907,84680,72721,27594,28499,16628,0,0.000,0,0
679.067,13859826608897719907,84680,73392,27594,28499,17299,0,0.000,0,0
679.728,13859826608897719907,84680,74054,27594,28499,17961,0,0.000,0,0
680.396,13859826608897719907,84680,74715,27594,28499,18622,0,0.000,0,0
681.058,13859826608897719907,84680,75383,27594,28499,19290,0,0.000,0,0
681.723,13859826608897719907,84680,76045,27594,28499,19952,0,0.000,0,0
682.388,13859826608897719907,84680,76711,27594,28499,20618,0,0.000,0,0
683.051,13859826608897719907,84680,77375,27594,28499,21282,0,0.000,0,0
683.717,13859826608897719907,84680,78039,27594,28499,21946,0,0.000,0,0
684.387,13859826608897719907,84680,78704,27594,28499,22611,0,0.000,0,0
685.053,13859826608897719907,84680,79375,27594,28499,23282,0,0.000,0,0
685.716,13859826608897719907,84680,80041,27594,28499,23948,0,0.000,0,0
686.378,13859826608897719907,84680,80704,27594,28499,24611,0,0.000,0,0
687.041,13859826608897719907,84680,81365,27594,28499,25272,0,0.000,0,0
687.704,13859826608897719907,84680,82029,27594,28499,25936,0,0.000,0,0
688.370,13859826608897719907,84680,82692,27594,28499,26599,0,0.000,0,0
689.033,13859826608897719907,84680,83358,27594,28499,27265,0,0.000,0,0
689.692,13859826608897719907,84680,84020,27594,28499,27927,0,0.000,0,0
690.356,13859826608897719907,84680,84679,27594,28499,28586,0,0.000,0,0
691.021,13859826608897719907,84536,807,0,0,807,0,0.000,0,0
691.043,13859826608897719907,84536,1472,0,0,1472,0,0.000,0,0
691.067,13859826608897719907,84536,1472,0,0,1472,0,0.000,0,0
691.088,13859826608897719907,84536,1495,0,0,1495,0,0.000,0,0
691.112,13859826608897719907,84536,1517,0,0,1517,0,0.000,0,0
691.138,13859826608897719907,84536,1541,0,0,1541,0,0.000,0,0
691.163,13859826608897719907,84536,1566,0,0,1566,0,0.000,0,0
691.189,13859826608897719907,84536,1592,0,0,1592,0,0.000,0,0
691.214,13859826608897719907,84536,1617,0,0,1617,0,0.000,0,0
691.238,13859826608897719907,84536,1643,0,0,1643,0,0.000,0,0
691.263,13859826608897719907,84536,1666,0,0,1666,0,0.000,0,0
691.287,13859826608897719907,84536,1692,0,0,1692,0,0.000,0,0
691.309,13859826608897719907,84536,1716,0,0,1716,0,0.000,0,0
691.331,13859826608897719907,84536,1738,0,0,1738,0,0.000,0,0
691.353,13859826608897719907,84536,1760,0,0,1760,0,0.000,0,0
691.375,13859826608897719907,84536,1782,0,0,1782,0,0.000,0,0
691.397,13859826608897719907,84536,1804,0,0,1804,0,0.000,0,0
691.419,13859826608897719907,84536,1826,0,0,1826,0,0.000,0,0
691.441,13859826608897719907,84536,1848,0,0,1848,0,0.000,0,0
691.463,13859826608897719907,84536,1870,0,0,1870,0,0.000,0,0
691.485,13859826608897719907,84536,1892,0,0,1892,0,0.000,0,0
691.506,13859826608897719907,84536,1913,0,0,1913,0,0.000,0,0
691.528,13859826608897719907,84536,1935,0,0,1935,0,0.000,0,0
691.550,13859826608897719907,84536,1957,0,0,1957,0,0.000,0,0
691.572,13859826608897719907,84536,1979,0,0,1979,0,0.000,0,0
691.594,13859826608897719907,84536,2001,0,0,2001,0,0.000,0,0
691.616,13859826608897719907,84536,2023,0,0,2023,0,0.000,0,0
691.638,13859826608897719907,84536,2045,0,0,2045,0,0.000,0,0
691.660,13859826608897719907,84536,2067,0,0,2067,0,0.000,0,0
691.682,13859826608897719907,84536,2089,0,0,2089,0,0.000,0,0
691.705,13859826608897719907,84536,2111,0,0,2111,0,0.000,0,0
691.727,13859826608897719907,84536,2133,0,0,2133,0,0.000,0,0
691.749,13859826608897719907,84536,2156,0,0,2156,0,0.000,0,0
691.771,13859826608897719907,84536,2178,0,0,2178,0,0.000,0,0
691.793,13859826608897719907,84536,2200,0,0,2200,0,0.000,0,0
691.815,13859826608897719907,84536,2222,0,0,2222,0,0.000,0,0
691.837,13859826608897719907,84536,2244,0,0,2244,0,0.000,0,0
691.859,13859826608897719907,84536,2266,0,0,2266,0,0.000,0,0
691.881,13859826608897719907,84536,2288,0,0,2288,0,0.000,0,0
691.903,13859826608897719907,84536,2310,0,0,2310,0,0.000,0,0
691.925,13859826608897719907,84536,2332,0,0,2332,0,0.000,0,0
691.948,13859826608897719907,84536,2354,0,0,2354,0,0.000,0,0
691.969,13859826608897719907,84536,2376,0,0,2376,0,0.000,0,0
691.992,13859826608897719907,84536,2398,0,0,2398,0,0.000,0,0
692.014,13859826608897719907,84536,2420,0,0,2420,0,0.000,0,0
692.036,13859826608897719907,84536,2442,0,0,2442,0,0.000,0,0
692.057,13859826608897719907,84536,2464,0,0,2464,0,0.000,0,0
692.079,13859826608897719907,84536,2486,0,0,2486,0,0.000,0,0
692.101,13859826608897719907,84536,2508,0,0,2508,0,0.000,0,0
692.123,13859826608897719907,84536,2530,0,0,2530,0,0.000,0,0
692.145,13859826608897719907,84536,2552,0,0,2552,0,0.000,0,0
692.167,13859826608897719907,84536,2574,0,0,2574,0,0.000,0,0
692.189,13859826608897719907,84536,2596,0,0,2596,0,0.000,0,0
692.211,13859826608897719907,84536,2618,0,0,2618,0,0.000,0,0
692.233,13859826608897719907,84536,2640,0,0,2640,0,0.000,0,0
692.255,13859826608897719907,84536,2662,0,0,2662,0,0.000,0,0
692.277,13859826608897719907,84536,2684,0,0,2684,0,0.000,0,0
692.299,13859826608897719907,84536,2706,0,0,2706,0,0.000,0,0
692.321,13859826608897719907,84536,2728,0,0,2728,0,0.000,0,0
692.343,13859826608897719907,84536,2750,0,0,2750,0,0.000,0,0
692.365,13859826608897719907,84536,2772,0,0,2772,0,0.000,0,0
692.387,13859826608897719907,84536,2794,0,0,2794,0,0.000,0,0
692.409,13859826608897719907,84536,2816,0,0,2816,0,0.000,0,0
692.431,13859826608897719907,84536,2838,0,0,2838,0,0.000,0,0
692.453,13859826608897719907,84536,2860,0,0,2860,0,0.000,0,0
692.475,13859826608897719907,84536,2882,0,0,2882,0,0.000,0,0
692.497,13859826608897719907,84536,2904,0,0,2904,0,0.000,0,0
692.519,13859826608897719907,84536,2926,0,0,2926,0,0.000,0,0
692.541,13859826608897719907,84536,2948,0,0,2948,0,0.000,0,0
692.563,13859826608897719907,84536,2970,0,0,2970,0,0.000,0,0
692.585,13859826608897719907,84536,2992,0,0,2992,0,0.000,0,0
692.607,13859826608897719907,84536,3014,0,0,3014,0,0.000,0,0
692.629,13859826608897719907,84536,3036,0,0,3036,0,0.000,0,0
692.651,13859826608897719907,84536,3058,0,0,3058,0,0.000,0,0
692.673,13859826608897719907,84536,3080,0,0,3080,0,0.000,0,0
692.695,13859826608897719907,84536,3102,0,0,3102,0,0.000,0,0
692.717,13859826608897719907,84536,3124,0,0,3124,0,0.000,0,0
692.739,13859826608897719907,84536,3146,0,0,3146,0,0.000,0,0
692.761,13859826608897719907,84536,3168,0,0,3168,0,0.000,0,0
692.783,13859826608897719907,84536,3190,0,0,3190,0,0.000,0,0
692.805,13859826608897719907,84536,3212,0,0,3212,0,0.000,0,0
692.826,13859826608897719907,84536,3233,0,0,3233,0,0.000,0,0
692.847,13859826608897719907,84536,3255,0,0,3255,0,0.000,0,0
692.868,13859826608897719907,84536,3276,0,0,3276,0,0.000,0,0
692.888,13859826608897719907,84536,3297,0,0,3297,0,0.000,0,0
692.909,13859826608897719907,84536,3317,0,0,3317,0,0.000,0,0
692.930,13859826608897719907,84536,3338,0,0,3338,0,0.000,0,0
692.950,13859826608897719907,84536,3358,0,0,3358,0,0.000,0,0
692.972,13859826608897719907,84536,3379,0,0,3379,0,0.000,0,0
692.994,13859826608897719907,84536,3400,0,0,3400,0,0.000,0,0
692.994,13859826608897719907,84536,3423,0,0,3423,0,0.000,0,0
692.994,13859826608897719907,84536,3423,0,0,3423,0,0.000,0,0
692.994,13859826608897719907,84536,3423,0,0,3423,0,0.000,0,0
692.994,13859826608897719907,84536,3423,0,0,3423,0,0.000,0,0
692.994,13859826608897719907,84536,3423,0,0,3423,0,0.000,0,0
692.994,13859826608897719907,84536,3423,0,0,3423,0,0.000,0,0
692.994,13859826608897719907,84536,3423,0,0,3423,0,0.000,0,0
692.994,13859826608897719907,84536,3423,0,0,3423,0,0.000,0,0
692.994,13859826608897719907,84536,3423,0,0,3423,0,0.000,0,0
692.994,13859826608897719907,84536,3423,0,0,3423,0,0.000,0,0
692.994,13859826608897719907,84536,3423,0,0,3423,0,0.000,0,0
692.994,13859826608897719907,84536,3423,0,0,3423,0,0.000,0,0
692.994,13859826608897719907,84536,3423,0,0,3423,0,0.000,0,0
692.994,13859826608897719907,84536,3423,0,0,3423,0,0.000,0,0
692.994,13859826608897719907,84536,3423,0,0,3423,0,0.000,0,0
692.994,13859826608897719907,84536,3423,0,0,3423,0,0.000,0,0
692.994,13859826608897719907,84536,3423,0,0,3423,0,0.000,0,0
692.994,13859826608897719907,84536,3423,0,0,3423,0,0.000,0,0
692.994,13859826608897719907,84536,3423,0,0,3423,0,0.000,0,0
692.994,13859826608897719907,84536,3423,0,0,3423,0,0.000,0,0
692.994,13859826608897719907,84536,3423,0,0,3423,0,0.000,0,0
692.994,13859826608897719907,84536,3423,0,0,3423,0,0.000,0,0
692.994,13859826608897719907,84536,3423,0,0,3423,0,0.000,0,0
692.994,13859826608897719907,84536,3423,0,0,3423,0,0.000,0,0
692.994,13859826608897719907,84536,3423,0,0,3423,0,0.000,0,0
692.994,13859826608897719907,84536,3423,0,0,3423,0,0.000,0,0
692.994,13859826608897719907,84536,3423,0,0,3423,0,0.000,0,0
692.994,13859826608897719907,84536,3423,0,0,3423,0,0.000,0,0
692.994,13859826608897719907,84536,3423,0,0,3423,0,0.000,0,0
692.994,13859826608897719907,84536,3423,0,0,3423,0,0.000,0,0
692.994,13859826608897719907,84536,3423,0,0,3423,0,0.000,0,0
692.994,13859826608897719907,84536,3423,0,0,3423,0,0.000,0,0
692.994,13859826608897719907,84536,3423,0,0,3423,0,0.000,0,0
692.994,13859826608897719907,84536,3423,0,0,3423,0,0.000,0,0
692.994,13859826608897719907,84536,3423,0,0,3423,0,0.000,0,0
692.994,13859826608897719907,84536,3423,0,0,3423,0,0.000,0,0
692.994,13859826608897719907,84536,3423,0,0,3423,0,0.000,0,0
692.994,13859826608897719907,84536,3423,0,0,3423,0,0.000,0,0
692.994,13859826608897719907,84536,3423,0,0,3423,0,0.000,0,0
692.994,13859826608897719907,84536,3423,0,0,3423,0,0.000,0,0
692.994,13859826608897719907,84536,3423,0,0,3423,0,0.000,0,0
692.994,13859826608897719907,84536,3423,0,0,3423,0,0.000,0,0
692.994,13859826608897719907,84536,3423,0,0,3423,0,0.000,0,0
692.994,13859826608897719907,84536,3423,0,0,3423,0,0.000,0,0
692.994,13859826608897719907,84536,3423,0,0,3423,0,0.000,0,0
692.994,13859826608897719907,84536,3423,0,0,3423,0,0.000,0,0
692.994,13859826608897719907,84536,3423,0,0,3423,0,0.000,0,0
692.994,13859826608897719907,84536,3423,0,0,3423,0,0.000,0,0
692.994,13859826608897719907,84536,3423,0,0,3423,0,0.000,0,0
692.994,13859826608897719907,84536,3423,0,0,3423,0,0.000,0,0
692.994,13859826608897719907,84536,3423,0,0,3423,0,0.000,0,0
692.994,13859826608897719907,84536,3423,0,0,3423,0,0.000,0,0
692.994,13859826608897719907,84536,3423,0,0,3423,0,0.000,0,0
692.994,13859826608897719907,84536,3423,0,0,3423,0,0.000,0,0
692.994,13859826608897719907,84536,3423,0,0,3423,0,0.000,0,0
692.994,13859826608897719907,84536,3423,0,0,3423,0,0.000,0,0
692.994,13859826608897719907,84536,3423,0,0,3423,0,0.000,0,0
692.994,13859826608897719907,84536,3423,0,0,3423,0,0.000,0,0
692.994,13859826608897719907,84536,3423,0,0,3423,0,0.000,0,0
692.994,13859826608897719907,84536,3423,0,0,3423,0,0.000,0,0
692.994,13859826608897719907,84536,3423,0,0,3423,0,0.000,0,0
692.994,13859826608897719907,84536,3423,0,0,3423,0,0.000,0,0
692.994,13859826608897719907,84536,3423,0,0,3423,0,0.000,0,0
692.994,13859826608897719907,84536,3423,0,0,3423,0,0.000,0,0
692.994,13859826608897719907,84536,3423,0,0,3423,0,0.000,0,0
692.994,13859826608897719907,84536,3423,0,0,3423,0,0.000,0,0
692.994,13859826608897719907,84536,3423,0,0,3423,0,0.000,0,0
692.994,13859826608897719907,84536,3423,0,0,3423,0,0.000,0,0
692.994,13859826608897719907,84536,3423,0,0,3423,0,0.000,0,0
692.994,13859826608897719907,84536,3423,0,0,3423,0,0.000,0,0
692.994,13859826608897719907,84536,3423,0,0,3423,0,0.000,0,0
692.994,13859826608897719907,84536,3423,0,0,3423,0,0.000,0,0
692.994,13859826608897719907,84536,3423,0,0,3423,0,0.000,0,0
692.994,13859826608897719907,84536,3423,0,0,3423,0,0.000,0,0
692.994,13859826608897719907,84536,3423,0,0,3423,0,0.000,0,0
692.994,13859826608897719907,84536,3423,0,0,3423,0,0.000,0,0
692.994,13859826608897719907,84536,3423,0,0,3423,0,0.000,0,0
692.994,13859826608897719907,84536,3423,0,0,3423,0,0.000,0,0
692.994,13859826608897719907,84536,3423,0,0,3423,0,0.000,0,0
692.994,13859826608897719907,84536,3423,0,0,3423,0,0.000,0,0
692.994,13859826608897719907,84536,3423,0,0,3423,0,0.000,0,0
692.994,13859826608897719907,84536,3423,0,0,3423,0,0.000,0,0
692.994,13859826608897719907,84536,3423,0,0,3423,0,0.000,0,0
692.994,13859826608897719907,84536,3423,0,0,3423,0,0.000,0,0
692.994,13859826608897719907,84536,3423,0,0,3423,0,0.000,0,0
692.994,13859826608897719907,84536,3423,0,0,3423,0,0.000,0,0
692.994,13859826608897719907,84536,3423,0,0,3423,0,0.000,0,0
692.994,13859826608897719907,84536,3423,0,0,3423,0,0.000,0,0
692.994,13859826608897719907,84536,3423,0,0,3423,0,0.000,0,0
692.994,13859826608897719907,84536,3423,0,0,3423,0,0.000,0,0
692.994,13859826608897719907,84536,3423,0,0,3423,0,0.000,0,0
692.994,13859826608897719907,84536,3423,0,0,3423,0,0.000,0,0
692.994,13859826608897719907,84536,3423,0,0,3423,0,0.000,0,0
692.994,13859826608897719907,84536,3423,0,0,3423,0,0.000,0,0
692.994,13859826608897719907,84536,3423,0,0,3423,0,0.000,0,0
692.994,13859826608897719907,84536,3423,0,0,3423,0,0.000,0,0
692.994,13859826608897719907,84536,3423,0,0,3423,0,0.000,0,0
692.994,13859826608897719907,84536,3423,0,0,3423,0,0.000,0,0
692.994,13859826608897719907,84536,3423,0,0,3423,0,0.000,0,0
692.994,13859826608897719907,84536,3423,0,0,3423,0,0.000,0,0
692.994,13859826608897719907,84536,3423,0,0,3423,0,0.000,0,0
692.994,13859826608897719907,84536,3423,0,0,3423,0,0.000,0,0
692.994,13859826608897719907,84536,3423,0,0,3423,0,0.000,0,0
692.994,13859826608897719907,84536,3423,0,0,3423,0,0.000,0,0
692.994,13859826608897719907,84536,3423,0,0,3423,0,0.000,0,0
692.994,13859826608897719907,84536,3423,0,0,3423,0,0.000,0,0
692.994,13859826608897719907,84536,3423,0,0,3423,0,0.000,0,0
692.994,13859826608897719907,84536,3423,0,0,3423,0,0.000,0,0
692.994,13859826608897719907,84536,3423,0,0,3423,0,0.000,0,0
692.994,13859826608897719907,84536,3423,0,0,3423,0,0.000,0,0
692.994,13859826608897719907,84536,3423,0,0,3423,0,0.000,0,0
692.994,13859826608897719907,84536,3423,0,0,3423,0,0.000,0,0
692.994,13859826608897719907,84536,3423,0,0,3423,0,0.000,0,0
692.994,13859826608897719907,84536,3423,0,0,3423,0,0.000,0,0
692.994,13859826608897719907,84536,3423,0,0,3423,0,0.000,0,0
692.994,13859826608897719907,84536,3423,0,0,3423,0,0.000,0,0
692.994,13859826608897719907,84536,3423,0,0,3423,0,0.000,0,0
692.994,13859826608897719907,84536,3423,0,0,3423,0,0.000,0,0
692.994,13859826608897719907,84536,3423,0,0,3423,0,0.000,0,0
692.994,13859826608897719907,84536,3423,0,0,3423,0,0.000,0,0
692.994,13859826608897719907,84536,3423,0,0,3423,0,0.000,0,0
692.994,13859826608897719907,84536,3423,0,0,3423,0,0.000,0,0
692.994,13859826608897719907,84536,3423,0,0,3423,0,0.000,0,0
692.994,13859826608897719907,84536,3423,0,0,3423,0,0.000,0,0
692.994,13859826608897719907,84536,3423,0,0,3423,0,0.000,0,0
692.994,13859826608897719907,84536,3423,0,0,3423,0,0.000,0,0
692.994,13859826608897719907,84536,3423,0,0,3423,0,0.000,0,0
692.994,13859826608897719907,84536,3423,0,0,3423,0,0.000,0,0
692.994,13859826608897719907,84536,3423,0,0,3423,0,0.000,0,0
692.994,13859826608897719907,84536,3423,0,0,3423,0,0.000,0,0
692.994,13859826608897719907,84536,3423,0,0,3423,0,0.000,0,0
692.994,13859826608897719907,84536,3423,0,0,3423,0,0.000,0,0
692.994,13859826608897719907,84536,3423,0,0,3423,0,0.000,0,0
692.994,13859826608897719907,84536,3423,0,0,3423,0,0.000,0,0
692.994,13859826608897719907,84536,3423,0,0,3423,0,0.000,0,0
692.994,13859826608897719907,84536,3423,0,0,3423,0,0.000,0,0
692.994,13859826608897719907,84536,3423,0,0,3423,0,0.000,0,0
692.994,13859826608897719907,84536,3423,0,0,3423,0,0.000,0,0
692.994,13859826608897719907,84536,3423,0,0,3423,0,0.000,0,0
692.994,13859826608897719907,84536,3423,0,0,3423,0,0.000,0,0
692.994,13859826608897719907,84536,3423,0,0,3423,0,0.000,0,0
692.994,13859826608897719907,84536,3423,0,0,3423,0,0.000,0,0
692.994,13859826608897719907,84536,3423,0,0,3423,0,0.000,0,0
692.994,13859826608897719907,84536,3423,0,0,3423,0,0.000,0,0
692.994,13859826608897719907,84536,3423,0,0,3423,0,0.000,0,0
692.994,13859826608897719907,84536,3423,0,0,3423,0,0.000,0,0
692.994,13859826608897719907,84536,3423,0,0,3423,0,0.000,0,0
692.994,13859826608897719907,84536,3423,0,0,3423,0,0.000,0,0
693.018,13859826608897719907,84536,3423,0,0,3423,0,0.000,0,0
693.041,13859826608897719907,84536,3447,0,0,3447,0,0.000,0,0
693.067,13859826608897719907,84536,3470,0,0,3470,0,0.000,0,0
693.116,13859826608897719907,84536,3521,0,0,3521,0,0.000,0,0
693.143,13859826608897719907,84536,3544,0,0,3544,0,0.000,0,0
693.168,13859826608897719907,84536,3572,0,0,3572,0,0.000,0,0
693.193,13859826608897719907,84536,3597,0,0,3597,0,0.000,0,0
693.219,13859826608897719907,84536,3622,0,0,3622,0,0.000,0,0
693.242,13859826608897719907,84536,3648,0,0,3648,0,0.000,0,0
693.267,13859826608897719907,84536,3671,0,0,3671,0,0.000,0,0
693.292,13859826608897719907,84536,3695,0,0,3695,0,0.000,0,0
693.313,13859826608897719907,84536,3720,0,0,3720,0,0.000,0,0
693.336,13859826608897719907,84536,3742,0,0,3742,0,0.000,0,0
693.359,13859826608897719907,84536,3764,0,0,3764,0,0.000,0,0
693.381,13859826608897719907,84536,3787,0,0,3787,0,0.000,0,0
693.404,13859826608897719907,84536,3810,0,0,3810,0,0.000,0,0
693.427,13859826608897719907,84536,3833,0,0,3833,0,0.000,0,0
693.450,13859826608897719907,84536,3856,0,0,3856,0,0.000,0,0
693.472,13859826608897719907,84536,3878,0,0,3878,0,0.000,0,0
693.495,13859826608897719907,84536,3901,0,0,3901,0,0.000,0,0
693.518,13859826608897719907,84536,3924,0,0,3924,0,0.000,0,0
693.541,13859826608897719907,84536,3947,0,0,3947,0,0.000,0,0
693.564,13859826608897719907,84536,3970,0,0,3970,0,0.000,0,0
693.587,13859826608897719907,84536,3993,0,0,3993,0,0.000,0,0
693.610,13859826608897719907,84536,4016,0,0,4016,0,0.000,0,0
693.633,13859826608897719907,84536,4039,0,0,4039,0,0.000,0,0
693.656,13859826608897719907,84536,4062,0,0,4062,0,0.000,0,0
693.678,13859826608897719907,84536,4085,0,0,4085,0,0.000,0,0
693.701,13859826608897719907,84536,4107,0,0,4107,0,0.000,0,0
693.723,13859826608897719907,84536,4129,0,0,4129,0,0.000,0,0
693.746,13859826608897719907,84536,4152,0,0,4152,0,0.000,0,0
693.768,13859826608897719907,84536,4174,0,0,4174,0,0.000,0,0
693.790,13859826608897719907,84536,4197,0,0,4197,0,0.000,0,0
693.815,13859826608897719907,84536,4219,0,0,4219,0,0.000,0,0
693.862,13859826608897719907,84536,4267,0,0,4267,0,0.000,0,0
693.885,13859826608897719907,84536,4291,0,0,4291,0,0.000,0,0
693.908,13859826608897719907,84536,4314,0,0,4314,0,0.000,0,0
693.931,13859826608897719907,84536,4337,0,0,4337,0,0.000,0,0
693.954,13859826608897719907,84536,4360,0,0,4360,0,0.000,0,0
693.974,13859826608897719907,84536,4383,0,0,4383,0,0.000,0,0
693.996,13859826608897719907,84536,4403,0,0,4403,0,0.000,0,0
694.018,13859826608897719907,84536,4425,0,0,4425,0,0.000,0,0
694.039,13859826608897719907,84536,4447,0,0,4447,0,0.000,0,0
694.061,13859826608897719907,84536,4468,0,0,4468,0,0.000,0,0
694.083,13859826608897719907,84536,4490,0,0,4490,0,0.000,0,0
