timestamp,session_id,speed,throttle,steer,brake,gear,rpm,drs,RL_brake_temp,RR_brake_temp,FL_brake_temp,FR_brake_temp,RL_tyre_surface_temp,RR_tyre_surface_temp,FL_tyre_surface_temp,FR_tyre_surface_temp,RL_tyre_inner_temp,RR_tyre_inner_temp,FL_tyre_inner_temp,FR_tyre_inner_temp,engine_temp,RL_tyre_pressure,RR_tyre_pressure,FL_tyre_pressure,FR_tyre_pressure,RL_surface_type,RR_surface_type,FL_surface_type,FR_surface_type
229.925,13859826608897719907,0,0.000,0.000,0.000,0,3920,0,27,27,27,27,70,70,70,70,70,70,70,70,110,22.000,22.000,24.500,24.500,0,0,0,0
229.956,13859826608897719907,0,0.000,0.000,0.000,0,3920,0,27,27,27,27,70,70,70,70,70,70,70,70,110,22.000,22.000,24.500,24.500,0,0,0,0
229.971,13859826608897719907,0,0.000,0.000,0.000,0,3920,0,27,27,27,27,70,70,70,70,70,70,70,70,110,22.000,22.000,24.500,24.500,0,0,0,0
229.986,13859826608897719907,0,0.000,0.000,0.000,0,3920,0,27,27,27,27,70,70,70,70,70,70,70,70,110,22.000,22.000,24.500,24.500,0,0,0,0
230.000,13859826608897719907,0,0.000,0.000,0.000,0,3920,0,27,27,27,27,70,70,70,70,70,70,70,70,110,22.000,22.000,24.500,24.500,0,0,0,0
230.016,13859826608897719907,0,0.000,0.000,0.000,0,3920,0,27,27,27,27,70,70,70,70,70,70,70,70,110,22.000,22.000,24.500,24.500,0,0,0,0
230.031,13859826608897719907,0,0.000,0.000,0.000,0,3920,0,27,27,27,27,70,70,70,70,70,70,70,70,110,22.000,22.000,24.500,24.500,0,0,0,0
230.047,13859826608897719907,0,0.000,0.000,0.000,0,3920,0,27,27,27,27,70,70,70,70,70,70,70,70,110,22.000,22.000,24.500,24.500,0,0,0,0
230.062,13859826608897719907,0,0.000,0.000,0.000,0,3920,0,27,27,27,27,70,70,70,70,70,70,70,70,110,22.000,22.000,24.500,24.500,0,0,0,0
230.078,13859826608897719907,0,0.000,0.000,0.000,0,3920,0,27,27,27,27,70,70,70,70,70,70,70,70,110,22.000,22.000,24.500,24.500,0,0,0,0
230.094,13859826608897719907,0,0.000,0.000,0.000,0,3920,0,27,27,27,27,70,70,70,70,70,70,70,70,110,22.000,22.000,24.500,24.500,0,0,0,0
230.109,13859826608897719907,0,0.000,0.000,0.000,0,3920,0,27,27,27,27,70,70,70,70,70,70,70,70,110,22.000,22.000,24.500,24.500,0,0,0,0
230.125,13859826608897719907,0,0.000,0.000,0.000,0,3920,0,27,27,27,27,70,70,70,70,70,70,70,70,110,22.000,22.000,24.500,24.500,0,0,0,0
230.141,13859826608897719907,0,0.000,0.000,0.000,0,3920,0,27,27,27,27,70,70,70,70,70,70,70,70,110,22.000,22.000,24.500,24.500,0,0,0,0
230.157,13859826608897719907,0,0.000,0.000,0.000,0,3920,0,27,27,27,27,70,70,70,70,70,70,70,70,110,22.000,22.000,24.500,24.500,0,0,0,0
230.173,13859826608897719907,0,0.000,0.000,0.000,0,3920,0,27,27,27,27,70,70,70,70,70,70,70,70,110,22.000,22.000,24.500,24.500,0,0,0,0
230.189,13859826608897719907,0,0.000,0.000,0.000,0,3920,0,27,27,27,27,70,70,70,70,70,70,70,70,110,22.000,22.000,24.500,24.500,0,0,0,0
230.205,13859826608897719907,0,0.000,0.000,0.000,0,3920,0,27,27,27,27,70,70,70,70,70,70,70,70,110,22.000,22.000,24.500,24.500,0,0,0,0
230.221,13859826608897719907,0,0.000,0.000,0.000,0,3920,0,27,27,27,27,70,70,70,70,70,70,70,70,110,22.000,22.000,24.500,24.500,0,0,0,0
230.253,13859826608897719907,0,0.000,0.000,0.000,0,3920,0,27,27,27,27,70,70,70,70,70,70,70,70,110,22.000,22.000,24.500,24.500,0,0,0,0
230.269,13859826608897719907,0,0.000,0.000,0.000,0,3920,0,27,27,27,27,70,70,70,70,70,70,70,70,110,22.000,22.000,24.500,24.500,0,0,0,0
230.284,13859826608897719907,0,0.000,0.000,0.000,0,3920,0,27,27,27,27,70,70,70,70,70,70,70,70,110,22.000,22.000,24.500,24.500,0,0,0,0
230.300,13859826608897719907,0,0.000,0.000,0.000,0,3920,0,27,27,27,27,70,70,70,70,70,70,70,70,110,22.000,22.000,24.500,24.500,0,0,0,0
230.315,13859826608897719907,0,0.000,0.000,0.000,0,3920,0,27,27,27,27,70,70,70,70,70,70,70,70,110,22.000,22.000,24.500,24.500,0,0,0,0
230.331,13859826608897719907,0,0.000,0.000,0.000,0,3920,0,27,27,27,27,70,70,70,70,70,70,70,70,110,22.000,22.000,24.500,24.500,0,0,0,0
230.346,13859826608897719907,0,0.000,0.000,0.000,0,3920,0,27,27,27,27,70,70,70,70,70,70,70,70,110,22.000,22.000,24.500,24.500,0,0,0,0
230.362,13859826608897719907,0,0.000,0.000,0.000,0,3920,0,27,27,27,27,70,70,70,70,70,70,70,70,110,22.000,22.000,24.500,24.500,0,0,0,0
230.378,13859826608897719907,0,0.000,0.000,0.000,0,3920,0,27,27,27,27,70,70,70,70,70,70,70,70,110,22.000,22.000,24.500,24.500,0,0,0,0
230.393,13859826608897719907,0,0.000,0.000,0.000,0,3920,0,27,27,27,27,70,70,70,70,70,70,70,70,110,22.000,22.000,24.500,24.500,0,0,0,0
230.408,13859826608897719907,0,0.000,0.000,0.000,0,3920,0,27,27,27,27,70,70,70,70,70,70,70,70,110,22.000,22.000,24.500,24.500,0,0,0,0
230.423,13859826608897719907,0,0.000,0.000,0.000,0,3920,0,27,27,27,27,70,70,70,70,70,70,70,70,110,22.000,22.000,24.500,24.500,0,0,0,0
230.454,13859826608897719907,0,0.000,0.000,0.000,0,3920,0,27,27,27,27,70,70,70,70,70,70,70,70,110,22.000,22.000,24.500,24.500,0,0,0,0
230.469,13859826608897719907,0,0.000,0.000,0.000,0,3920,0,27,27,27,27,70,70,70,70,70,70,70,70,110,22.000,22.000,24.500,24.500,0,0,0,0
230.484,13859826608897719907,0,0.000,0.000,0.000,0,3920,0,27,27,27,27,70,70,70,70,70,70,70,70,110,22.000,22.000,24.500,24.500,0,0,0,0
230.500,13859826608897719907,0,0.000,0.000,0.000,0,3920,0,27,27,27,27,70,70,70,70,70,70,70,70,110,22.000,22.000,24.500,24.500,0,0,0,0
230.515,13859826608897719907,0,0.000,0.000,0.000,0,3920,0,27,27,27,27,70,70,70,70,70,70,70,70,110,22.000,22.000,24.500,24.500,0,0,0,0
230.531,13859826608897719907,0,0.000,0.000,0.000,0,3920,0,27,27,27,27,70,70,70,70,70,70,70,70,110,22.000,22.000,24.500,24.500,0,0,0,0
230.656,13859826608897719907,0,0.000,0.000,0.000,0,3920,0,27,27,27,27,70,70,70,70,70,70,70,70,110,22.000,22.000,24.500,24.500,0,0,0,0
230.703,13859826608897719907,0,0.000,0.000,0.000,0,3920,0,27,27,27,27,70,70,70,70,70,70,70,70,110,22.000,22.000,24.500,24.500,0,0,0,0
230.749,13859826608897719907,0,0.000,0.000,0.000,0,3920,0,27,27,27,27,70,70,70,70,70,70,70,70,110,22.000,22.000,24.500,24.500,0,0,0,0
230.765,13859826608897719907,0,0.000,0.000,0.000,0,3920,0,27,27,27,27,70,70,70,70,70,70,70,70,110,22.000,22.000,24.500,24.500,0,0,0,0
230.796,13859826608897719907,0,0.000,0.000,0.000,0,3920,0,27,27,27,27,70,70,70,70,70,70,70,70,110,22.000,22.000,24.500,24.500,0,0,0,0
230.811,13859826608897719907,0,0.000,0.000,0.000,0,3920,0,27,27,27,27,70,70,70,70,70,70,70,70,110,22.000,22.000,24.500,24.500,0,0,0,0
230.843,13859826608897719907,0,0.000,0.000,0.000,0,3920,0,27,27,27,27,70,70,70,70,70,70,70,70,110,22.000,22.000,24.500,24.500,0,0,0,0
230.890,13859826608897719907,0,0.000,0.000,0.000,0,3920,0,27,27,27,27,70,70,70,70,70,70,70,70,110,22.000,22.000,24.500,24.500,0,0,0,0
230.921,13859826608897719907,0,0.000,0.000,0.000,0,3920,0,27,27,27,27,70,70,70,70,70,70,70,70,110,22.000,22.000,24.500,24.500,0,0,0,0
230.936,13859826608897719907,0,0.000,0.000,0.000,0,3920,0,27,27,27,27,70,70,70,70,70,70,70,70,110,22.000,22.000,24.500,24.500,0,0,0,0
230.967,13859826608897719907,0,0.000,0.000,0.000,0,3920,0,27,27,27,27,70,70,70,70,70,70,70,70,110,22.000,22.000,24.500,24.500,0,0,0,0
230.982,13859826608897719907,0,0.000,0.000,0.000,0,3920,0,27,27,27,27,70,70,70,70,70,70,70,70,110,22.000,22.000,24.500,24.500,0,0,0,0
230.997,13859826608897719907,0,0.000,0.000,0.000,0,3920,0,27,27,27,27,70,70,70,70,70,70,70,70,110,22.000,22.000,24.500,24.500,0,0,0,0
231.043,13859826608897719907,0,0.000,0.000,0.000,0,3920,0,27,27,27,27,70,70,70,70,70,70,70,70,110,22.000,22.000,24.500,24.500,0,0,0,0
231.059,13859826608897719907,0,0.000,0.000,0.000,0,3920,0,27,27,27,27,70,70,70,70,70,70,70,70,110,22.000,22.000,24.500,24.500,0,0,0,0
231.074,13859826608897719907,0,0.000,0.000,0.000,0,3920,0,27,27,27,27,70,70,70,70,70,70,70,70,110,22.000,22.000,24.500,24.500,0,0,0,0
231.104,13859826608897719907,0,0.000,0.000,0.000,0,3920,0,27,27,27,27,70,70,70,70,70,70,70,70,110,22.000,22.000,24.500,24.500,0,0,0,0
231.120,13859826608897719907,0,0.000,0.000,0.000,0,3920,0,27,27,27,27,70,70,70,70,70,70,70,70,110,22.000,22.000,24.500,24.500,0,0,0,0
231.135,13859826608897719907,0,0.000,0.000,0.000,0,3920,0,27,27,27,27,70,70,70,70,70,70,70,70,110,22.000,22.000,24.500,24.500,0,0,0,0
231.166,13859826608897719907,0,0.000,0.000,0.000,0,3920,0,27,27,27,27,70,70,70,70,70,70,70,70,110,22.000,22.000,24.500,24.500,0,0,0,0
231.181,13859826608897719907,0,0.000,0.000,0.000,0,3920,0,27,27,27,27,70,70,70,70,70,70,70,70,110,22.000,22.000,24.500,24.500,0,0,0,0
231.196,13859826608897719907,0,0.000,0.000,0.000,0,3920,0,27,27,27,27,70,70,70,70,70,70,70,70,110,22.000,22.000,24.500,24.500,0,0,0,0
231.212,13859826608897719907,0,0.000,0.000,0.000,0,3920,0,27,27,27,27,70,70,70,70,70,70,70,70,110,22.000,22.000,24.500,24.500,0,0,0,0
231.227,13859826608897719907,0,0.000,0.000,0.000,0,3920,0,27,27,27,27,70,70,70,70,70,70,70,70,110,22.000,22.000,24.500,24.500,0,0,0,0
231.288,13859826608897719907,0,0.000,0.000,0.000,0,3920,0,27,27,27,27,70,70,70,70,70,70,70,70,110,22.000,22.000,24.500,24.500,0,0,0,0
231.364,13859826608897719907,0,0.000,0.000,0.000,0,3920,0,27,27,27,27,70,70,70,70,70,70,70,70,110,22.000,22.000,24.500,24.500,0,0,0,0
231.379,13859826608897719907,0,0.000,0.000,0.000,0,3920,0,27,27,27,27,70,70,70,70,70,70,70,70,110,22.000,22.000,24.500,24.500,0,0,0,0
231.394,13859826608897719907,0,0.000,0.000,0.000,0,3920,0,27,27,27,27,70,70,70,70,70,70,70,70,110,22.000,22.000,24.500,24.500,0,0,0,0
231.474,13859826608897719907,0,0.000,0.000,0.000,0,3920,0,27,27,27,27,70,70,70,70,70,70,70,70,110,22.000,22.000,24.500,24.500,0,0,0,0
231.552,13859826608897719907,0,0.000,0.000,0.000,0,3920,0,27,27,27,27,70,70,70,70,70,70,70,70,110,22.000,22.000,24.500,24.500,0,0,0,0
231.567,13859826608897719907,0,0.000,0.000,0.000,0,3920,0,27,27,27,27,70,70,70,70,70,70,70,70,110,22.000,22.000,24.500,24.500,0,0,0,0
231.583,13859826608897719907,0,0.000,0.000,0.000,0,3920,0,27,27,27,27,70,70,70,70,70,70,70,70,110,22.000,22.000,24.500,24.500,0,0,0,0
231.599,13859826608897719907,0,0.000,0.000,0.000,0,3920,0,27,27,27,27,70,70,70,70,70,70,70,70,110,22.000,22.000,24.500,24.500,0,0,0,0
231.614,13859826608897719907,0,0.000,0.000,0.000,0,3920,0,27,27,27,27,70,70,70,70,70,70,70,70,110,22.000,22.000,24.500,24.500,0,0,0,0
231.629,13859826608897719907,0,0.000,0.000,0.000,0,3920,0,27,27,27,27,70,70,70,70,70,70,70,70,110,22.000,22.000,24.500,24.500,0,0,0,0
231.644,13859826608897719907,0,0.000,0.000,0.000,0,3920,0,27,27,27,27,70,70,70,70,70,70,70,70,110,22.000,22.000,24.500,24.500,0,0,0,0
231.659,13859826608897719907,0,0.000,0.000,0.000,0,3920,0,27,27,27,27,70,70,70,70,70,70,70,70,110,22.000,22.000,24.500,24.500,0,0,0,0
231.704,13859826608897719907,0,0.000,0.000,0.000,0,3920,0,27,27,27,27,70,70,70,70,70,70,70,70,110,22.000,22.000,24.500,24.500,0,0,0,0
231.718,13859826608897719907,0,0.000,0.000,0.000,0,3920,0,27,27,27,27,70,70,70,70,70,70,70,70,110,22.000,22.000,24.500,24.500,0,0,0,0
231.733,13859826608897719907,0,0.000,0.000,0.000,0,3920,0,27,27,27,27,70,70,70,70,70,70,70,70,110,22.000,22.000,24.500,24.500,0,0,0,0
231.777,13859826608897719907,0,0.000,0.000,0.000,0,3920,0,27,27,27,27,70,70,70,70,70,70,70,70,110,22.000,22.000,24.500,24.500,0,0,0,0
231.806,13859826608897719907,0,0.000,0.000,0.000,0,3920,0,27,27,27,27,70,70,70,70,70,70,70,70,110,22.000,22.000,24.500,24.500,0,0,0,0
231.821,13859826608897719907,0,0.000,0.000,0.000,0,3920,0,27,27,27,27,70,70,70,70,70,70,70,70,110,22.000,22.000,24.500,24.500,0,0,0,0
231.835,13859826608897719907,0,0.000,0.000,0.000,0,3920,0,27,27,27,27,70,70,70,70,70,70,70,70,110,22.000,22.000,24.500,24.500,0,0,0,0
231.865,13859826608897719907,0,0.000,0.000,0.000,0,3920,0,27,27,27,27,70,70,70,70,70,70,70,70,110,22.000,22.000,24.500,24.500,0,0,0,0
231.880,13859826608897719907,0,0.000,0.000,0.000,0,3920,0,27,27,27,27,70,70,70,70,70,70,70,70,110,22.000,22.000,24.500,24.500,0,0,0,0
231.894,13859826608897719907,0,0.000,0.000,0.000,0,3920,0,27,27,27,27,70,70,70,70,70,70,70,70,110,22.000,22.000,24.500,24.500,0,0,0,0
231.926,13859826608897719907,0,0.000,0.000,0.000,0,3920,0,27,27,27,27,70,70,70,70,70,70,70,70,110,22.000,22.000,24.500,24.500,0,0,0,0
231.942,13859826608897719907,0,0.000,0.000,0.000,0,3920,0,27,27,27,27,70,70,70,70,70,70,70,70,110,22.000,22.000,24.500,24.500,0,0,0,0
231.959,13859826608897719907,0,0.000,0.000,0.000,0,3920,0,27,27,27,27,70,70,70,70,70,70,70,70,110,22.000,22.000,24.500,24.500,0,0,0,0
231.975,13859826608897719907,0,0.000,0.000,0.000,0,3920,0,27,27,27,27,70,70,70,70,70,70,70,70,110,22.000,22.000,24.500,24.500,0,0,0,0
231.992,13859826608897719907,0,0.000,0.000,0.000,0,3920,0,27,27,27,27,70,70,70,70,70,70,70,70,110,22.000,22.000,24.500,24.500,0,0,0,0
232.009,13859826608897719907,0,0.000,0.000,0.000,0,3920,0,27,27,27,27,70,70,70,70,70,70,70,70,110,22.000,22.000,24.500,24.500,0,0,0,0
232.040,13859826608897719907,0,0.000,0.000,0.000,0,3920,0,27,27,27,27,70,70,70,70,70,70,70,70,110,22.000,22.000,24.500,24.500,0,0,0,0
232.070,13859826608897719907,0,0.000,0.000,0.000,0,3920,0,27,27,27,27,70,70,70,70,70,70,70,70,110,22.000,22.000,24.500,24.500,0,0,0,0
232.085,13859826608897719907,0,0.000,0.000,0.000,0,3920,0,27,27,27,27,70,70,70,70,70,70,70,70,110,22.000,22.000,24.500,24.500,0,0,0,0
232.100,13859826608897719907,0,0.000,0.000,0.000,0,3920,0,27,27,27,27,70,70,70,70,70,70,70,70,110,22.000,22.000,24.500,24.500,0,0,0,0
232.115,13859826608897719907,0,0.000,0.000,0.000,0,3920,0,27,27,27,27,70,70,70,70,70,70,70,70,110,22.000,22.000,24.500,24.500,0,0,0,0
232.146,13859826608897719907,0,0.000,0.000,0.000,0,3920,0,27,27,27,27,70,70,70,70,70,70,70,70,110,22.000,22.000,24.500,24.500,0,0,0,0
232.161,13859826608897719907,0,0.000,0.000,0.000,0,3920,0,27,27,27,27,70,70,70,70,70,70,70,70,110,22.000,22.000,24.500,24.500,0,0,0,0
232.192,13859826608897719907,0,0.000,0.000,0.000,0,3920,0,27,27,27,27,70,70,70,70,70,70,70,70,110,22.000,22.000,24.500,24.500,0,0,0,0
232.222,13859826608897719907,0,0.000,0.000,0.000,0,3920,0,27,27,27,27,70,70,70,70,70,70,70,70,110,22.000,22.000,24.500,24.500,0,0,0,0
232.238,13859826608897719907,0,0.000,0.000,0.000,0,3920,0,27,27,27,27,70,70,70,70,70,70,70,70,110,22.000,22.000,24.500,24.500,0,0,0,0
232.253,13859826608897719907,0,0.000,0.000,0.000,0,3920,0,27,27,27,27,70,70,70,70,70,70,70,70,110,22.000,22.000,24.500,24.500,0,0,0,0
232.267,13859826608897719907,0,0.000,0.000,0.000,0,3920,0,27,27,27,27,70,70,70,70,70,70,70,70,110,22.000,22.000,24.500,24.500,0,0,0,0
232.282,13859826608897719907,0,0.000,0.000,0.000,0,3920,0,27,27,27,27,70,70,70,70,70,70,70,70,110,22.000,22.000,24.500,24.500,0,0,0,0
232.297,13859826608897719907,0,0.000,0.000,0.000,0,3920,0,27,27,27,27,70,70,70,70,70,70,70,70,110,22.000,22.000,24.500,24.500,0,0,0,0
232.312,13859826608897719907,0,0.000,0.000,0.000,0,3920,0,27,27,27,27,70,70,70,70,70,70,70,70,110,22.000,22.000,24.500,24.500,0,0,0,0
232.327,13859826608897719907,0,0.000,0.000,0.000,0,3920,0,27,27,27,27,70,70,70,70,70,70,70,70,110,22.000,22.000,24.500,24.500,0,0,0,0
232.342,13859826608897719907,0,0.000,0.000,0.000,0,3920,0,27,27,27,27,70,70,70,70,70,70,70,70,110,22.000,22.000,24.500,24.500,0,0,0,0
232.372,13859826608897719907,0,0.000,0.000,0.000,0,3920,0,27,27,27,27,70,70,70,70,70,70,70,70,110,22.000,22.000,24.500,24.500,0,0,0,0
232.387,13859826608897719907,0,0.000,0.000,0.000,0,3920,0,27,27,27,27,70,70,70,70,70,70,70,70,110,22.000,22.000,24.500,24.500,0,0,0,0
232.402,13859826608897719907,0,0.000,0.000,0.000,0,3920,0,27,27,27,27,70,70,70,70,70,70,70,70,110,22.000,22.000,24.500,24.500,0,0,0,0
232.417,13859826608897719907,0,0.000,0.000,0.000,0,3920,0,27,27,27,27,70,70,70,70,70,70,70,70,110,22.000,22.000,24.500,24.500,0,0,0,0
232.432,13859826608897719907,0,0.000,0.000,0.000,0,3920,0,27,27,27,27,70,70,70,70,70,70,70,70,110,22.000,22.000,24.500,24.500,0,0,0,0
232.447,13859826608897719907,0,0.000,0.000,0.000,0,3920,0,27,27,27,27,70,70,70,70,70,70,70,70,110,22.000,22.000,24.500,24.500,0,0,0,0
232.461,13859826608897719907,0,0.000,0.000,0.000,0,3920,0,27,27,27,27,70,70,70,70,70,70,70,70,110,22.000,22.000,24.500,24.500,0,0,0,0
232.477,13859826608897719907,0,0.000,0.000,0.000,0,3920,0,27,27,27,27,70,70,70,70,70,70,70,70,110,22.000,22.000,24.500,24.500,0,0,0,0
232.492,13859826608897719907,0,0.000,0.000,0.000,0,3920,0,27,27,27,27,70,70,70,70,70,70,70,70,110,22.000,22.000,24.500,24.500,0,0,0,0
232.507,13859826608897719907,0,0.000,0.000,0.000,0,3920,0,27,27,27,27,70,70,70,70,70,70,70,70,110,22.000,22.000,24.500,24.500,0,0,0,0
232.552,13859826608897719907,0,0.000,0.000,0.000,0,3920,0,27,27,27,27,70,70,70,70,70,70,70,70,110,22.000,22.000,24.500,24.500,0,0,0,0
232.567,13859826608897719907,0,0.000,0.000,0.000,0,3920,0,27,27,27,27,70,70,70,70,70,70,70,70,110,22.000,22.000,24.500,24.500,0,0,0,0
232.583,13859826608897719907,0,0.000,0.000,0.000,0,3920,0,27,27,27,27,70,70,70,70,70,70,70,70,110,22.000,22.000,24.500,24.500,0,0,0,0
232.614,13859826608897719907,0,0.000,0.000,0.000,0,3920,0,27,27,27,27,70,70,70,70,70,70,70,70,110,22.000,22.000,24.500,24.500,0,0,0,0
232.630,13859826608897719907,0,0.000,0.000,0.000,0,3920,0,27,27,27,27,70,70,70,70,70,70,70,70,110,22.000,22.000,24.500,24.500,0,0,0,0
232.662,13859826608897719907,0,0.000,0.000,0.000,0,3920,0,27,27,27,27,70,70,70,70,70,70,70,70,110,22.000,22.000,24.500,24.500,0,0,0,0
232.754,13859826608897719907,0,0.000,0.000,0.000,0,3920,0,27,27,27,27,70,70,70,70,70,70,70,70,110,22.000,22.000,24.500,24.500,0,0,0,0
232.769,13859826608897719907,0,0.000,0.000,0.000,0,3920,0,27,27,27,27,70,70,70,70,70,70,70,70,110,22.000,22.000,24.500,24.500,0,0,0,0
232.813,13859826608897719907,0,0.000,0.000,0.000,0,3920,0,27,27,27,27,70,70,70,70,70,70,70,70,110,22.000,22.000,24.500,24.500,0,0,0,0
233.051,13859826608897719907,0,0.000,0.000,0.000,0,3920,0,27,27,27,27,70,70,70,70,70,70,70,70,110,22.000,22.000,24.500,24.500,0,0,0,0
233.066,13859826608897719907,0,0.000,0.000,0.000,0,3920,0,27,27,27,27,70,70,70,70,70,70,70,70,110,22.000,22.000,24.500,24.500,0,0,0,0
233.203,13859826608897719907,0,0.000,0.000,0.000,0,3920,0,27,27,27,27,70,70,70,70,70,70,70,70,110,22.000,22.000,24.500,24.500,0,0,0,0
233.252,13859826608897719907,0,0.000,0.000,0.000,0,3920,0,27,27,27,27,70,70,70,70,70,70,70,70,110,22.000,22.000,24.500,24.500,0,0,0,0
233.268,13859826608897719907,0,0.000,0.000,0.000,0,3920,0,27,27,27,27,70,70,70,70,70,70,70,70,110,22.000,22.000,24.500,24.500,0,0,0,0
233.284,13859826608897719907,0,0.000,0.000,0.000,0,3920,0,27,27,27,27,70,70,70,70,70,70,70,70,110,22.000,22.000,24.500,24.500,0,0,0,0
233.300,13859826608897719907,0,0.000,0.000,0.000,0,3920,0,27,27,27,27,70,70,70,70,70,70,70,70,110,22.000,22.000,24.500,24.500,0,0,0,0
233.316,13859826608897719907,0,0.000,0.000,0.000,0,3920,0,27,27,27,27,70,70,70,70,70,70,70,70,110,22.000,22.000,24.500,24.500,0,0,0,0
233.347,13859826608897719907,0,0.000,0.000,0.000,0,3920,0,27,27,27,27,70,70,70,70,70,70,70,70,110,22.000,22.000,24.500,24.500,0,0,0,0
233.362,13859826608897719907,0,0.000,0.000,0.000,0,3920,0,27,27,27,27,70,70,70,70,70,70,70,70,110,22.000,22.000,24.500,24.500,0,0,0,0
233.377,13859826608897719907,0,0.000,0.000,0.000,0,3920,0,27,27,27,27,70,70,70,70,70,70,70,70,110,22.000,22.000,24.500,24.500,0,0,0,0
233.406,13859826608897719907,0,0.000,0.000,0.000,0,3920,0,27,27,27,27,70,70,70,70,70,70,70,70,110,22.000,22.000,24.500,24.500,0,0,0,0
233.420,13859826608897719907,0,0.000,0.000,0.000,0,3920,0,27,27,27,27,70,70,70,70,70,70,70,70,110,22.000,22.000,24.500,24.500,0,0,0,0
233.435,13859826608897719907,0,0.000,0.000,0.000,0,3920,0,27,27,27,27,70,70,70,70,70,70,70,70,110,22.000,22.000,24.500,24.500,0,0,0,0
233.449,13859826608897719907,0,0.000,0.000,0.000,0,3920,0,27,27,27,27,70,70,70,70,70,70,70,70,110,22.000,22.000,24.500,24.500,0,0,0,0
233.464,13859826608897719907,0,0.000,0.000,0.000,0,3920,0,27,27,27,27,70,70,70,70,70,70,70,70,110,22.000,22.000,24.500,24.500,0,0,0,0
233.493,13859826608897719907,0,0.000,0.000,0.000,0,3920,0,27,27,27,27,70,70,70,70,70,70,70,70,110,22.000,22.000,24.500,24.500,0,0,0,0
233.522,13859826608897719907,0,0.000,0.000,0.000,0,3920,0,27,27,27,27,70,70,70,70,70,70,70,70,110,22.000,22.000,24.500,24.500,0,0,0,0
233.537,13859826608897719907,0,0.000,0.000,0.000,0,3920,0,27,27,27,27,70,70,70,70,70,70,70,70,110,22.000,22.000,24.500,24.500,0,0,0,0
233.552,13859826608897719907,0,0.000,0.000,0.000,0,3920,0,27,27,27,27,70,70,70,70,70,70,70,70,110,22.000,22.000,24.500,24.500,0,0,0,0
233.567,13859826608897719907,0,0.000,0.000,0.000,0,3920,0,27,27,27,27,70,70,70,70,70,70,70,70,110,22.000,22.000,24.500,24.500,0,0,0,0
233.596,13859826608897719907,0,0.000,0.000,0.000,0,3920,0,27,27,27,27,70,70,70,70,70,70,70,70,110,22.000,22.000,24.500,24.500,0,0,0,0
233.611,13859826608897719907,0,0.000,0.000,0.000,0,3920,0,27,27,27,27,70,70,70,70,70,70,70,70,110,22.000,22.000,24.500,24.500,0,0,0,0
233.641,13859826608897719907,0,0.000,0.000,0.000,0,3920,0,27,27,27,27,70,70,70,70,70,70,70,70,110,22.000,22.000,24.500,24.500,0,0,0,0
233.671,13859826608897719907,0,0.000,0.000,0.000,0,3920,0,27,27,27,27,70,70,70,70,70,70,70,70,110,22.000,22.000,24.500,24.500,0,0,0,0
233.686,13859826608897719907,0,0.000,0.000,0.000,0,3920,0,27,27,27,27,70,70,70,70,70,70,70,70,110,22.000,22.000,24.500,24.500,0,0,0,0
233.700,13859826608897719907,0,0.000,0.000,0.000,0,3920,0,27,27,27,27,70,70,70,70,70,70,70,70,110,22.000,22.000,24.500,24.500,0,0,0,0
233.715,13859826608897719907,0,0.000,0.000,0.000,0,3920,0,27,27,27,27,70,70,70,70,70,70,70,70,110,22.000,22.000,24.500,24.500,0,0,0,0
233.730,13859826608897719907,0,0.000,0.000,0.000,0,3920,0,27,27,27,27,70,70,70,70,70,70,70,70,110,22.000,22.000,24.500,24.500,0,0,0,0
233.745,13859826608897719907,0,0.000,0.000,0.000,0,3920,0,27,27,27,27,70,70,70,70,70,70,70,70,110,22.000,22.000,24.500,24.500,0,0,0,0
233.759,13859826608897719907,0,0.000,0.000,0.000,0,3920,0,27,27,27,27,70,70,70,70,70,70,70,70,110,22.000,22.000,24.500,24.500,0,0,0,0
233.788,13859826608897719907,0,0.000,0.000,0.000,0,3920,0,27,27,27,27,70,70,70,70,70,70,70,70,110,22.000,22.000,24.500,24.500,0,0,0,0
233.803,13859826608897719907,0,0.000,0.000,0.000,0,3920,0,27,27,27,27,70,70,70,70,70,70,70,70,110,22.000,22.000,24.500,24.500,0,0,0,0
233.818,13859826608897719907,0,0.000,0.000,0.000,0,3920,0,27,27,27,27,70,70,70,70,70,70,70,70,110,22.000,22.000,24.500,24.500,0,0,0,0
233.832,13859826608897719907,0,0.000,0.000,0.000,0,3920,0,27,27,27,27,70,70,70,70,70,70,70,70,110,22.000,22.000,24.500,24.500,0,0,0,0
233.862,13859826608897719907,0,0.000,0.000,0.000,0,3920,0,27,27,27,27,70,70,70,70,70,70,70,70,110,22.000,22.000,24.500,24.500,0,0,0,0
233.893,13859826608897719907,0,0.000,0.000,0.000,0,3920,0,27,27,27,27,70,70,70,70,70,70,70,70,110,22.000,22.000,24.500,24.500,0,0,0,0
233.937,13859826608897719907,0,0.000,0.000,0.000,0,3920,0,27,27,27,27,70,70,70,70,70,70,70,70,110,22.000,22.000,24.500,24.500,0,0,0,0
233.952,13859826608897719907,0,0.000,0.000,0.000,0,3920,0,27,27,27,27,70,70,70,70,70,70,70,70,110,22.000,22.000,24.500,24.500,0,0,0,0
233.981,13859826608897719907,0,0.000,0.000,0.000,0,3920,0,27,27,27,27,70,70,70,70,70,70,70,70,110,22.000,22.000,24.500,24.500,0,0,0,0
234.011,13859826608897719907,0,0.000,0.000,0.000,0,3920,0,27,27,27,27,70,70,70,70,70,70,70,70,110,22.000,22.000,24.500,24.500,0,0,0,0
234.040,13859826608897719907,0,0.000,0.000,0.000,0,3920,0,27,27,27,27,70,70,70,70,70,70,70,70,110,22.000,22.000,24.500,24.500,0,0,0,0
234.054,13859826608897719907,0,0.000,0.000,0.000,0,3920,0,27,27,27,27,70,70,70,70,70,70,70,70,110,22.000,22.000,24.500,24.500,0,0,0,0
234.069,13859826608897719907,0,0.000,0.000,0.000,0,3920,0,27,27,27,27,70,70,70,70,70,70,70,70,110,22.000,22.000,24.500,24.500,0,0,0,0
234.098,13859826608897719907,0,0.000,0.000,0.000,0,3920,0,27,27,27,27,70,70,70,70,70,70,70,70,110,22.000,22.000,24.500,24.500,0,0,0,0
234.172,13859826608897719907,0,0.000,0.000,0.000,0,3920,0,27,27,27,27,70,70,70,70,70,70,70,70,110,22.000,22.000,24.500,24.500,0,0,0,0
234.186,13859826608897719907,0,0.000,0.000,0.000,0,3920,0,27,27,27,27,70,70,70,70,70,70,70,70,110,22.000,22.000,24.500,24.500,0,0,0,0
234.201,13859826608897719907,0,0.000,0.000,0.000,0,3920,0,27,27,27,27,70,70,70,70,70,70,70,70,110,22.000,22.000,24.500,24.500,0,0,0,0
234.216,13859826608897719907,0,0.000,0.000,0.000,0,3920,0,27,27,27,27,70,70,70,70,70,70,70,70,110,22.000,22.000,24.500,24.500,0,0,0,0
234.292,13859826608897719907,0,0.000,0.000,0.000,0,3920,0,27,27,27,27,70,70,70,70,70,70,70,70,110,22.000,22.000,24.500,24.500,0,0,0,0
234.308,13859826608897719907,0,0.000,0.000,0.000,0,3920,0,27,27,27,27,70,70,70,70,70,70,70,70,110,22.000,22.000,24.500,24.500,0,0,0,0
234.341,13859826608897719907,0,0.000,0.000,0.000,0,3920,0,27,27,27,27,70,70,70,70,70,70,70,70,110,22.000,22.000,24.500,24.500,0,0,0,0
234.372,13859826608897719907,0,0.000,0.000,0.000,0,3920,0,27,27,27,27,70,70,70,70,70,70,70,70,110,22.000,22.000,24.500,24.500,0,0,0,0
234.402,13859826608897719907,0,0.000,0.000,0.000,0,3920,0,27,27,27,27,70,70,70,70,70,70,70,70,110,22.000,22.000,24.500,24.500,0,0,0,0
234.417,13859826608897719907,0,0.000,0.000,0.000,0,3920,0,27,27,27,27,70,70,70,70,70,70,70,70,110,22.000,22.000,24.500,24.500,0,0,0,0
234.446,13859826608897719907,0,0.000,0.000,0.000,0,3920,0,27,27,27,27,70,70,70,70,70,70,70,70,110,22.000,22.000,24.500,24.500,0,0,0,0
234.475,13859826608897719907,0,0.000,0.000,0.000,0,3920,0,27,27,27,27,70,70,70,70,70,70,70,70,110,22.000,22.000,24.500,24.500,0,0,0,0
234.505,13859826608897719907,0,0.000,0.000,0.000,0,3920,0,27,27,27,27,70,70,70,70,70,70,70,70,110,22.000,22.000,24.500,24.500,0,0,0,0
234.520,13859826608897719907,0,0.000,0.000,0.000,0,3920,0,27,27,27,27,70,70,70,70,70,70,70,70,110,22.000,22.000,24.500,24.500,0,0,0,0
234.534,13859826608897719907,0,0.000,0.000,0.000,0,3920,0,27,27,27,27,70,70,70,70,70,70,70,70,110,22.000,22.000,24.500,24.500,0,0,0,0
234.549,13859826608897719907,0,0.000,0.000,0.000,0,3920,0,27,27,27,27,70,70,70,70,70,70,70,70,110,22.000,22.000,24.500,24.500,0,0,0,0
234.565,13859826608897719907,0,0.000,0.000,0.000,0,3920,0,27,27,27,27,70,70,70,70,70,70,70,70,110,22.000,22.000,24.500,24.500,0,0,0,0
234.580,13859826608897719907,0,0.000,0.000,0.000,0,3920,0,27,27,27,27,70,70,70,70,70,70,70,70,110,22.000,22.000,24.500,24.500,0,0,0,0
234.610,13859826608897719907,0,0.000,0.000,0.000,0,3920,0,27,27,27,27,70,70,70,70,70,70,70,70,110,22.000,22.000,24.500,24.500,0,0,0,0
234.639,13859826608897719907,0,0.000,0.000,0.000,0,3920,0,27,27,27,27,70,70,70,70,70,70,70,70,110,22.000,22.000,24.500,24.500,0,0,0,0
234.668,13859826608897719907,0,0.000,0.000,0.000,0,3920,0,27,27,27,27,70,70,70,70,70,70,70,70,110,22.000,22.000,24.500,24.500,0,0,0,0
234.683,13859826608897719907,0,0.000,0.000,0.000,0,3920,0,27,27,27,27,70,70,70,70,70,70,70,70,110,22.000,22.000,24.500,24.500,0,0,0,0
234.698,13859826608897719907,0,0.000,0.000,0.000,0,3920,0,27,27,27,27,70,70,70,70,70,70,70,70,110,22.000,22.000,24.500,24.500,0,0,0,0
234.743,13859826608897719907,0,0.000,0.000,0.000,0,3920,0,27,27,27,27,70,70,70,70,70,70,70,70,110,22.000,22.000,24.500,24.500,0,0,0,0
234.758,13859826608897719907,0,0.000,0.000,0.000,0,3920,0,27,27,27,27,70,70,70,70,70,70,70,70,110,22.000,22.000,24.500,24.500,0,0,0,0
234.788,13859826608897719907,0,0.000,0.000,0.000,0,3920,0,27,27,27,27,70,70,70,70,70,70,70,70,110,22.000,22.000,24.500,24.500,0,0,0,0
234.803,13859826608897719907,0,0.000,0.000,0.000,0,3920,0,27,27,27,27,70,70,70,70,70,70,70,70,110,22.000,22.000,24.500,24.500,0,0,0,0
234.818,13859826608897719907,0,0.000,0.000,0.000,0,3920,0,27,27,27,27,70,70,70,70,70,70,70,70,110,22.000,22.000,24.500,24.500,0,0,0,0
234.833,13859826608897719907,0,0.000,0.000,0.000,0,3920,0,27,27,27,27,70,70,70,70,70,70,70,70,110,22.000,22.000,24.500,24.500,0,0,0,0
234.848,13859826608897719907,0,0.000,0.000,0.000,0,3920,0,27,27,27,27,70,70,70,70,70,70,70,70,110,22.000,22.000,24.500,24.500,0,0,0,0
234.863,13859826608897719907,0,0.000,0.000,0.000,0,3920,0,27,27,27,27,70,70,70,70,70,70,70,70,110,22.000,22.000,24.500,24.500,0,0,0,0
234.878,13859826608897719907,0,0.000,0.000,0.000,0,3920,0,27,27,27,27,70,70,70,70,70,70,70,70,110,22.000,22.000,24.500,24.500,0,0,0,0
234.893,13859826608897719907,0,0.000,0.000,0.000,0,3920,0,27,27,27,27,70,70,70,70,70,70,70,70,110,22.000,22.000,24.500,24.500,0,0,0,0
234.908,13859826608897719907,0,0.000,0.000,0.000,0,3920,0,27,27,27,27,70,70,70,70,70,70,70,70,110,22.000,22.000,24.500,24.500,0,0,0,0
234.938,13859826608897719907,0,0.000,0.000,0.000,0,3920,0,27,27,27,27,70,70,70,70,70,70,70,70,110,22.000,22.000,24.500,24.500,0,0,0,0
234.953,13859826608897719907,0,0.000,0.000,0.000,0,3920,0,27,27,27,27,70,70,70,70,70,70,70,70,110,22.000,22.000,24.500,24.500,0,0,0,0
234.968,13859826608897719907,0,0.000,0.000,0.000,0,3920,0,27,27,27,27,70,70,70,70,70,70,70,70,110,22.000,22.000,24.500,24.500,0,0,0,0
234.997,13859826608897719907,0,0.000,0.000,0.000,0,3920,0,27,27,27,27,70,70,70,70,70,70,70,70,110,22.000,22.000,24.500,24.500,0,0,0,0
235.012,13859826608897719907,0,0.000,0.000,0.000,0,3920,0,27,27,27,27,70,70,70,70,70,70,70,70,110,22.000,22.000,24.500,24.500,0,0,0,0
235.056,13859826608897719907,0,0.000,0.000,0.000,0,3920,0,27,27,27,27,70,70,70,70,70,70,70,70,110,22.000,22.000,24.500,24.500,0,0,0,0
235.070,13859826608897719907,0,0.000,0.000,0.000,0,3920,0,27,27,27,27,70,70,70,70,70,70,70,70,110,22.000,22.000,24.500,24.500,0,0,0,0
235.085,13859826608897719907,0,0.000,0.000,0.000,0,3920,0,27,27,27,27,70,70,70,70,70,70,70,70,110,22.000,22.000,24.500,24.500,0,0,0,0
235.100,13859826608897719907,0,0.000,0.000,0.000,0,3920,0,27,27,27,27,70,70,70,70,70,70,70,70,110,22.000,22.000,24.500,24.500,0,0,0,0
235.115,13859826608897719907,0,0.000,0.000,0.000,0,3920,0,27,27,27,27,70,70,70,70,70,70,70,70,110,22.000,22.000,24.500,24.500,0,0,0,0
235.130,13859826608897719907,0,0.000,0.000,0.000,0,3920,0,27,27,27,27,70,70,70,70,70,70,70,70,110,22.000,22.000,24.500,24.500,0,0,0,0
235.206,13859826608897719907,0,0.000,0.000,0.000,0,3920,0,27,27,27,27,70,70,70,70,70,70,70,70,110,22.000,22.000,24.500,24.500,0,0,0,0
235.221,13859826608897719907,0,0.000,0.000,0.000,0,3920,0,27,27,27,27,70,70,70,70,70,70,70,70,110,22.000,22.000,24.500,24.500,0,0,0,0
235.251,13859826608897719907,0,0.000,0.000,0.000,0,3920,0,27,27,27,27,70,70,70,70,70,70,70,70,110,22.000,22.000,24.500,24.500,0,0,0,0
235.266,13859826608897719907,0,0.000,0.000,0.000,0,3920,0,27,27,27,27,70,70,70,70,70,70,70,70,110,22.000,22.000,24.500,24.500,0,0,0,0
235.296,13859826608897719907,0,0.000,0.000,0.000,0,3920,0,27,27,27,27,70,70,70,70,70,70,70,70,110,22.000,22.000,24.500,24.500,0,0,0,0
235.310,13859826608897719907,0,0.000,0.000,0.000,0,3920,0,27,27,27,27,70,70,70,70,70,70,70,70,110,22.000,22.000,24.500,24.500,0,0,0,0
235.339,13859826608897719907,0,0.000,0.000,0.000,0,3920,0,27,27,27,27,70,70,70,70,70,70,70,70,110,22.000,22.000,24.500,24.500,0,0,0,0
235.354,13859826608897719907,0,0.000,0.000,0.000,0,3920,0,27,27,27,27,70,70,70,70,70,70,70,70,110,22.000,22.000,24.500,24.500,0,0,0,0
235.368,13859826608897719907,0,0.000,0.000,0.000,0,3920,0,27,27,27,27,70,70,70,70,70,70,70,70,110,22.000,22.000,24.500,24.500,0,0,0,0
235.382,13859826608897719907,0,0.000,0.000,0.000,0,3920,0,27,27,27,27,70,70,70,70,70,70,70,70,110,22.000,22.000,24.500,24.500,0,0,0,0
235.396,13859826608897719907,0,0.000,0.000,0.000,0,3920,0,27,27,27,27,70,70,70,70,70,70,70,70,110,22.000,22.000,24.500,24.500,0,0,0,0
235.411,13859826608897719907,0,0.000,0.000,0.000,0,3920,0,27,27,27,27,70,70,70,70,70,70,70,70,110,22.000,22.000,24.500,24.500,0,0,0,0
235.439,13859826608897719907,0,0.000,0.000,0.000,0,3920,0,27,27,27,27,70,70,70,70,70,70,70,70,110,22.000,22.000,24.500,24.500,0,0,0,0
235.453,13859826608897719907,0,0.000,0.000,0.000,0,3920,0,27,27,27,27,70,70,70,70,70,70,70,70,110,22.000,22.000,24.500,24.500,0,0,0,0
235.468,13859826608897719907,0,0.000,0.000,0.000,0,3920,0,27,27,27,27,70,70,70,70,70,70,70,70,110,22.000,22.000,24.500,24.500,0,0,0,0
235.482,13859826608897719907,0,0.000,0.000,0.000,0,3920,0,27,27,27,27,70,70,70,70,70,70,70,70,110,22.000,22.000,24.500,24.500,0,0,0,0
235.497,13859826608897719907,0,0.000,0.000,0.000,0,3920,0,27,27,27,27,70,70,70,70,70,70,70,70,110,22.000,22.000,24.500,24.500,0,0,0,0
235.511,13859826608897719907,0,0.000,0.000,0.000,0,3920,0,27,27,27,27,70,70,70,70,70,70,70,70,110,22.000,22.000,24.500,24.500,0,0,0,0
235.540,13859826608897719907,0,0.000,0.000,0.000,0,3920,0,27,27,27,27,70,70,70,70,70,70,70,70,110,22.000,22.000,24.500,24.500,0,0,0,0
235.554,13859826608897719907,0,0.000,0.000,0.000,0,3920,0,27,27,27,27,70,70,70,70,70,70,70,70,110,22.000,22.000,24.500,24.500,0,0,0,0
235.569,13859826608897719907,0,0.000,0.000,0.000,0,3920,0,27,27,27,27,70,70,70,70,70,70,70,70,110,22.000,22.000,24.500,24.500,0,0,0,0
235.583,13859826608897719907,0,0.000,0.000,0.000,0,3920,0,27,27,27,27,70,70,70,70,70,70,70,70,110,22.000,22.000,24.500,24.500,0,0,0,0
235.598,13859826608897719907,0,0.000,0.000,0.000,0,3920,0,27,27,27,27,70,70,70,70,70,70,70,70,110,22.000,22.000,24.500,24.500,0,0,0,0
235.612,13859826608897719907,0,0.000,0.000,0.000,0,3920,0,27,27,27,27,70,70,70,70,70,70,70,70,110,22.000,22.000,24.500,24.500,0,0,0,0
235.642,13859826608897719907,0,0.000,0.000,0.000,0,3920,0,27,27,27,27,70,70,70,70,70,70,70,70,110,22.000,22.000,24.500,24.500,0,0,0,0
235.671,13859826608897719907,0,0.000,0.000,0.000,0,3920,0,27,27,27,27,70,70,70,70,70,70,70,70,110,22.000,22.000,24.500,24.500,0,0,0,0
235.686,13859826608897719907,0,0.000,0.000,0.000,0,3920,0,27,27,27,27,70,70,70,70,70,70,70,70,110,22.000,22.000,24.500,24.500,0,0,0,0
235.701,13859826608897719907,0,0.000,0.000,0.000,0,3920,0,27,27,27,27,70,70,70,70,70,70,70,70,110,22.000,22.000,24.500,24.500,0,0,0,0
235.715,13859826608897719907,0,0.000,0.000,0.000,0,3920,0,27,27,27,27,70,70,70,70,70,70,70,70,110,22.000,22.000,24.500,24.500,0,0,0,0
235.730,13859826608897719907,0,0.000,0.000,0.000,0,3920,0,27,27,27,27,70,70,70,70,70,70,70,70,110,22.000,22.000,24.500,24.500,0,0,0,0
235.745,13859826608897719907,0,0.000,0.000,0.000,0,3920,0,27,27,27,27,70,70,70,70,70,70,70,70,110,22.000,22.000,24.500,24.500,0,0,0,0
235.760,13859826608897719907,0,0.000,0.000,0.000,0,3920,0,27,27,27,27,70,70,70,70,70,70,70,70,110,22.000,22.000,24.500,24.500,0,0,0,0
235.789,13859826608897719907,0,0.000,0.000,0.000,0,3920,0,27,27,27,27,70,70,70,70,70,70,70,70,110,22.000,22.000,24.500,24.500,0,0,0,0
235.803,13859826608897719907,0,0.000,0.000,0.000,0,3920,0,27,27,27,27,70,70,70,70,70,70,70,70,110,22.000,22.000,24.500,24.500,0,0,0,0
235.818,13859826608897719907,0,0.000,0.000,0.000,0,3920,0,27,27,27,27,70,70,70,70,70,70,70,70,110,22.000,22.000,24.500,24.500,0,0,0,0
235.833,13859826608897719907,0,0.000,0.000,0.000,0,3920,0,27,27,27,27,70,70,70,70,70,70,70,70,110,22.000,22.000,24.500,24.500,0,0,0,0
235.848,13859826608897719907,0,0.000,0.000,0.000,0,3920,0,27,27,27,27,70,70,70,70,70,70,70,70,110,22.000,22.000,24.500,24.500,0,0,0,0
235.863,13859826608897719907,0,0.000,0.000,0.000,0,3920,0,27,27,27,27,70,70,70,70,70,70,70,70,110,22.000,22.000,24.500,24.500,0,0,0,0
235.878,13859826608897719907,0,0.000,0.000,0.000,0,3920,0,27,27,27,27,70,70,70,70,70,70,70,70,110,22.000,22.000,24.500,24.500,0,0,0,0
235.893,13859826608897719907,0,0.000,0.000,0.000,0,3920,0,27,27,27,27,70,70,70,70,70,70,70,70,110,22.000,22.000,24.500,24.500,0,0,0,0
235.909,13859826608897719907,0,0.000,0.000,0.000,0,3920,0,27,27,27,27,70,70,70,70,70,70,70,70,110,22.000,22.000,24.500,24.500,0,0,0,0
235.940,13859826608897719907,0,0.000,0.000,0.000,0,3920,0,27,27,27,27,70,70,70,70,70,70,70,70,110,22.000,22.000,24.500,24.500,0,0,0,0
235.956,13859826608897719907,0,0.000,0.000,0.000,0,3920,0,27,27,27,27,70,70,70,70,70,70,70,70,110,22.000,22.000,24.500,24.500,0,0,0,0
235.973,13859826608897719907,0,0.000,0.000,0.000,0,3920,0,27,27,27,27,70,70,70,70,70,70,70,70,110,22.000,22.000,24.500,24.500,0,0,0,0
236.006,13859826608897719907,0,0.000,0.000,0.000,0,3920,0,27,27,27,27,70,70,70,70,70,70,70,70,110,22.000,22.000,24.500,24.500,0,0,0,0
236.024,13859826608897719907,0,0.000,0.000,0.000,0,3920,0,27,27,27,27,70,70,70,70,70,70,70,70,110,22.000,22.000,24.500,24.500,0,0,0,0
236.057,13859826608897719907,0,0.000,0.000,0.000,0,3920,0,27,27,27,27,70,70,70,70,70,70,70,70,110,22.000,22.000,24.500,24.500,0,0,0,0
236.088,13859826608897719907,0,0.000,0.000,0.000,0,3920,0,27,27,27,27,70,70,70,70,70,70,70,70,110,22.000,22.000,24.500,24.500,0,0,0,0
236.104,13859826608897719907,0,0.000,0.000,0.000,0,3920,0,27,27,27,27,70,70,70,70,70,70,70,70,110,22.000,22.000,24.500,24.500,0,0,0,0
236.119,13859826608897719907,0,0.000,0.000,0.000,0,3920,0,27,27,27,27,70,70,70,70,70,70,70,70,110,22.000,22.000,24.500,24.500,0,0,0,0
236.134,13859826608897719907,0,0.000,0.000,0.000,0,3920,0,27,27,27,27,70,70,70,70,70,70,70,70,110,22.000,22.000,24.500,24.500,0,0,0,0
236.163,13859826608897719907,0,0.000,0.000,0.000,0,3920,0,27,27,27,27,70,70,70,70,70,70,70,70,110,22.000,22.000,24.500,24.500,0,0,0,0
236.179,13859826608897719907,0,0.000,0.000,0.000,0,3920,0,27,27,27,27,70,70,70,70,70,70,70,70,110,22.000,22.000,24.500,24.500,0,0,0,0
236.209,13859826608897719907,0,0.000,0.000,0.000,0,3920,0,27,27,27,27,70,70,70,70,70,70,70,70,110,22.000,22.000,24.500,24.500,0,0,0,0
236.239,13859826608897719907,0,0.000,0.000,0.000,0,3920,0,27,27,27,27,70,70,70,70,70,70,70,70,110,22.000,22.000,24.500,24.500,0,0,0,0
236.254,13859826608897719907,0,0.000,0.000,0.000,0,3920,0,27,27,27,27,70,70,70,70,70,70,70,70,110,22.000,22.000,24.500,24.500,0,0,0,0
236.269,13859826608897719907,0,0.000,0.000,0.000,0,3920,0,27,27,27,27,70,70,70,70,70,70,70,70,110,22.000,22.000,24.500,24.500,0,0,0,0
236.284,13859826608897719907,0,0.000,0.000,0.000,0,3920,0,27,27,27,27,70,70,70,70,70,70,70,70,110,22.000,22.000,24.500,24.500,0,0,0,0
236.300,13859826608897719907,0,0.000,0.000,0.000,0,3920,0,27,27,27,27,70,70,70,70,70,70,70,70,110,22.000,22.000,24.500,24.500,0,0,0,0
236.315,13859826608897719907,0,0.000,0.000,0.000,0,3920,0,27,27,27,27,70,70,70,70,70,70,70,70,110,22.000,22.000,24.500,24.500,0,0,0,0
236.330,13859826608897719907,0,0.000,0.000,0.000,0,3920,0,27,27,27,27,70,70,70,70,70,70,70,70,110,22.000,22.000,24.500,24.500,0,0,0,0
236.345,13859826608897719907,0,0.000,0.000,0.000,0,3920,0,27,27,27,27,70,70,70,70,70,70,70,70,110,22.000,22.000,24.500,24.500,0,0,0,0
236.360,13859826608897719907,0,0.000,0.000,0.000,0,3920,0,27,27,27,27,70,70,70,70,70,70,70,70,110,22.000,22.000,24.500,24.500,0,0,0,0
236.375,13859826608897719907,0,0.000,0.000,0.000,0,3920,0,27,27,27,27,70,70,70,70,70,70,70,70,110,22.000,22.000,24.500,24.500,0,0,0,0
236.391,13859826608897719907,0,0.000,0.000,0.000,0,3920,0,27,27,27,27,70,70,70,70,70,70,70,70,110,22.000,22.000,24.500,24.500,0,0,0,0
236.421,13859826608897719907,0,0.000,0.000,0.000,0,3920,0,27,27,27,27,70,70,70,70,70,70,70,70,110,22.000,22.000,24.500,24.500,0,0,0,0
236.436,13859826608897719907,0,0.000,0.000,0.000,0,3920,0,27,27,27,27,70,70,70,70,70,70,70,70,110,22.000,22.000,24.500,24.500,0,0,0,0
236.451,13859826608897719907,0,0.000,0.000,0.000,0,3920,0,27,27,27,27,70,70,70,70,70,70,70,70,110,22.000,22.000,24.500,24.500,0,0,0,0
236.466,13859826608897719907,0,0.000,0.000,0.000,0,3920,0,27,27,27,27,70,70,70,70,70,70,70,70,110,22.000,22.000,24.500,24.500,0,0,0,0
236.481,13859826608897719907,0,0.000,0.000,0.000,0,3920,0,27,27,27,27,70,70,70,70,70,70,70,70,110,22.000,22.000,24.500,24.500,0,0,0,0
236.495,13859826608897719907,0,0.000,0.000,0.000,0,3920,0,27,27,27,27,70,70,70,70,70,70,70,70,110,22.000,22.000,24.500,24.500,0,0,0,0
236.510,13859826608897719907,0,0.000,0.000,0.000,0,3920,0,27,27,27,27,70,70,70,70,70,70,70,70,110,22.000,22.000,24.500,24.500,0,0,0,0
236.539,13859826608897719907,0,0.000,0.000,0.000,0,3920,0,27,27,27,27,70,70,70,70,70,70,70,70,110,22.000,22.000,24.500,24.500,0,0,0,0
236.553,13859826608897719907,0,0.000,0.000,0.000,0,3920,0,27,27,27,27,70,70,70,70,70,70,70,70,110,22.000,22.000,24.500,24.500,0,0,0,0
236.568,13859826608897719907,0,0.000,0.000,0.000,0,3920,0,27,27,27,27,70,70,70,70,70,70,70,70,110,22.000,22.000,24.500,24.500,0,0,0,0
236.596,13859826608897719907,0,0.000,0.000,0.000,0,3920,0,27,27,27,27,70,70,70,70,70,70,70,70,110,22.000,22.000,24.500,24.500,0,0,0,0
236.641,13859826608897719907,0,0.000,0.000,0.000,0,3920,0,27,27,27,27,70,70,70,70,70,70,70,70,110,22.000,22.000,24.500,24.500,0,0,0,0
236.672,13859826608897719907,0,0.000,0.000,0.000,0,3920,0,27,27,27,27,70,70,70,70,70,70,70,70,110,22.000,22.000,24.500,24.500,0,0,0,0
236.687,13859826608897719907,0,0.000,0.000,0.000,0,3920,0,27,27,27,27,70,70,70,70,70,70,70,70,110,22.000,22.000,24.500,24.500,0,0,0,0
236.702,13859826608897719907,0,0.000,0.000,0.000,0,3920,0,27,27,27,27,70,70,70,70,70,70,70,70,110,22.000,22.000,24.500,24.500,0,0,0,0
236.717,13859826608897719907,0,0.000,0.000,0.000,0,3920,0,27,27,27,27,70,70,70,70,70,70,70,70,110,22.000,22.000,24.500,24.500,0,0,0,0
236.746,13859826608897719907,0,0.000,0.000,0.000,0,3920,0,27,27,27,27,70,70,70,70,70,70,70,70,110,22.000,22.000,24.500,24.500,0,0,0,0
236.761,13859826608897719907,0,0.000,0.000,0.000,0,3920,0,27,27,27,27,70,70,70,70,70,70,70,70,110,22.000,22.000,24.500,24.500,0,0,0,0
236.775,13859826608897719907,0,0.000,0.000,0.000,0,3920,0,27,27,27,27,70,70,70,70,70,70,70,70,110,22.000,22.000,24.500,24.500,0,0,0,0
236.804,13859826608897719907,0,0.000,0.000,0.000,0,3920,0,27,27,27,27,70,70,70,70,70,70,70,70,110,22.000,22.000,24.500,24.500,0,0,0,0
236.819,13859826608897719907,0,0.000,0.000,0.000,0,3920,0,27,27,27,27,70,70,70,70,70,70,70,70,110,22.000,22.000,24.500,24.500,0,0,0,0
236.834,13859826608897719907,0,0.000,0.000,0.000,0,3920,0,27,27,27,27,70,70,70,70,70,70,70,70,110,22.000,22.000,24.500,24.500,0,0,0,0
236.848,13859826608897719907,0,0.000,0.000,0.000,0,3920,0,27,27,27,27,70,70,70,70,70,70,70,70,110,22.000,22.000,24.500,24.500,0,0,0,0
236.863,13859826608897719907,0,0.000,0.000,0.000,0,3920,0,27,27,27,27,70,70,70,70,70,70,70,70,110,22.000,22.000,24.500,24.500,0,0,0,0
236.878,13859826608897719907,0,0.000,0.000,0.000,0,3920,0,27,27,27,27,70,70,70,70,70,70,70,70,110,22.000,22.000,24.500,24.500,0,0,0,0
236.893,13859826608897719907,0,0.000,0.000,0.000,0,3920,0,27,27,27,27,70,70,70,70,70,70,70,70,110,22.000,22.000,24.500,24.500,0,0,0,0
236.922,13859826608897719907,0,0.000,0.000,0.000,0,3920,0,27,27,27,27,70,70,70,70,70,70,70,70,110,22.000,22.000,24.500,24.500,0,0,0,0
236.936,13859826608897719907,0,0.000,0.000,0.000,0,3920,0,27,27,27,27,70,70,70,70,70,70,70,70,110,22.000,22.000,24.500,24.500,0,0,0,0
236.951,13859826608897719907,0,0.000,0.000,0.000,0,3920,0,27,27,27,27,70,70,70,70,70,70,70,70,110,22.000,22.000,24.500,24.500,0,0,0,0
236.966,13859826608897719907,0,0.000,0.000,0.000,0,3920,0,27,27,27,27,70,70,70,70,70,70,70,70,110,22.000,22.000,24.500,24.500,0,0,0,0
236.980,13859826608897719907,0,0.000,0.000,0.000,0,3920,0,27,27,27,27,70,70,70,70,70,70,70,70,110,22.000,22.000,24.500,24.500,0,0,0,0
236.995,13859826608897719907,0,0.000,0.000,0.000,0,3920,0,27,27,27,27,70,70,70,70,70,70,70,70,110,22.000,22.000,24.500,24.500,0,0,0,0
237.010,13859826608897719907,0,0.000,0.000,0.000,0,3920,0,27,27,27,27,70,70,70,70,70,70,70,70,110,22.000,22.000,24.500,24.500,0,0,0,0
237.039,13859826608897719907,0,0.000,0.000,0.000,0,3920,0,27,27,27,27,70,70,70,70,70,70,70,70,110,22.000,22.000,24.500,24.500,0,0,0,0
237.054,13859826608897719907,0,0.000,0.000,0.000,0,3920,0,27,27,27,27,70,70,70,70,70,70,70,70,110,22.000,22.000,24.500,24.500,0,0,0,0
237.069,13859826608897719907,0,0.000,0.000,0.000,0,3920,0,27,27,27,27,70,70,70,70,70,70,70,70,110,22.000,22.000,24.500,24.500,0,0,0,0
237.114,13859826608897719907,0,0.000,0.000,0.000,0,3920,0,27,27,27,27,70,70,70,70,70,70,70,70,110,22.000,22.000,24.500,24.500,0,0,0,0
237.144,13859826608897719907,0,0.000,0.000,0.000,0,3920,0,27,27,27,27,70,70,70,70,70,70,70,70,110,22.000,22.000,24.500,24.500,0,0,0,0
237.189,13859826608897719907,0,0.000,0.000,0.000,0,3920,0,27,27,27,27,70,70,70,70,70,70,70,70,110,22.000,22.000,24.500,24.500,0,0,0,0
237.204,13859826608897719907,0,0.000,0.000,0.000,0,3920,0,27,27,27,27,70,70,70,70,70,70,70,70,110,22.000,22.000,24.500,24.500,0,0,0,0
237.219,13859826608897719907,0,0.000,0.000,0.000,0,3920,0,27,27,27,27,70,70,70,70,70,70,70,70,110,22.000,22.000,24.500,24.500,0,0,0,0
237.234,13859826608897719907,0,0.000,0.000,0.000,0,3920,0,27,27,27,27,70,70,70,70,70,70,70,70,110,22.000,22.000,24.500,24.500,0,0,0,0
237.279,13859826608897719907,0,0.000,0.000,0.000,0,3920,0,27,27,27,27,70,70,70,70,70,70,70,70,110,22.000,22.000,24.500,24.500,0,0,0,0
237.345,13859826608897719907,0,0.000,0.000,0.000,0,3920,0,27,27,27,27,70,70,70,70,70,70,70,70,110,22.000,22.000,24.500,24.500,0,0,0,0
237.362,13859826608897719907,0,0.000,0.000,0.000,0,3920,0,27,27,27,27,70,70,70,70,70,70,70,70,110,22.000,22.000,24.500,24.500,0,0,0,0
237.412,13859826608897719907,0,0.000,0.000,0.000,0,3920,0,27,27,27,27,70,70,70,70,70,70,70,70,110,22.000,22.000,24.500,24.500,0,0,0,0
237.456,13859826608897719907,0,0.000,0.000,0.000,0,3920,0,27,27,27,27,70,70,70,70,70,70,70,70,110,22.000,22.000,24.500,24.500,0,0,0,0
237.471,13859826608897719907,0,0.000,0.000,0.000,0,3920,0,27,27,27,27,70,70,70,70,70,70,70,70,110,22.000,22.000,24.500,24.500,0,0,0,0
237.485,13859826608897719907,0,0.000,0.000,0.000,0,3920,0,27,27,27,27,70,70,70,70,70,70,70,70,110,22.000,22.000,24.500,24.500,0,0,0,0
237.500,13859826608897719907,0,0.000,0.000,0.000,0,3920,0,27,27,27,27,70,70,70,70,70,70,70,70,110,22.000,22.000,24.500,24.500,0,0,0,0
237.515,13859826608897719907,0,0.000,0.000,0.000,0,3920,0,27,27,27,27,70,70,70,70,70,70,70,70,110,22.000,22.000,24.500,24.500,0,0,0,0
237.544,13859826608897719907,0,0.000,0.000,0.000,0,3920,0,27,27,27,27,70,70,70,70,70,70,70,70,110,22.000,22.000,24.500,24.500,0,0,0,0
237.559,13859826608897719907,0,0.000,0.000,0.000,0,3920,0,27,27,27,27,70,70,70,70,70,70,70,70,110,22.000,22.000,24.500,24.500,0,0,0,0
237.589,13859826608897719907,0,0.000,0.000,0.000,0,3920,0,27,27,27,27,70,70,70,70,70,70,70,70,110,22.000,22.000,24.500,24.500,0,0,0,0
237.604,13859826608897719907,0,0.000,0.000,0.000,0,3920,0,27,27,27,27,70,70,70,70,70,70,70,70,110,22.000,22.000,24.500,24.500,0,0,0,0
237.619,13859826608897719907,0,0.000,0.000,0.000,0,3920,0,27,27,27,27,70,70,70,70,70,70,70,70,110,22.000,22.000,24.500,24.500,0,0,0,0
237.649,13859826608897719907,0,0.000,0.000,0.000,0,3920,0,27,27,27,27,70,70,70,70,70,70,70,70,110,22.000,22.000,24.500,24.500,0,0,0,0
237.680,13859826608897719907,0,0.000,0.000,0.000,0,3920,0,27,27,27,27,70,70,70,70,70,70,70,70,110,22.000,22.000,24.500,24.500,0,0,0,0
237.696,13859826608897719907,0,0.000,0.000,0.000,0,3920,0,27,27,27,27,70,70,70,70,70,70,70,70,110,22.000,22.000,24.500,24.500,0,0,0,0
237.711,13859826608897719907,0,0.000,0.000,0.000,0,3920,0,27,27,27,27,70,70,70,70,70,70,70,70,110,22.000,22.000,24.500,24.500,0,0,0,0
237.727,13859826608897719907,0,0.000,0.000,0.000,0,3920,0,27,27,27,27,70,70,70,70,70,70,70,70,110,22.000,22.000,24.500,24.500,0,0,0,0
237.742,13859826608897719907,0,0.000,0.000,0.000,0,3920,0,27,27,27,27,70,70,70,70,70,70,70,70,110,22.000,22.000,24.500,24.500,0,0,0,0
237.758,13859826608897719907,0,0.000,0.000,0.000,0,3920,0,27,27,27,27,70,70,70,70,70,70,70,70,110,22.000,22.000,24.500,24.500,0,0,0,0
237.805,13859826608897719907,0,0.000,0.000,0.000,0,3920,0,27,27,27,27,70,70,70,70,70,70,70,70,110,22.000,22.000,24.500,24.500,0,0,0,0
237.836,13859826608897719907,0,0.000,0.000,0.000,0,3920,0,27,27,27,27,70,70,70,70,70,70,70,70,110,22.000,22.000,24.500,24.500,0,0,0,0
237.851,13859826608897719907,0,0.000,0.000,0.000,0,3920,0,27,27,27,27,70,70,70,70,70,70,70,70,110,22.000,22.000,24.500,24.500,0,0,0,0
237.866,13859826608897719907,0,0.000,0.000,0.000,0,3920,0,27,27,27,27,70,70,70,70,70,70,70,70,110,22.000,22.000,24.500,24.500,0,0,0,0
237.881,13859826608897719907,0,0.000,0.000,0.000,0,3920,0,27,27,27,27,70,70,70,70,70,70,70,70,110,22.000,22.000,24.500,24.500,0,0,0,0
237.896,13859826608897719907,0,0.000,0.000,0.000,0,3920,0,27,27,27,27,70,70,70,70,70,70,70,70,110,22.000,22.000,24.500,24.500,0,0,0,0
237.911,13859826608897719907,0,0.000,0.000,0.000,0,3920,0,27,27,27,27,70,70,70,70,70,70,70,70,110,22.000,22.000,24.500,24.500,0,0,0,0
237.940,13859826608897719907,0,0.000,0.000,0.000,0,3920,0,27,27,27,27,70,70,70,70,70,70,70,70,110,22.000,22.000,24.500,24.500,0,0,0,0
237.955,13859826608897719907,0,0.000,0.000,0.000,0,3920,0,27,27,27,27,70,70,70,70,70,70,70,70,110,22.000,22.000,24.500,24.500,0,0,0,0
237.970,13859826608897719907,0,0.000,0.000,0.000,0,3920,0,27,27,27,27,70,70,70,70,70,70,70,70,110,22.000,22.000,24.500,24.500,0,0,0,0
237.985,13859826608897719907,0,0.000,0.000,0.000,0,3920,0,27,27,27,27,70,70,70,70,70,70,70,70,110,22.000,22.000,24.500,24.500,0,0,0,0
237.999,13859826608897719907,0,0.000,0.000,0.000,0,3920,0,27,27,27,27,70,70,70,70,70,70,70,70,110,22.000,22.000,24.500,24.500,0,0,0,0
238.014,13859826608897719907,0,0.000,0.000,0.000,0,3920,0,27,27,27,27,70,70,70,70,70,70,70,70,110,22.000,22.000,24.500,24.500,0,0,0,0
238.029,13859826608897719907,0,0.000,0.000,0.000,0,3920,0,27,27,27,27,70,70,70,70,70,70,70,70,110,22.000,22.000,24.500,24.500,0,0,0,0
238.044,13859826608897719907,0,0.000,0.000,0.000,0,3920,0,27,27,27,27,70,70,70,70,70,70,70,70,110,22.000,22.000,24.500,24.500,0,0,0,0
238.059,13859826608897719907,0,0.000,0.000,0.000,0,3920,0,27,27,27,27,70,70,70,70,70,70,70,70,110,22.000,22.000,24.500,24.500,0,0,0,0
238.089,13859826608897719907,0,0.000,0.000,0.000,0,3920,0,27,27,27,27,70,70,70,70,70,70,70,70,110,22.000,22.000,24.500,24.500,0,0,0,0
238.119,13859826608897719907,0,0.000,0.000,0.000,0,3920,0,27,27,27,27,70,70,70,70,70,70,70,70,110,22.000,22.000,24.500,24.500,0,0,0,0
238.210,13859826608897719907,0,0.000,0.000,0.000,0,3920,0,27,27,27,27,70,70,70,70,70,70,70,70,110,22.000,22.000,24.500,24.500,0,0,0,0
238.255,13859826608897719907,0,0.000,0.000,0.000,0,3920,0,27,27,27,27,70,70,70,70,70,70,70,70,110,22.000,22.000,24.500,24.500,0,0,0,0
238.284,13859826608897719907,0,0.000,0.000,0.000,0,3920,0,27,27,27,27,70,70,70,70,70,70,70,70,110,22.000,22.000,24.500,24.500,0,0,0,0
238.420,13859826608897719907,0,0.000,0.000,0.000,0,3920,0,27,27,27,27,70,70,70,70,70,70,70,70,110,22.000,22.000,24.500,24.500,0,0,0,0
238.465,13859826608897719907,0,0.000,0.000,0.000,0,3920,0,27,27,27,27,70,70,70,70,70,70,70,70,110,22.000,22.000,24.500,24.500,0,0,0,0
238.480,13859826608897719907,0,0.000,0.000,0.000,0,3920,0,27,27,27,27,70,70,70,70,70,70,70,70,110,22.000,22.000,24.500,24.500,0,0,0,0
238.593,13859826608897719907,0,0.000,0.000,0.000,0,3920,0,27,27,27,27,70,70,70,70,70,70,70,70,110,22.000,22.000,24.500,24.500,0,0,0,0
238.653,13859826608897719907,0,0.000,0.000,0.000,0,3920,0,27,27,27,27,70,70,70,70,70,70,70,70,110,22.000,22.000,24.500,24.500,0,0,0,0
238.668,13859826608897719907,0,0.000,0.000,0.000,0,3920,0,27,27,27,27,70,70,70,70,70,70,70,70,110,22.000,22.000,24.500,24.500,0,0,0,0
238.699,13859826608897719907,0,0.000,0.000,0.000,0,3920,0,27,27,27,27,70,70,70,70,70,70,70,70,110,22.000,22.000,24.500,24.500,0,0,0,0
238.714,13859826608897719907,0,0.000,0.000,0.000,0,3920,0,27,27,27,27,70,70,70,70,70,70,70,70,110,22.000,22.000,24.500,24.500,0,0,0,0
238.731,13859826608897719907,0,0.000,0.000,0.000,0,3920,0,27,27,27,27,70,70,70,70,70,70,70,70,110,22.000,22.000,24.500,24.500,0,0,0,0
238.826,13859826608897719907,0,0.000,0.000,0.000,0,3920,0,27,27,27,27,70,70,70,70,70,70,70,70,110,22.000,22.000,24.500,24.500,0,0,0,0
238.840,13859826608897719907,0,0.000,0.000,0.000,0,3920,0,27,27,27,27,70,70,70,70,70,70,70,70,110,22.000,22.000,24.500,24.500,0,0,0,0
238.870,13859826608897719907,0,0.000,0.000,0.000,0,3920,0,27,27,27,27,70,70,70,70,70,70,70,70,110,22.000,22.000,24.500,24.500,0,0,0,0
238.886,13859826608897719907,0,0.000,0.000,0.000,0,3920,0,27,27,27,27,70,70,70,70,70,70,70,70,110,22.000,22.000,24.500,24.500,0,0,0,0
238.901,13859826608897719907,0,0.000,0.000,0.000,0,3920,0,27,27,27,27,70,70,70,70,70,70,70,70,110,22.000,22.000,24.500,24.500,0,0,0,0
238.915,13859826608897719907,0,0.000,0.000,0.000,0,3920,0,27,27,27,27,70,70,70,70,70,70,70,70,110,22.000,22.000,24.500,24.500,0,0,0,0
238.960,13859826608897719907,0,0.000,0.000,0.000,0,3920,0,27,27,27,27,70,70,70,70,70,70,70,70,110,22.000,22.000,24.500,24.500,0,0,0,0
239.005,13859826608897719907,0,0.000,0.000,0.000,0,3920,0,27,27,27,27,70,70,70,70,70,70,70,70,110,22.000,22.000,24.500,24.500,0,0,0,0
239.020,13859826608897719907,0,0.000,0.000,0.000,0,3920,0,27,27,27,27,70,70,70,70,70,70,70,70,110,22.000,22.000,24.500,24.500,0,0,0,0
239.035,13859826608897719907,0,0.000,0.000,0.000,0,3920,0,27,27,27,27,70,70,70,70,70,70,70,70,110,22.000,22.000,24.500,24.500,0,0,0,0
239.050,13859826608897719907,0,0.000,0.000,0.000,0,3920,0,27,27,27,27,70,70,70,70,70,70,70,70,110,22.000,22.000,24.500,24.500,0,0,0,0
239.095,13859826608897719907,0,0.000,0.000,0.000,0,3920,0,27,27,27,27,70,70,70,70,70,70,70,70,110,22.000,22.000,24.500,24.500,0,0,0,0
239.110,13859826608897719907,0,0.000,0.000,0.000,0,3920,0,27,27,27,27,70,70,70,70,70,70,70,70,110,22.000,22.000,24.500,24.500,0,0,0,0
239.155,13859826608897719907,0,0.000,0.000,0.000,0,3920,0,27,27,27,27,70,70,70,70,70,70,70,70,110,22.000,22.000,24.500,24.500,0,0,0,0
239.170,13859826608897719907,0,0.000,0.000,0.000,0,3920,0,27,27,27,27,70,70,70,70,70,70,70,70,110,22.000,22.000,24.500,24.500,0,0,0,0
239.185,13859826608897719907,0,0.000,0.000,0.000,0,3920,0,27,27,27,27,70,70,70,70,70,70,70,70,110,22.000,22.000,24.500,24.500,0,0,0,0
239.200,13859826608897719907,0,0.000,0.000,0.000,0,3920,0,27,27,27,27,70,70,70,70,70,70,70,70,110,22.000,22.000,24.500,24.500,0,0,0,0
239.215,13859826608897719907,0,0.000,0.000,0.000,0,3920,0,27,27,27,27,70,70,70,70,70,70,70,70,110,22.000,22.000,24.500,24.500,0,0,0,0
239.230,13859826608897719907,0,0.000,0.000,0.000,0,3920,0,27,27,27,27,70,70,70,70,70,70,70,70,110,22.000,22.000,24.500,24.500,0,0,0,0
239.245,13859826608897719907,0,0.000,0.000,0.000,0,3920,0,27,27,27,27,70,70,70,70,70,70,70,70,110,22.000,22.000,24.500,24.500,0,0,0,0
239.260,13859826608897719907,0,0.000,0.000,0.000,0,3920,0,27,27,27,27,70,70,70,70,70,70,70,70,110,22.000,22.000,24.500,24.500,0,0,0,0
239.275,13859826608897719907,0,0.000,0.000,0.000,0,3920,0,27,27,27,27,70,70,70,70,70,70,70,70,110,22.000,22.000,24.500,24.500,0,0,0,0
239.320,13859826608897719907,0,0.000,0.000,0.000,0,3920,0,27,27,27,27,70,70,70,70,70,70,70,70,110,22.000,22.000,24.500,24.500,0,0,0,0
239.335,13859826608897719907,0,0.000,0.000,0.000,0,3920,0,27,27,27,27,70,70,70,70,70,70,70,70,110,22.000,22.000,24.500,24.500,0,0,0,0
239.350,13859826608897719907,0,0.000,0.000,0.000,0,3920,0,27,27,27,27,70,70,70,70,70,70,70,70,110,22.000,22.000,24.500,24.500,0,0,0,0
239.365,13859826608897719907,0,0.000,0.000,0.000,0,3920,0,27,27,27,27,70,70,70,70,70,70,70,70,110,22.000,22.000,24.500,24.500,0,0,0,0
239.380,13859826608897719907,0,0.000,0.000,0.000,0,3920,0,27,27,27,27,70,70,70,70,70,70,70,70,110,22.000,22.000,24.500,24.500,0,0,0,0
239.395,13859826608897719907,0,0.000,0.000,0.000,0,3920,0,27,27,27,27,70,70,70,70,70,70,70,70,110,22.000,22.000,24.500,24.500,0,0,0,0
239.410,13859826608897719907,0,0.000,0.000,0.000,0,3920,0,27,27,27,27,70,70,70,70,70,70,70,70,110,22.000,22.000,24.500,24.500,0,0,0,0
239.425,13859826608897719907,0,0.000,0.000,0.000,0,3920,0,27,27,27,27,70,70,70,70,70,70,70,70,110,22.000,22.000,24.500,24.500,0,0,0,0
239.455,13859826608897719907,0,0.000,0.000,0.000,0,3920,0,27,27,27,27,70,70,70,70,70,70,70,70,110,22.000,22.000,24.500,24.500,0,0,0,0
239.470,13859826608897719907,0,0.000,0.000,0.000,0,3920,0,27,27,27,27,70,70,70,70,70,70,70,70,110,22.000,22.000,24.500,24.500,0,0,0,0
239.484,13859826608897719907,0,0.000,0.000,0.000,0,3920,0,27,27,27,27,70,70,70,70,70,70,70,70,110,22.000,22.000,24.500,24.500,0,0,0,0
239.499,13859826608897719907,0,0.000,0.000,0.000,0,3920,0,27,27,27,27,70,70,70,70,70,70,70,70,110,22.000,22.000,24.500,24.500,0,0,0,0
239.514,13859826608897719907,0,0.000,0.000,0.000,0,3920,0,27,27,27,27,70,70,70,70,70,70,70,70,110,22.000,22.000,24.500,24.500,0,0,0,0
239.544,13859826608897719907,0,0.000,0.000,0.000,0,3920,0,27,27,27,27,70,70,70,70,70,70,70,70,110,22.000,22.000,24.500,24.500,0,0,0,0
239.559,13859826608897719907,0,0.000,0.000,0.000,0,3920,0,27,27,27,27,70,70,70,70,70,70,70,70,110,22.000,22.000,24.500,24.500,0,0,0,0
239.589,13859826608897719907,0,0.000,0.000,0.000,0,3920,0,27,27,27,27,70,70,70,70,70,70,70,70,110,22.000,22.000,24.500,24.500,0,0,0,0
239.604,13859826608897719907,0,0.000,0.000,0.000,0,3920,0,27,27,27,27,70,70,70,70,70,70,70,70,110,22.000,22.000,24.500,24.500,0,0,0,0
239.619,13859826608897719907,0,0.000,0.000,0.000,0,3920,0,27,27,27,27,70,70,70,70,70,70,70,70,110,22.000,22.000,24.500,24.500,0,0,0,0
239.634,13859826608897719907,0,0.000,0.000,0.000,0,3920,0,27,27,27,27,70,70,70,70,70,70,70,70,110,22.000,22.000,24.500,24.500,0,0,0,0
239.649,13859826608897719907,0,0.000,0.000,0.000,0,3920,0,27,27,27,27,70,70,70,70,70,70,70,70,110,22.000,22.000,24.500,24.500,0,0,0,0
239.664,13859826608897719907,0,0.000,0.000,0.000,0,3920,0,27,27,27,27,70,70,70,70,70,70,70,70,110,22.000,22.000,24.500,24.500,0,0,0,0
239.695,13859826608897719907,0,0.000,0.000,0.000,0,3920,0,27,27,27,27,70,70,70,70,70,70,70,70,110,22.000,22.000,24.500,24.500,0,0,0,0
239.710,13859826608897719907,0,0.000,0.000,0.000,0,3920,0,27,27,27,27,70,70,70,70,70,70,70,70,110,22.000,22.000,24.500,24.500,0,0,0,0
239.725,13859826608897719907,0,0.000,0.000,0.000,0,3920,0,27,27,27,27,70,70,70,70,70,70,70,70,110,22.000,22.000,24.500,24.500,0,0,0,0
239.741,13859826608897719907,0,0.000,0.000,0.000,0,3920,0,27,27,27,27,70,70,70,70,70,70,70,70,110,22.000,22.000,24.500,24.500,0,0,0,0
239.756,13859826608897719907,0,0.000,0.000,0.000,0,3920,0,27,27,27,27,70,70,70,70,70,70,70,70,110,22.000,22.000,24.500,24.500,0,0,0,0
239.787,13859826608897719907,0,0.000,0.000,0.000,0,3920,0,27,27,27,27,70,70,70,70,70,70,70,70,110,22.000,22.000,24.500,24.500,0,0,0,0
239.802,13859826608897719907,0,0.000,0.000,0.000,0,3920,0,27,27,27,27,70,70,70,70,70,70,70,70,110,22.000,22.000,24.500,24.500,0,0,0,0
239.817,13859826608897719907,0,0.000,0.000,0.000,0,3920,0,27,27,27,27,70,70,70,70,70,70,70,70,110,22.000,22.000,24.500,24.500,0,0,0,0
239.833,13859826608897719907,0,0.000,0.000,0.000,0,3920,0,27,27,27,27,70,70,70,70,70,70,70,70,110,22.000,22.000,24.500,24.500,0,0,0,0
239.848,13859826608897719907,0,0.000,0.000,0.000,0,3920,0,27,27,27,27,70,70,70,70,70,70,70,70,110,22.000,22.000,24.500,24.500,0,0,0,0
239.863,13859826608897719907,0,0.000,0.000,0.000,0,3920,0,27,27,27,27,70,70,70,70,70,70,70,70,110,22.000,22.000,24.500,24.500,0,0,0,0
239.879,13859826608897719907,0,0.000,0.000,0.000,0,3920,0,27,27,27,27,70,70,70,70,70,70,70,70,110,22.000,22.000,24.500,24.500,0,0,0,0
239.894,13859826608897719907,0,0.000,0.000,0.000,0,3920,0,27,27,27,27,70,70,70,70,70,70,70,70,110,22.000,22.000,24.500,24.500,0,0,0,0
239.910,13859826608897719907,0,0.000,0.000,0.000,0,3920,0,27,27,27,27,70,70,70,70,70,70,70,70,110,22.000,22.000,24.500,24.500,0,0,0,0
239.956,13859826608897719907,0,0.000,0.000,0.000,0,3920,0,27,27,27,27,70,70,70,70,70,70,70,70,110,22.000,22.000,24.500,24.500,0,0,0,0
239.971,13859826608897719907,0,0.000,0.000,0.000,0,3920,0,27,27,27,27,70,70,70,70,70,70,70,70,110,22.000,22.000,24.500,24.500,0,0,0,0
239.986,13859826608897719907,0,0.000,0.000,0.000,0,3920,0,27,27,27,27,70,70,70,70,70,70,70,70,110,22.000,22.000,24.500,24.500,0,0,0,0
240.001,13859826608897719907,0,0.000,0.000,0.000,0,3920,0,27,27,27,27,70,70,70,70,70,70,70,70,110,22.000,22.000,24.500,24.500,0,0,0,0
240.017,13859826608897719907,0,0.000,0.000,0.000,0,3920,0,27,27,27,27,70,70,70,70,70,70,70,70,110,22.000,22.000,24.500,24.500,0,0,0,0
240.048,13859826608897719907,0,0.000,0.000,0.000,0,3920,0,27,27,27,27,70,70,70,70,70,70,70,70,110,22.000,22.000,24.500,24.500,0,0,0,0
240.139,13859826608897719907,0,0.000,0.000,0.000,0,3920,0,27,27,27,27,70,70,70,70,70,70,70,70,110,22.000,22.000,24.500,24.500,0,0,0,0
240.153,13859826608897719907,0,0.000,0.000,0.000,0,3920,0,27,27,27,27,70,70,70,70,70,70,70,70,110,22.000,22.000,24.500,24.500,0,0,0,0
240.168,13859826608897719907,0,0.000,0.000,0.000,0,3920,0,27,27,27,27,70,70,70,70,70,70,70,70,110,22.000,22.000,24.500,24.500,0,0,0,0
240.183,13859826608897719907,0,0.000,0.000,0.000,0,3920,0,27,27,27,27,70,70,70,70,70,70,70,70,110,22.000,22.000,24.500,24.500,0,0,0,0
240.214,13859826608897719907,0,0.000,0.000,0.000,0,3920,0,27,27,27,27,70,70,70,70,70,70,70,70,110,22.000,22.000,24.500,24.500,0,0,0,0
240.229,13859826608897719907,0,0.000,0.000,0.000,0,3920,0,27,27,27,27,70,70,70,70,70,70,70,70,110,22.000,22.000,24.500,24.500,0,0,0,0
240.244,13859826608897719907,0,0.000,0.000,0.000,0,3920,0,27,27,27,27,70,70,70,70,70,70,70,70,110,22.000,22.000,24.500,24.500,0,0,0,0
240.259,13859826608897719907,0,0.000,0.000,0.000,0,3920,0,27,27,27,27,70,70,70,70,70,70,70,70,110,22.000,22.000,24.500,24.500,0,0,0,0
240.288,13859826608897719907,0,0.000,0.000,0.000,0,3920,0,27,27,27,27,70,70,70,70,70,70,70,70,110,22.000,22.000,24.500,24.500,0,0,0,0
240.303,13859826608897719907,0,0.000,0.000,0.000,0,3920,0,27,27,27,27,70,70,70,70,70,70,70,70,110,22.000,22.000,24.500,24.500,0,0,0,0
240.318,13859826608897719907,0,0.000,0.000,0.000,0,3920,0,27,27,27,27,70,70,70,70,70,70,70,70,110,22.000,22.000,24.500,24.500,0,0,0,0
240.333,13859826608897719907,0,0.000,0.000,0.000,0,3920,0,27,27,27,27,70,70,70,70,70,70,70,70,110,22.000,22.000,24.500,24.500,0,0,0,0
240.348,13859826608897719907,0,0.000,0.000,0.000,0,3920,0,27,27,27,27,70,70,70,70,70,70,70,70,110,22.000,22.000,24.500,24.500,0,0,0,0
240.363,13859826608897719907,0,0.000,0.000,0.000,0,3920,0,27,27,27,27,70,70,70,70,70,70,70,70,110,22.000,22.000,24.500,24.500,0,0,0,0
240.378,13859826608897719907,0,0.000,0.000,0.000,0,3920,0,27,27,27,27,70,70,70,70,70,70,70,70,110,22.000,22.000,24.500,24.500,0,0,0,0
240.393,13859826608897719907,0,0.000,0.000,0.000,0,3920,0,27,27,27,27,70,70,70,70,70,70,70,70,110,22.000,22.000,24.500,24.500,0,0,0,0
240.423,13859826608897719907,0,0.000,0.000,0.000,0,3920,0,27,27,27,27,70,70,70,70,70,70,70,70,110,22.000,22.000,24.500,24.500,0,0,0,0
240.438,13859826608897719907,0,0.000,0.000,0.000,0,3920,0,27,27,27,27,70,70,70,70,70,70,70,70,110,22.000,22.000,24.500,24.500,0,0,0,0
240.452,13859826608897719907,0,0.000,0.000,0.000,0,3920,0,27,27,27,27,70,70,70,70,70,70,70,70,110,22.000,22.000,24.500,24.500,0,0,0,0
240.467,13859826608897719907,0,0.000,0.000,0.000,0,3920,0,27,27,27,27,70,70,70,70,70,70,70,70,110,22.000,22.000,24.500,24.500,0,0,0,0
240.482,13859826608897719907,0,0.000,0.000,0.000,0,3920,0,27,27,27,27,70,70,70,70,70,70,70,70,110,22.000,22.000,24.500,24.500,0,0,0,0
240.497,13859826608897719907,0,0.000,0.000,0.000,0,3920,0,27,27,27,27,70,70,70,70,70,70,70,70,110,22.000,22.000,24.500,24.500,0,0,0,0
240.512,13859826608897719907,0,0.000,0.000,0.000,0,3920,0,27,27,27,27,70,70,70,70,70,70,70,70,110,22.000,22.000,24.500,24.500,0,0,0,0
240.556,13859826608897719907,0,0.000,0.000,0.000,0,3920,0,27,27,27,27,70,70,70,70,70,70,70,70,110,22.000,22.000,24.500,24.500,0,0,0,0
240.571,13859826608897719907,0,0.000,0.000,0.000,0,3920,0,27,27,27,27,70,70,70,70,70,70,70,70,110,22.000,22.000,24.500,24.500,0,0,0,0
240.586,13859826608897719907,0,0.000,0.000,0.000,0,3920,0,27,27,27,27,70,70,70,70,70,70,70,70,110,22.000,22.000,24.500,24.500,0,0,0,0
240.615,13859826608897719907,0,0.000,0.000,0.000,0,3920,0,27,27,27,27,70,70,70,70,70,70,70,70,110,22.000,22.000,24.500,24.500,0,0,0,0
240.629,13859826608897719907,0,0.000,0.000,0.000,0,3920,0,27,27,27,27,70,70,70,70,70,70,70,70,110,22.000,22.000,24.500,24.500,0,0,0,0
240.644,13859826608897719907,0,0.000,0.000,0.000,0,3920,0,27,27,27,27,70,70,70,70,70,70,70,70,110,22.000,22.000,24.500,24.500,0,0,0,0
240.673,13859826608897719907,0,0.000,0.000,0.000,0,3920,0,27,27,27,27,70,70,70,70,70,70,70,70,110,22.000,22.000,24.500,24.500,0,0,0,0
240.687,13859826608897719907,0,0.000,0.000,0.000,0,3920,0,27,27,27,27,70,70,70,70,70,70,70,70,110,22.000,22.000,24.500,24.500,0,0,0,0
240.702,13859826608897719907,0,0.000,0.000,0.000,0,3920,0,27,27,27,27,70,70,70,70,70,70,70,70,110,22.000,22.000,24.500,24.500,0,0,0,0
240.716,13859826608897719907,0,0.000,0.000,0.000,0,3920,0,27,27,27,27,70,70,70,70,70,70,70,70,110,22.000,22.000,24.500,24.500,0,0,0,0
240.730,13859826608897719907,0,0.000,0.000,0.000,0,3920,0,27,27,27,27,70,70,70,70,70,70,70,70,110,22.000,22.000,24.500,24.500,0,0,0,0
240.744,13859826608897719907,0,0.000,0.000,0.000,0,3920,0,27,27,27,27,70,70,70,70,70,70,70,70,110,22.000,22.000,24.500,24.500,0,0,0,0
240.759,13859826608897719907,0,0.000,0.000,0.000,0,3920,0,27,27,27,27,70,70,70,70,70,70,70,70,110,22.000,22.000,24.500,24.500,0,0,0,0
240.804,13859826608897719907,0,0.000,0.000,0.000,0,3920,0,27,27,27,27,70,70,70,70,70,70,70,70,110,22.000,22.000,24.500,24.500,0,0,0,0
240.819,13859826608897719907,0,0.000,0.000,0.000,0,3920,0,27,27,27,27,70,70,70,70,70,70,70,70,110,22.000,22.000,24.500,24.500,0,0,0,0
240.833,13859826608897719907,0,0.000,0.000,0.000,0,3920,0,27,27,27,27,70,70,70,70,70,70,70,70,110,22.000,22.000,24.500,24.500,0,0,0,0
240.848,13859826608897719907,0,0.000,0.000,0.000,0,3920,0,27,27,27,27,70,70,70,70,70,70,70,70,110,22.000,22.000,24.500,24.500,0,0,0,0
240.862,13859826608897719907,0,0.000,0.000,0.000,0,3920,0,27,27,27,27,70,70,70,70,70,70,70,70,110,22.000,22.000,24.500,24.500,0,0,0,0
240.890,13859826608897719907,0,0.000,0.000,0.000,0,3920,0,27,27,27,27,70,70,70,70,70,70,70,70,110,22.000,22.000,24.500,24.500,0,0,0,0
240.904,13859826608897719907,0,0.000,0.000,0.000,0,3920,0,27,27,27,27,70,70,70,70,70,70,70,70,110,22.000,22.000,24.500,24.500,0,0,0,0
240.918,13859826608897719907,0,0.000,0.000,0.000,0,3920,0,27,27,27,27,70,70,70,70,70,70,70,70,110,22.000,22.000,24.500,24.500,0,0,0,0
240.932,13859826608897719907,0,0.000,0.000,0.000,0,3920,0,27,27,27,27,70,70,70,70,70,70,70,70,110,22.000,22.000,24.500,24.500,0,0,0,0
240.946,13859826608897719907,0,0.000,0.000,0.000,0,3920,0,27,27,27,27,70,70,70,70,70,70,70,70,110,22.000,22.000,24.500,24.500,0,0,0,0
240.961,13859826608897719907,0,0.000,0.000,0.000,0,3920,0,27,27,27,27,70,70,70,70,70,70,70,70,110,22.000,22.000,24.500,24.500,0,0,0,0
240.989,13859826608897719907,0,0.000,0.000,0.000,0,3920,0,27,27,27,27,70,70,70,70,70,70,70,70,110,22.000,22.000,24.500,24.500,0,0,0,0
241.003,13859826608897719907,0,0.000,0.000,0.000,0,3920,0,27,27,27,27,70,70,70,70,70,70,70,70,110,22.000,22.000,24.500,24.500,0,0,0,0
241.018,13859826608897719907,0,0.000,0.000,0.000,0,3920,0,27,27,27,27,70,70,70,70,70,70,70,70,110,22.000,22.000,24.500,24.500,0,0,0,0
241.032,13859826608897719907,0,0.000,0.000,0.000,0,3920,0,27,27,27,27,70,70,70,70,70,70,70,70,110,22.000,22.000,24.500,24.500,0,0,0,0
241.046,13859826608897719907,0,0.000,0.000,0.000,0,3920,0,27,27,27,27,70,70,70,70,70,70,70,70,110,22.000,22.000,24.500,24.500,0,0,0,0
241.074,13859826608897719907,0,0.000,0.000,0.000,0,3920,0,27,27,27,27,70,70,70,70,70,70,70,70,110,22.000,22.000,24.500,24.500,0,0,0,0
241.088,13859826608897719907,0,0.000,0.000,0.000,0,3920,0,27,27,27,27,70,70,70,70,70,70,70,70,110,22.000,22.000,24.500,24.500,0,0,0,0
241.102,13859826608897719907,0,0.000,0.000,0.000,0,3920,0,27,27,27,27,70,70,70,70,70,70,70,70,110,22.000,22.000,24.500,24.500,0,0,0,0
241.117,13859826608897719907,0,0.000,0.000,0.000,0,3920,0,27,27,27,27,70,70,70,70,70,70,70,70,110,22.000,22.000,24.500,24.500,0,0,0,0
241.131,13859826608897719907,0,0.000,0.000,0.000,0,3920,0,27,27,27,27,70,70,70,70,70,70,70,70,110,22.000,22.000,24.500,24.500,0,0,0,0
241.145,13859826608897719907,0,0.000,0.000,0.000,0,3920,0,27,27,27,27,70,70,70,70,70,70,70,70,110,22.000,22.000,24.500,24.500,0,0,0,0
241.159,13859826608897719907,0,0.000,0.000,0.000,0,3920,0,27,27,27,27,70,70,70,70,70,70,70,70,110,22.000,22.000,24.500,24.500,0,0,0,0
241.188,13859826608897719907,0,0.000,0.000,0.000,0,3920,0,27,27,27,27,70,70,70,70,70,70,70,70,110,22.000,22.000,24.500,24.500,0,0,0,0
241.202,13859826608897719907,0,0.000,0.000,0.000,0,3920,0,27,27,27,27,70,70,70,70,70,70,70,70,110,22.000,22.000,24.500,24.500,0,0,0,0
241.216,13859826608897719907,0,0.000,0.000,0.000,0,3920,0,27,27,27,27,70,70,70,70,70,70,70,70,110,22.000,22.000,24.500,24.500,0,0,0,0
241.230,13859826608897719907,0,0.000,0.000,0.000,0,3920,0,27,27,27,27,70,70,70,70,70,70,70,70,110,22.000,22.000,24.500,24.500,0,0,0,0
241.244,13859826608897719907,0,0.000,0.000,0.000,0,3920,0,27,27,27,27,70,70,70,70,70,70,70,70,110,22.000,22.000,24.500,24.500,0,0,0,0
241.272,13859826608897719907,0,0.000,0.000,0.000,0,3920,0,27,27,27,27,70,70,70,70,70,70,70,70,110,22.000,22.000,24.500,24.500,0,0,0,0
241.286,13859826608897719907,0,0.000,0.000,0.000,0,3920,0,27,27,27,27,70,70,70,70,70,70,70,70,110,22.000,22.000,24.500,24.500,0,0,0,0
241.300,13859826608897719907,0,0.000,0.000,0.000,0,3920,0,27,27,27,27,70,70,70,70,70,70,70,70,110,22.000,22.000,24.500,24.500,0,0,0,0
241.314,13859826608897719907,0,0.000,0.000,0.000,0,3920,0,27,27,27,27,70,70,70,70,70,70,70,70,110,22.000,22.000,24.500,24.500,0,0,0,0
241.342,13859826608897719907,0,0.000,0.000,0.000,0,3920,0,27,27,27,27,70,70,70,70,70,70,70,70,110,22.000,22.000,24.500,24.500,0,0,0,0
241.356,13859826608897719907,0,0.000,0.000,0.000,0,3920,0,27,27,27,27,70,70,70,70,70,70,70,70,110,22.000,22.000,24.500,24.500,0,0,0,0
241.370,13859826608897719907,0,0.000,0.000,0.000,0,3920,0,27,27,27,27,70,70,70,70,70,70,70,70,110,22.000,22.000,24.500,24.500,0,0,0,0
241.384,13859826608897719907,0,0.000,0.000,0.000,0,3920,0,27,27,27,27,70,70,70,70,70,70,70,70,110,22.000,22.000,24.500,24.500,0,0,0,0
241.397,13859826608897719907,0,0.000,0.000,0.000,0,3920,0,27,27,27,27,70,70,70,70,70,70,70,70,110,22.000,22.000,24.500,24.500,0,0,0,0
241.411,13859826608897719907,0,0.000,0.000,0.000,0,3920,0,27,27,27,27,70,70,70,70,70,70,70,70,110,22.000,22.000,24.500,24.500,0,0,0,0
241.439,13859826608897719907,0,0.000,0.000,0.000,0,3920,0,27,27,27,27,70,70,70,70,70,70,70,70,110,22.000,22.000,24.500,24.500,0,0,0,0
241.453,13859826608897719907,0,0.000,0.000,0.000,0,3920,0,27,27,27,27,70,70,70,70,70,70,70,70,110,22.000,22.000,24.500,24.500,0,0,0,0
241.467,13859826608897719907,0,0.000,0.000,0.000,0,3920,0,27,27,27,27,70,70,70,70,70,70,70,70,110,22.000,22.000,24.500,24.500,0,0,0,0
241.481,13859826608897719907,0,0.000,0.000,0.000,0,3920,0,27,27,27,27,70,70,70,70,70,70,70,70,110,22.000,22.000,24.500,24.500,0,0,0,0
241.509,13859826608897719907,0,0.000,0.000,0.000,0,3920,0,27,27,27,27,70,70,70,70,70,70,70,70,110,22.000,22.000,24.500,24.500,0,0,0,0
241.523,13859826608897719907,0,0.000,0.000,0.000,0,3920,0,27,27,27,27,70,70,70,70,70,70,70,70,110,22.000,22.000,24.500,24.500,0,0,0,0
241.536,13859826608897719907,0,0.000,0.000,0.000,0,3920,0,27,27,27,27,70,70,70,70,70,70,70,70,110,22.000,22.000,24.500,24.500,0,0,0,0
241.550,13859826608897719907,0,0.000,0.000,0.000,0,3920,0,27,27,27,27,70,70,70,70,70,70,70,70,110,22.000,22.000,24.500,24.500,0,0,0,0
241.592,13859826608897719907,0,0.000,0.000,0.000,0,3920,0,27,27,27,27,70,70,70,70,70,70,70,70,110,22.000,22.000,24.500,24.500,0,0,0,0
241.605,13859826608897719907,0,0.000,0.000,0.000,0,3920,0,27,27,27,27,70,70,70,70,70,70,70,70,110,22.000,22.000,24.500,24.500,0,0,0,0
241.619,13859826608897719907,0,0.000,0.000,0.000,0,3920,0,27,27,27,27,70,70,70,70,70,70,70,70,110,22.000,22.000,24.500,24.500,0,0,0,0
241.661,13859826608897719907,0,0.000,0.000,0.000,0,3920,0,27,27,27,27,70,70,70,70,70,70,70,70,110,22.000,22.000,24.500,24.500,0,0,0,0
241.745,13859826608897719907,0,0.000,0.000,0.000,0,3920,0,27,27,27,27,70,70,70,70,70,70,70,70,110,22.000,22.000,24.500,24.500,0,0,0,0
241.830,13859826608897719907,0,0.000,0.000,0.000,0,3920,0,27,27,27,27,70,70,70,70,70,70,70,70,110,22.000,22.000,24.500,24.500,0,0,0,0
241.858,13859826608897719907,0,0.000,0.000,0.000,0,3920,0,27,27,27,27,70,70,70,70,70,70,70,70,110,22.000,22.000,24.500,24.500,0,0,0,0
241.872,13859826608897719907,0,0.000,0.000,0.000,0,3920,0,27,27,27,27,70,70,70,70,70,70,70,70,110,22.000,22.000,24.500,24.500,0,0,0,0
241.886,13859826608897719907,0,0.000,0.000,0.000,0,3920,0,27,27,27,27,70,70,70,70,70,70,70,70,110,22.000,22.000,24.500,24.500,0,0,0,0
241.900,13859826608897719907,0,0.000,0.000,0.000,0,3920,0,27,27,27,27,70,70,70,70,70,70,70,70,110,22.000,22.000,24.500,24.500,0,0,0,0
241.913,13859826608897719907,0,0.000,0.000,0.000,0,3920,0,27,27,27,27,70,70,70,70,70,70,70,70,110,22.000,22.000,24.500,24.500,0,0,0,0
241.941,13859826608897719907,0,0.000,0.000,0.000,0,3920,0,27,27,27,27,70,70,70,70,70,70,70,70,110,22.000,22.000,24.500,24.500,0,0,0,0
241.955,13859826608897719907,0,0.000,0.000,0.000,0,3920,0,27,27,27,27,70,70,70,70,70,70,70,70,110,22.000,22.000,24.500,24.500,0,0,0,0
241.969,13859826608897719907,0,0.000,0.000,0.000,0,3920,0,27,27,27,27,70,70,70,70,70,70,70,70,110,22.000,22.000,24.500,24.500,0,0,0,0
241.996,13859826608897719907,0,0.000,0.000,0.000,0,3920,0,27,27,27,27,70,70,70,70,70,70,70,70,110,22.000,22.000,24.500,24.500,0,0,0,0
242.010,13859826608897719907,0,0.000,0.000,0.000,0,3920,0,27,27,27,27,70,70,70,70,70,70,70,70,110,22.000,22.000,24.500,24.500,0,0,0,0
242.038,13859826608897719907,0,0.000,0.000,0.000,0,3920,0,27,27,27,27,70,70,70,70,70,70,70,70,110,22.000,22.000,24.500,24.500,0,0,0,0
242.051,13859826608897719907,0,0.000,0.000,0.000,0,3920,0,27,27,27,27,70,70,70,70,70,70,70,70,110,22.000,22.000,24.500,24.500,0,0,0,0
242.065,13859826608897719907,0,0.000,0.000,0.000,0,3920,0,27,27,27,27,70,70,70,70,70,70,70,70,110,22.000,22.000,24.500,24.500,0,0,0,0
242.079,13859826608897719907,0,0.000,0.000,0.000,0,3920,0,27,27,27,27,70,70,70,70,70,70,70,70,110,22.000,22.000,24.500,24.500,0,0,0,0
242.107,13859826608897719907,0,0.000,0.000,0.000,0,3920,0,27,27,27,27,70,70,70,70,70,70,70,70,110,22.000,22.000,24.500,24.500,0,0,0,0
242.121,13859826608897719907,0,0.000,0.000,0.000,0,3920,0,27,27,27,27,70,70,70,70,70,70,70,70,110,22.000,22.000,24.500,24.500,0,0,0,0
242.134,13859826608897719907,0,0.000,0.000,0.000,0,3920,0,27,27,27,27,70,70,70,70,70,70,70,70,110,22.000,22.000,24.500,24.500,0,0,0,0
242.148,13859826608897719907,0,0.000,0.000,0.000,0,3920,0,27,27,27,27,70,70,70,70,70,70,70,70,110,22.000,22.000,24.500,24.500,0,0,0,0
242.162,13859826608897719907,0,0.000,0.000,0.000,0,3920,0,27,27,27,27,70,70,70,70,70,70,70,70,110,22.000,22.000,24.500,24.500,0,0,0,0
242.190,13859826608897719907,0,0.000,0.000,0.000,0,3920,0,27,27,27,27,70,70,70,70,70,70,70,70,110,22.000,22.000,24.500,24.500,0,0,0,0
242.204,13859826608897719907,0,0.000,0.000,0.000,0,3920,0,27,27,27,27,70,70,70,70,70,70,70,70,110,22.000,22.000,24.500,24.500,0,0,0,0
242.218,13859826608897719907,0,0.000,0.000,0.000,0,3920,0,27,27,27,27,70,70,70,70,70,70,70,70,110,22.000,22.000,24.500,24.500,0,0,0,0
242.232,13859826608897719907,0,0.000,0.000,0.000,0,3920,0,27,27,27,27,70,70,70,70,70,70,70,70,110,22.000,22.000,24.500,24.500,0,0,0,0
242.246,13859826608897719907,0,0.000,0.000,0.000,0,3920,0,27,27,27,27,70,70,70,70,70,70,70,70,110,22.000,22.000,24.500,24.500,0,0,0,0
242.274,13859826608897719907,0,0.000,0.000,0.000,0,3920,0,27,27,27,27,70,70,70,70,70,70,70,70,110,22.000,22.000,24.500,24.500,0,0,0,0
242.288,13859826608897719907,0,0.000,0.000,0.000,0,3920,0,27,27,27,27,70,70,70,70,70,70,70,70,110,22.000,22.000,24.500,24.500,0,0,0,0
242.302,13859826608897719907,0,0.000,0.000,0.000,0,3920,0,27,27,27,27,70,70,70,70,70,70,70,70,110,22.000,22.000,24.500,24.500,0,0,0,0
242.316,13859826608897719907,0,0.000,0.000,0.000,0,3920,0,27,27,27,27,70,70,70,70,70,70,70,70,110,22.000,22.000,24.500,24.500,0,0,0,0
242.330,13859826608897719907,0,0.000,0.000,0.000,0,3920,0,27,27,27,27,70,70,70,70,70,70,70,70,110,22.000,22.000,24.500,24.500,0,0,0,0
242.344,13859826608897719907,0,0.000,0.000,0.000,0,3920,0,27,27,27,27,70,70,70,70,70,70,70,70,110,22.000,22.000,24.500,24.500,0,0,0,0
242.371,13859826608897719907,0,0.000,0.000,0.000,0,3920,0,27,27,27,27,70,70,70,70,70,70,70,70,110,22.000,22.000,24.500,24.500,0,0,0,0
242.385,13859826608897719907,0,0.000,0.000,0.000,0,3920,0,27,27,27,27,70,70,70,70,70,70,70,70,110,22.000,22.000,24.500,24.500,0,0,0,0
242.399,13859826608897719907,0,0.000,0.000,0.000,0,3920,0,27,27,27,27,70,70,70,70,70,70,70,70,110,22.000,22.000,24.500,24.500,0,0,0,0
242.426,13859826608897719907,0,0.000,0.000,0.000,0,3920,0,27,27,27,27,70,70,70,70,70,70,70,70,110,22.000,22.000,24.500,24.500,0,0,0,0
242.440,13859826608897719907,0,0.000,0.000,0.000,0,3920,0,27,27,27,27,70,70,70,70,70,70,70,70,110,22.000,22.000,24.500,24.500,0,0,0,0
242.454,13859826608897719907,0,0.000,0.000,0.000,0,3920,0,27,27,27,27,70,70,70,70,70,70,70,70,110,22.000,22.000,24.500,24.500,0,0,0,0
242.468,13859826608897719907,0,0.000,0.000,0.000,0,3920,0,27,27,27,27,70,70,70,70,70,70,70,70,110,22.000,22.000,24.500,24.500,0,0,0,0
242.482,13859826608897719907,0,0.000,0.000,0.000,0,3920,0,27,27,27,27,70,70,70,70,70,70,70,70,110,22.000,22.000,24.500,24.500,0,0,0,0
242.509,13859826608897719907,0,0.000,0.000,0.000,0,3920,0,27,27,27,27,70,70,70,70,70,70,70,70,110,22.000,22.000,24.500,24.500,0,0,0,0
242.523,13859826608897719907,0,0.000,0.000,0.000,0,3920,0,27,27,27,27,70,70,70,70,70,70,70,70,110,22.000,22.000,24.500,24.500,0,0,0,0
242.537,13859826608897719907,0,0.000,0.000,0.000,0,3920,0,27,27,27,27,70,70,70,70,70,70,70,70,110,22.000,22.000,24.500,24.500,0,0,0,0
242.550,13859826608897719907,0,0.000,0.000,0.000,0,3920,0,27,27,27,27,70,70,70,70,70,70,70,70,110,22.000,22.000,24.500,24.500,0,0,0,0
242.564,13859826608897719907,0,0.000,0.000,0.000,0,3920,0,27,27,27,27,70,70,70,70,70,70,70,70,110,22.000,22.000,24.500,24.500,0,0,0,0
242.578,13859826608897719907,0,0.000,0.000,0.000,0,3920,0,27,27,27,27,70,70,70,70,70,70,70,70,110,22.000,22.000,24.500,24.500,0,0,0,0
242.593,13859826608897719907,0,0.000,0.000,0.000,0,3920,0,27,27,27,27,70,70,70,70,70,70,70,70,110,22.000,22.000,24.500,24.500,0,0,0,0
242.607,13859826608897719907,0,0.000,0.000,0.000,0,3920,0,27,27,27,27,70,70,70,70,70,70,70,70,110,22.000,22.000,24.500,24.500,0,0,0,0
242.636,13859826608897719907,0,0.000,0.000,0.000,0,3920,0,27,27,27,27,70,70,70,70,70,70,70,70,110,22.000,22.000,24.500,24.500,0,0,0,0
242.651,13859826608897719907,0,0.000,0.000,0.000,0,3920,0,27,27,27,27,70,70,70,70,70,70,70,70,110,22.000,22.000,24.500,24.500,0,0,0,0
242.665,13859826608897719907,0,0.000,0.000,0.000,0,3920,0,27,27,27,27,70,70,70,70,70,70,70,70,110,22.000,22.000,24.500,24.500,0,0,0,0
242.680,13859826608897719907,0,0.000,0.000,0.000,0,3920,0,27,27,27,27,70,70,70,70,70,70,70,70,110,22.000,22.000,24.500,24.500,0,0,0,0
242.695,13859826608897719907,0,0.000,0.000,0.000,0,3920,0,27,27,27,27,70,70,70,70,70,70,70,70,110,22.000,22.000,24.500,24.500,0,0,0,0
242.710,13859826608897719907,0,0.000,0.000,0.000,0,3920,0,27,27,27,27,70,70,70,70,70,70,70,70,110,22.000,22.000,24.500,24.500,0,0,0,0
242.726,13859826608897719907,0,0.000,0.000,0.000,0,3920,0,27,27,27,27,70,70,70,70,70,70,70,70,110,22.000,22.000,24.500,24.500,0,0,0,0
242.742,13859826608897719907,0,0.000,0.000,0.000,0,3920,0,27,27,27,27,70,70,70,70,70,70,70,70,110,22.000,22.000,24.500,24.500,0,0,0,0
242.803,13859826608897719907,0,0.000,0.000,0.000,0,3920,0,27,27,27,27,70,70,70,70,70,70,70,70,110,22.000,22.000,24.500,24.500,0,0,0,0
242.848,13859826608897719907,0,0.000,0.000,0.000,0,3920,0,27,27,27,27,70,70,70,70,70,70,70,70,110,22.000,22.000,24.500,24.500,0,0,0,0
242.863,13859826608897719907,0,0.000,0.000,0.000,0,3920,0,27,27,27,27,70,70,70,70,70,70,70,70,110,22.000,22.000,24.500,24.500,0,0,0,0
242.879,13859826608897719907,0,0.000,0.000,0.000,0,3920,0,27,27,27,27,70,70,70,70,70,70,70,70,110,22.000,22.000,24.500,24.500,0,0,0,0
242.894,13859826608897719907,0,0.000,0.000,0.000,0,3920,0,27,27,27,27,70,70,70,70,70,70,70,70,110,22.000,22.000,24.500,24.500,0,0,0,0
242.909,13859826608897719907,0,0.000,0.000,0.000,0,3920,0,27,27,27,27,70,70,70,70,70,70,70,70,110,22.000,22.000,24.500,24.500,0,0,0,0
242.939,13859826608897719907,0,0.000,0.000,0.000,0,3920,0,27,27,27,27,70,70,70,70,70,70,70,70,110,22.000,22.000,24.500,24.500,0,0,0,0
242.954,13859826608897719907,0,0.000,0.000,0.000,0,3920,0,27,27,27,27,70,70,70,70,70,70,70,70,110,22.000,22.000,24.500,24.500,0,0,0,0
242.969,13859826608897719907,0,0.000,0.000,0.000,0,3920,0,27,27,27,27,70,70,70,70,70,70,70,70,110,22.000,22.000,24.500,24.500,0,0,0,0
242.984,13859826608897719907,0,0.000,0.000,0.000,0,3920,0,27,27,27,27,70,70,70,70,70,70,70,70,110,22.000,22.000,24.500,24.500,0,0,0,0
243.000,13859826608897719907,0,0.000,0.000,0.000,0,3920,0,27,27,27,27,70,70,70,70,70,70,70,70,110,22.000,22.000,24.500,24.500,0,0,0,0
243.015,13859826608897719907,0,0.000,0.000,0.000,0,3920,0,27,27,27,27,70,70,70,70,70,70,70,70,110,22.000,22.000,24.500,24.500,0,0,0,0
243.030,13859826608897719907,0,0.000,0.000,0.000,0,3920,0,27,27,27,27,70,70,70,70,70,70,70,70,110,22.000,22.000,24.500,24.500,0,0,0,0
243.045,13859826608897719907,0,0.000,0.000,0.000,0,3920,0,27,27,27,27,70,70,70,70,70,70,70,70,110,22.000,22.000,24.500,24.500,0,0,0,0
243.061,13859826608897719907,0,0.000,0.000,0.000,0,3920,0,27,27,27,27,70,70,70,70,70,70,70,70,110,22.000,22.000,24.500,24.500,0,0,0,0
243.076,13859826608897719907,0,0.000,0.000,0.000,0,3920,0,27,27,27,27,70,70,70,70,70,70,70,70,110,22.000,22.000,24.500,24.500,0,0,0,0
243.091,13859826608897719907,0,0.000,0.000,0.000,0,3920,0,27,27,27,27,70,70,70,70,70,70,70,70,110,22.000,22.000,24.500,24.500,0,0,0,0
243.122,13859826608897719907,0,0.000,0.000,0.000,0,3920,0,27,27,27,27,70,70,70,70,70,70,70,70,110,22.000,22.000,24.500,24.500,0,0,0,0
243.137,13859826608897719907,0,0.000,0.000,0.000,0,3920,0,27,27,27,27,70,70,70,70,70,70,70,70,110,22.000,22.000,24.500,24.500,0,0,0,0
243.153,13859826608897719907,0,0.000,0.000,0.000,0,3920,0,27,27,27,27,70,70,70,70,70,70,70,70,110,22.000,22.000,24.500,24.500,0,0,0,0
243.168,13859826608897719907,0,0.000,0.000,0.000,0,3920,0,27,27,27,27,70,70,70,70,70,70,70,70,110,22.000,22.000,24.500,24.500,0,0,0,0
243.183,13859826608897719907,0,0.000,0.000,0.000,0,3920,0,27,27,27,27,70,70,70,70,70,70,70,70,110,22.000,22.000,24.500,24.500,0,0,0,0
243.199,13859826608897719907,0,0.000,0.000,0.000,0,3920,0,27,27,27,27,70,70,70,70,70,70,70,70,110,22.000,22.000,24.500,24.500,0,0,0,0
243.214,13859826608897719907,0,0.000,0.000,0.000,0,3920,0,27,27,27,27,70,70,70,70,70,70,70,70,110,22.000,22.000,24.500,24.500,0,0,0,0
243.230,13859826608897719907,0,0.000,0.000,0.000,0,3920,0,27,27,27,27,70,70,70,70,70,70,70,70,110,22.000,22.000,24.500,24.500,0,0,0,0
243.245,13859826608897719907,0,0.000,0.000,0.000,0,3920,0,27,27,27,27,70,70,70,70,70,70,70,70,110,22.000,22.000,24.500,24.500,0,0,0,0
243.261,13859826608897719907,0,0.000,0.000,0.000,0,3920,0,27,27,27,27,70,70,70,70,70,70,70,70,110,22.000,22.000,24.500,24.500,0,0,0,0
243.276,13859826608897719907,0,0.000,0.000,0.000,0,3920,0,27,27,27,27,70,70,70,70,70,70,70,70,110,22.000,22.000,24.500,24.500,0,0,0,0
243.291,13859826608897719907,0,0.000,0.000,0.000,0,3920,0,27,27,27,27,70,70,70,70,70,70,70,70,110,22.000,22.000,24.500,24.500,0,0,0,0
243.307,13859826608897719907,0,0.000,0.000,0.000,0,3920,0,27,27,27,27,70,70,70,70,70,70,70,70,110,22.000,22.000,24.500,24.500,0,0,0,0
243.337,13859826608897719907,0,0.000,0.000,0.000,0,3920,0,27,27,27,27,70,70,70,70,70,70,70,70,110,22.000,22.000,24.500,24.500,0,0,0,0
243.352,13859826608897719907,0,0.000,0.000,0.000,0,3920,0,27,27,27,27,70,70,70,70,70,70,70,70,110,22.000,22.000,24.500,24.500,0,0,0,0
243.367,13859826608897719907,0,0.000,0.000,0.000,0,3920,0,27,27,27,27,70,70,70,70,70,70,70,70,110,22.000,22.000,24.500,24.500,0,0,0,0
243.382,13859826608897719907,0,0.000,0.000,0.000,0,3920,0,27,27,27,27,70,70,70,70,70,70,70,70,110,22.000,22.000,24.500,24.500,0,0,0,0
243.397,13859826608897719907,0,0.000,0.000,0.000,0,3920,0,27,27,27,27,70,70,70,70,70,70,70,70,110,22.000,22.000,24.500,24.500,0,0,0,0
243.412,13859826608897719907,0,0.000,0.000,0.000,0,3920,0,27,27,27,27,70,70,70,70,70,70,70,70,110,22.000,22.000,24.500,24.500,0,0,0,0
243.428,13859826608897719907,0,0.000,0.000,0.000,0,3920,0,27,27,27,27,70,70,70,70,70,70,70,70,110,22.000,22.000,24.500,24.500,0,0,0,0
243.443,13859826608897719907,0,0.000,0.000,0.000,0,3920,0,27,27,27,27,70,70,70,70,70,70,70,70,110,22.000,22.000,24.500,24.500,0,0,0,0
243.458,13859826608897719907,0,0.000,0.000,0.000,0,3920,0,27,27,27,27,70,70,70,70,70,70,70,70,110,22.000,22.000,24.500,24.500,0,0,0,0
243.488,13859826608897719907,0,0.000,0.000,0.000,0,3920,0,27,27,27,27,70,70,70,70,70,70,70,70,110,22.000,22.000,24.500,24.500,0,0,0,0
243.503,13859826608897719907,0,0.000,0.000,0.000,0,3920,0,27,27,27,27,70,70,70,70,70,70,70,70,110,22.000,22.000,24.500,24.500,0,0,0,0
243.518,13859826608897719907,0,0.000,0.000,0.000,0,3920,0,27,27,27,27,70,70,70,70,70,70,70,70,110,22.000,22.000,24.500,24.500,0,0,0,0
243.533,13859826608897719907,0,0.000,0.000,0.000,0,3920,0,27,27,27,27,70,70,70,70,70,70,70,70,110,22.000,22.000,24.500,24.500,0,0,0,0
243.549,13859826608897719907,0,0.000,0.000,0.000,0,3920,0,27,27,27,27,70,70,70,70,70,70,70,70,110,22.000,22.000,24.500,24.500,0,0,0,0
243.564,13859826608897719907,0,0.000,0.000,0.000,0,3920,0,27,27,27,27,70,70,70,70,70,70,70,70,110,22.000,22.000,24.500,24.500,0,0,0,0
243.579,13859826608897719907,0,0.000,0.000,0.000,0,3920,0,27,27,27,27,70,70,70,70,70,70,70,70,110,22.000,22.000,24.500,24.500,0,0,0,0
243.594,13859826608897719907,0,0.000,0.000,0.000,0,3920,0,27,27,27,27,70,70,70,70,70,70,70,70,110,22.000,22.000,24.500,24.500,0,0,0,0
243.610,13859826608897719907,0,0.000,0.000,0.000,0,3920,0,27,27,27,27,70,70,70,70,70,70,70,70,110,22.000,22.000,24.500,24.500,0,0,0,0
243.625,13859826608897719907,0,0.000,0.000,0.000,0,3920,0,27,27,27,27,70,70,70,70,70,70,70,70,110,22.000,22.000,24.500,24.500,0,0,0,0
243.655,13859826608897719907,0,0.000,0.000,0.000,0,3920,0,27,27,27,27,70,70,70,70,70,70,70,70,110,22.000,22.000,24.500,24.500,0,0,0,0
243.670,13859826608897719907,0,0.000,0.000,0.000,0,3920,0,27,27,27,27,70,70,70,70,70,70,70,70,110,22.000,22.000,24.500,24.500,0,0,0,0
243.685,13859826608897719907,0,0.000,0.000,0.000,0,3920,0,27,27,27,27,70,70,70,70,70,70,70,70,110,22.000,22.000,24.500,24.500,0,0,0,0
243.700,13859826608897719907,0,0.000,0.000,0.000,0,3920,0,27,27,27,27,70,70,70,70,70,70,70,70,110,22.000,22.000,24.500,24.500,0,0,0,0
243.716,13859826608897719907,0,0.000,0.000,0.000,0,3920,0,27,27,27,27,70,70,70,70,70,70,70,70,110,22.000,22.000,24.500,24.500,0,0,0,0
243.730,13859826608897719907,0,0.000,0.000,0.000,0,3920,0,27,27,27,27,70,70,70,70,70,70,70,70,110,22.000,22.000,24.500,24.500,0,0,0,0
243.745,13859826608897719907,0,0.000,0.000,0.000,0,3920,0,27,27,27,27,70,70,70,70,70,70,70,70,110,22.000,22.000,24.500,24.500,0,0,0,0
243.760,13859826608897719907,0,0.000,0.000,0.000,0,3920,0,27,27,27,27,70,70,70,70,70,70,70,70,110,22.000,22.000,24.500,24.500,0,0,0,0
243.776,13859826608897719907,0,0.000,0.000,0.000,0,3920,0,27,27,27,27,70,70,70,70,70,70,70,70,110,22.000,22.000,24.500,24.500,0,0,0,0
243.805,13859826608897719907,0,0.000,0.000,0.000,0,3920,0,27,27,27,27,70,70,70,70,70,70,70,70,110,22.000,22.000,24.500,24.500,0,0,0,0
243.820,13859826608897719907,0,0.000,0.000,0.000,0,3920,0,27,27,27,27,70,70,70,70,70,70,70,70,110,22.000,22.000,24.500,24.500,0,0,0,0
243.835,13859826608897719907,0,0.000,0.000,0.000,0,3920,0,27,27,27,27,70,70,70,70,70,70,70,70,110,22.000,22.000,24.500,24.500,0,0,0,0
243.850,13859826608897719907,0,0.000,0.000,0.000,0,3920,0,27,27,27,27,70,70,70,70,70,70,70,70,110,22.000,22.000,24.500,24.500,0,0,0,0
243.865,13859826608897719907,0,0.000,0.000,0.000,0,3920,0,27,27,27,27,70,70,70,70,70,70,70,70,110,22.000,22.000,24.500,24.500,0,0,0,0
243.880,13859826608897719907,0,0.000,0.000,0.000,0,3920,0,27,27,27,27,70,70,70,70,70,70,70,70,110,22.000,22.000,24.500,24.500,0,0,0,0
243.894,13859826608897719907,0,0.000,0.000,0.000,0,3920,0,27,27,27,27,70,70,70,70,70,70,70,70,110,22.000,22.000,24.500,24.500,0,0,0,0
243.909,13859826608897719907,0,0.000,0.000,0.000,0,3920,0,27,27,27,27,70,70,70,70,70,70,70,70,110,22.000,22.000,24.500,24.500,0,0,0,0
243.968,13859826608897719907,0,0.000,0.000,0.000,0,3920,0,27,27,27,27,70,70,70,70,70,70,70,70,110,22.000,22.000,24.500,24.500,0,0,0,0
243.983,13859826608897719907,0,0.000,0.000,0.000,0,3920,0,27,27,27,27,70,70,70,70,70,70,70,70,110,22.000,22.000,24.500,24.500,0,0,0,0
243.998,13859826608897719907,0,0.000,0.000,0.000,0,3920,0,27,27,27,27,70,70,70,70,70,70,70,70,110,22.000,22.000,24.500,24.500,0,0,0,0
244.012,13859826608897719907,0,0.000,0.000,0.000,0,3920,0,27,27,27,27,70,70,70,70,70,70,70,70,110,22.000,22.000,24.500,24.500,0,0,0,0
244.027,13859826608897719907,0,0.000,0.000,0.000,0,3920,0,27,27,27,27,70,70,70,70,70,70,70,70,110,22.000,22.000,24.500,24.500,0,0,0,0
244.056,13859826608897719907,0,0.000,0.000,0.000,0,3920,0,27,27,27,27,70,70,70,70,70,70,70,70,110,22.000,22.000,24.500,24.500,0,0,0,0
244.071,13859826608897719907,0,0.000,0.000,0.000,0,3920,0,27,27,27,27,70,70,70,70,70,70,70,70,110,22.000,22.000,24.500,24.500,0,0,0,0
244.086,13859826608897719907,0,0.000,0.000,0.000,0,3920,0,27,27,27,27,70,70,70,70,70,70,70,70,110,22.000,22.000,24.500,24.500,0,0,0,0
244.101,13859826608897719907,0,0.000,0.000,0.000,0,3920,0,27,27,27,27,70,70,70,70,70,70,70,70,110,22.000,22.000,24.500,24.500,0,0,0,0
244.116,13859826608897719907,0,0.000,0.000,0.000,0,3920,0,27,27,27,27,70,70,70,70,70,70,70,70,110,22.000,22.000,24.500,24.500,0,0,0,0
244.130,13859826608897719907,0,0.000,0.000,0.000,0,3920,0,27,27,27,27,70,70,70,70,70,70,70,70,110,22.000,22.000,24.500,24.500,0,0,0,0
244.145,13859826608897719907,0,0.000,0.000,0.000,0,3920,0,27,27,27,27,70,70,70,70,70,70,70,70,110,22.000,22.000,24.500,24.500,0,0,0,0
244.221,13859826608897719907,0,0.000,0.000,0.000,0,3920,0,27,27,27,27,70,70,70,70,70,70,70,70,110,22.000,22.000,24.500,24.500,0,0,0,0
244.237,13859826608897719907,0,0.000,0.000,0.000,0,3920,0,27,27,27,27,70,70,70,70,70,70,70,70,110,22.000,22.000,24.500,24.500,0,0,0,0
244.252,13859826608897719907,0,0.000,0.000,0.000,0,3920,0,27,27,27,27,70,70,70,70,70,70,70,70,110,22.000,22.000,24.500,24.500,0,0,0,0
244.268,13859826608897719907,0,0.000,0.000,0.000,0,3920,0,27,27,27,27,70,70,70,70,70,70,70,70,110,22.000,22.000,24.500,24.500,0,0,0,0
244.283,13859826608897719907,0,0.000,0.000,0.000,0,3920,0,27,27,27,27,70,70,70,70,70,70,70,70,110,22.000,22.000,24.500,24.500,0,0,0,0
244.298,13859826608897719907,0,0.000,0.000,0.000,0,3920,0,27,27,27,27,70,70,70,70,70,70,70,70,110,22.000,22.000,24.500,24.500,0,0,0,0
244.313,13859826608897719907,0,0.000,0.000,0.000,0,3920,0,27,27,27,27,70,70,70,70,70,70,70,70,110,22.000,22.000,24.500,24.500,0,0,0,0
244.342,13859826608897719907,0,0.000,0.000,0.000,0,3920,0,27,27,27,27,70,70,70,70,70,70,70,70,110,22.000,22.000,24.500,24.500,0,0,0,0
244.371,13859826608897719907,0,0.000,0.000,0.000,0,3920,0,27,27,27,27,70,70,70,70,70,70,70,70,110,22.000,22.000,24.500,24.500,0,0,0,0
244.386,13859826608897719907,0,0.000,0.000,0.000,0,3920,0,27,27,27,27,70,70,70,70,70,70,70,70,110,22.000,22.000,24.500,24.500,0,0,0,0
244.400,13859826608897719907,0,0.000,0.000,0.000,0,3920,0,27,27,27,27,70,70,70,70,70,70,70,70,110,22.000,22.000,24.500,24.500,0,0,0,0
244.415,13859826608897719907,0,0.000,0.000,0.000,0,3920,0,27,27,27,27,70,70,70,70,70,70,70,70,110,22.000,22.000,24.500,24.500,0,0,0,0
244.430,13859826608897719907,0,0.000,0.000,0.000,0,3920,0,27,27,27,27,70,70,70,70,70,70,70,70,110,22.000,22.000,24.500,24.500,0,0,0,0
244.444,13859826608897719907,0,0.000,0.000,0.000,0,3920,0,27,27,27,27,70,70,70,70,70,70,70,70,110,22.000,22.000,24.500,24.500,0,0,0,0
244.459,13859826608897719907,0,0.000,0.000,0.000,0,3920,0,27,27,27,27,70,70,70,70,70,70,70,70,110,22.000,22.000,24.500,24.500,0,0,0,0
244.488,13859826608897719907,0,0.000,0.000,0.000,0,3920,0,27,27,27,27,70,70,70,70,70,70,70,70,110,22.000,22.000,24.500,24.500,0,0,0,0
244.503,13859826608897719907,0,0.000,0.000,0.000,0,3920,0,27,27,27,27,70,70,70,70,70,70,70,70,110,22.000,22.000,24.500,24.500,0,0,0,0
244.518,13859826608897719907,0,0.000,0.000,0.000,0,3920,0,27,27,27,27,70,70,70,70,70,70,70,70,110,22.000,22.000,24.500,24.500,0,0,0,0
244.533,13859826608897719907,0,0.000,0.000,0.000,0,3920,0,27,27,27,27,70,70,70,70,70,70,70,70,110,22.000,22.000,24.500,24.500,0,0,0,0
244.547,13859826608897719907,0,0.000,0.000,0.000,0,3920,0,27,27,27,27,70,70,70,70,70,70,70,70,110,22.000,22.000,24.500,24.500,0,0,0,0
244.562,13859826608897719907,0,0.000,0.000,0.000,0,3920,0,27,27,27,27,70,70,70,70,70,70,70,70,110,22.000,22.000,24.500,24.500,0,0,0,0
244.577,13859826608897719907,0,0.000,0.000,0.000,0,3920,0,27,27,27,27,70,70,70,70,70,70,70,70,110,22.000,22.000,24.500,24.500,0,0,0,0
244.592,13859826608897719907,0,0.000,0.000,0.000,0,3920,0,27,27,27,27,70,70,70,70,70,70,70,70,110,22.000,22.000,24.500,24.500,0,0,0,0
244.621,13859826608897719907,0,0.000,0.000,0.000,0,3920,0,27,27,27,27,70,70,70,70,70,70,70,70,110,22.000,22.000,24.500,24.500,0,0,0,0
244.636,13859826608897719907,0,0.000,0.000,0.000,0,3920,0,27,27,27,27,70,70,70,70,70,70,70,70,110,22.000,22.000,24.500,24.500,0,0,0,0
244.650,13859826608897719907,0,0.000,0.000,0.000,0,3920,0,27,27,27,27,70,70,70,70,70,70,70,70,110,22.000,22.000,24.500,24.500,0,0,0,0
244.665,13859826608897719907,0,0.000,0.000,0.000,0,3920,0,27,27,27,27,70,70,70,70,70,70,70,70,110,22.000,22.000,24.500,24.500,0,0,0,0
244.680,13859826608897719907,0,0.000,0.000,0.000,0,3920,0,27,27,27,27,70,70,70,70,70,70,70,70,110,22.000,22.000,24.500,24.500,0,0,0,0
244.695,13859826608897719907,0,0.000,0.000,0.000,0,3920,0,27,27,27,27,70,70,70,70,70,70,70,70,110,22.000,22.000,24.500,24.500,0,0,0,0
244.709,13859826608897719907,0,0.000,0.000,0.000,0,3920,0,27,27,27,27,70,70,70,70,70,70,70,70,110,22.000,22.000,24.500,24.500,0,0,0,0
244.738,13859826608897719907,0,0.000,0.000,0.000,0,3920,0,27,27,27,27,70,70,70,70,70,70,70,70,110,22.000,22.000,24.500,24.500,0,0,0,0
244.753,13859826608897719907,0,0.000,0.000,0.000,0,3920,0,27,27,27,27,70,70,70,70,70,70,70,70,110,22.000,22.000,24.500,24.500,0,0,0,0
244.768,13859826608897719907,0,0.000,0.000,0.000,0,3920,0,27,27,27,27,70,70,70,70,70,70,70,70,110,22.000,22.000,24.500,24.500,0,0,0,0
244.782,13859826608897719907,0,0.000,0.000,0.000,0,3920,0,27,27,27,27,70,70,70,70,70,70,70,70,110,22.000,22.000,24.500,24.500,0,0,0,0
244.797,13859826608897719907,0,0.000,0.000,0.000,0,3920,0,27,27,27,27,70,70,70,70,70,70,70,70,110,22.000,22.000,24.500,24.500,0,0,0,0
244.812,13859826608897719907,0,0.000,0.000,0.000,0,3920,0,27,27,27,27,70,70,70,70,70,70,70,70,110,22.000,22.000,24.500,24.500,0,0,0,0
244.828,13859826608897719907,0,0.000,0.000,0.000,0,3920,0,27,27,27,27,70,70,70,70,70,70,70,70,110,22.000,22.000,24.500,24.500,0,0,0,0
244.843,13859826608897719907,0,0.000,0.000,0.000,0,3920,0,27,27,27,27,70,70,70,70,70,70,70,70,110,22.000,22.000,24.500,24.500,0,0,0,0
244.858,13859826608897719907,0,0.000,0.000,0.000,0,3920,0,27,27,27,27,70,70,70,70,70,70,70,70,110,22.000,22.000,24.500,24.500,0,0,0,0
244.888,13859826608897719907,0,0.000,0.000,0.000,0,3920,0,27,27,27,27,70,70,70,70,70,70,70,70,110,22.000,22.000,24.500,24.500,0,0,0,0
244.903,13859826608897719907,0,0.000,0.000,0.000,0,3920,0,27,27,27,27,70,70,70,70,70,70,70,70,110,22.000,22.000,24.500,24.500,0,0,0,0
244.918,13859826608897719907,0,0.000,0.000,0.000,0,3920,0,27,27,27,27,70,70,70,70,70,70,70,70,110,22.000,22.000,24.500,24.500,0,0,0,0
244.933,13859826608897719907,0,0.000,0.000,0.000,0,3920,0,27,27,27,27,70,70,70,70,70,70,70,70,110,22.000,22.000,24.500,24.500,0,0,0,0
244.948,13859826608897719907,0,0.000,0.000,0.000,0,3920,0,27,27,27,27,70,70,70,70,70,70,70,70,110,22.000,22.000,24.500,24.500,0,0,0,0
244.963,13859826608897719907,0,0.000,0.000,0.000,0,3920,0,27,27,27,27,70,70,70,70,70,70,70,70,110,22.000,22.000,24.500,24.500,0,0,0,0
244.978,13859826608897719907,0,0.000,0.000,0.000,0,3920,0,27,27,27,27,70,70,70,70,70,70,70,70,110,22.000,22.000,24.500,24.500,0,0,0,0
244.993,13859826608897719907,0,0.000,0.000,0.000,0,3920,0,27,27,27,27,70,70,70,70,70,70,70,70,110,22.000,22.000,24.500,24.500,0,0,0,0
245.023,13859826608897719907,0,0.000,0.000,0.000,0,3920,0,27,27,27,27,70,70,70,70,70,70,70,70,110,22.000,22.000,24.500,24.500,0,0,0,0
245.038,13859826608897719907,0,0.000,0.000,0.000,0,3920,0,27,27,27,27,70,70,70,70,70,70,70,70,110,22.000,22.000,24.500,24.500,0,0,0,0
245.053,13859826608897719907,0,0.000,0.000,0.000,0,3920,0,27,27,27,27,70,70,70,70,70,70,70,70,110,22.000,22.000,24.500,24.500,0,0,0,0
245.068,13859826608897719907,0,0.000,0.000,0.000,0,3920,0,27,27,27,27,70,70,70,70,70,70,70,70,110,22.000,22.000,24.500,24.500,0,0,0,0
245.083,13859826608897719907,0,0.000,0.000,0.000,0,3920,0,27,27,27,27,70,70,70,70,70,70,70,70,110,22.000,22.000,24.500,24.500,0,0,0,0
245.098,13859826608897719907,0,0.000,0.000,0.000,0,3920,0,27,27,27,27,70,70,70,70,70,70,70,70,110,22.000,22.000,24.500,24.500,0,0,0,0
245.113,13859826608897719907,0,0.000,0.000,0.000,0,3920,0,27,27,27,27,70,70,70,70,70,70,70,70,110,22.000,22.000,24.500,24.500,0,0,0,0
245.128,13859826608897719907,0,0.000,0.000,0.000,0,3920,0,27,27,27,27,70,70,70,70,70,70,70,70,110,22.000,22.000,24.500,24.500,0,0,0,0
245.143,13859826608897719907,0,0.000,0.000,0.000,0,3920,0,27,27,27,27,70,70,70,70,70,70,70,70,110,22.000,22.000,24.500,24.500,0,0,0,0
245.158,13859826608897719907,0,0.000,0.000,0.000,0,3920,0,27,27,27,27,70,70,70,70,70,70,70,70,110,22.000,22.000,24.500,24.500,0,0,0,0
245.187,13859826608897719907,0,0.000,0.000,0.000,0,3920,0,27,27,27,27,70,70,70,70,70,70,70,70,110,22.000,22.000,24.500,24.500,0,0,0,0
245.202,13859826608897719907,0,0.000,0.000,0.000,0,3920,0,27,27,27,27,70,70,70,70,70,70,70,70,110,22.000,22.000,24.500,24.500,0,0,0,0
245.217,13859826608897719907,0,0.000,0.000,0.000,0,3920,0,27,27,27,27,70,70,70,70,70,70,70,70,110,22.000,22.000,24.500,24.500,0,0,0,0
245.232,13859826608897719907,0,0.000,0.000,0.000,0,3920,0,27,27,27,27,70,70,70,70,70,70,70,70,110,22.000,22.000,24.500,24.500,0,0,0,0
245.247,13859826608897719907,0,0.000,0.000,0.000,0,3920,0,27,27,27,27,70,70,70,70,70,70,70,70,110,22.000,22.000,24.500,24.500,0,0,0,0
245.262,13859826608897719907,0,0.000,0.000,0.000,0,3920,0,27,27,27,27,70,70,70,70,70,70,70,70,110,22.000,22.000,24.500,24.500,0,0,0,0
245.277,13859826608897719907,0,0.000,0.000,0.000,0,3920,0,27,27,27,27,70,70,70,70,70,70,70,70,110,22.000,22.000,24.500,24.500,0,0,0,0
245.292,13859826608897719907,0,0.000,0.000,0.000,0,3920,0,27,27,27,27,70,70,70,70,70,70,70,70,110,22.000,22.000,24.500,24.500,0,0,0,0
245.321,13859826608897719907,0,0.000,0.000,0.000,0,3920,0,27,27,27,27,70,70,70,70,70,70,70,70,110,22.000,22.000,24.500,24.500,0,0,0,0
245.336,13859826608897719907,0,0.000,0.000,0.000,0,3920,0,27,27,27,27,70,70,70,70,70,70,70,70,110,22.000,22.000,24.500,24.500,0,0,0,0
245.351,13859826608897719907,0,0.000,0.000,0.000,0,3920,0,27,27,27,27,70,70,70,70,70,70,70,70,110,22.000,22.000,24.500,24.500,0,0,0,0
245.366,13859826608897719907,0,0.000,0.000,0.000,0,3920,0,27,27,27,27,70,70,70,70,70,70,70,70,110,22.000,22.000,24.500,24.500,0,0,0,0
245.381,13859826608897719907,0,0.000,0.000,0.000,0,3920,0,27,27,27,27,70,70,70,70,70,70,70,70,110,22.000,22.000,24.500,24.500,0,0,0,0
245.396,13859826608897719907,0,0.000,0.000,0.000,0,3920,0,27,27,27,27,70,70,70,70,70,70,70,70,110,22.000,22.000,24.500,24.500,0,0,0,0
245.410,13859826608897719907,0,0.000,0.000,0.000,0,3920,0,27,27,27,27,70,70,70,70,70,70,70,70,110,22.000,22.000,24.500,24.500,0,0,0,0
245.425,13859826608897719907,0,0.000,0.000,0.000,0,3920,0,27,27,27,27,70,70,70,70,70,70,70,70,110,22.000,22.000,24.500,24.500,0,0,0,0
245.455,13859826608897719907,0,0.000,0.000,0.000,0,3920,0,27,27,27,27,70,70,70,70,70,70,70,70,110,22.000,22.000,24.500,24.500,0,0,0,0
245.470,13859826608897719907,0,0.000,0.000,0.000,0,3920,0,27,27,27,27,70,70,70,70,70,70,70,70,110,22.000,22.000,24.500,24.500,0,0,0,0
245.484,13859826608897719907,0,0.000,0.000,0.000,0,3920,0,27,27,27,27,70,70,70,70,70,70,70,70,110,22.000,22.000,24.500,24.500,0,0,0,0
245.499,13859826608897719907,0,0.000,0.000,0.000,0,3920,0,27,27,27,27,70,70,70,70,70,70,70,70,110,22.000,22.000,24.500,24.500,0,0,0,0
245.514,13859826608897719907,0,0.000,0.000,0.000,0,3920,0,27,27,27,27,70,70,70,70,70,70,70,70,110,22.000,22.000,24.500,24.500,0,0,0,0
245.529,13859826608897719907,0,0.000,0.000,0.000,0,3920,0,27,27,27,27,70,70,70,70,70,70,70,70,110,22.000,22.000,24.500,24.500,0,0,0,0
245.544,13859826608897719907,0,0.000,0.000,0.000,0,3920,0,27,27,27,27,70,70,70,70,70,70,70,70,110,22.000,22.000,24.500,24.500,0,0,0,0
245.559,13859826608897719907,0,0.000,0.000,0.000,0,3920,0,27,27,27,27,70,70,70,70,70,70,70,70,110,22.000,22.000,24.500,24.500,0,0,0,0
245.589,13859826608897719907,0,0.000,0.000,0.000,0,3920,0,27,27,27,27,70,70,70,70,70,70,70,70,110,22.000,22.000,24.500,24.500,0,0,0,0
245.604,13859826608897719907,0,0.000,0.000,0.000,0,3920,0,27,27,27,27,70,70,70,70,70,70,70,70,110,22.000,22.000,24.500,24.500,0,0,0,0
245.618,13859826608897719907,0,0.000,0.000,0.000,0,3920,0,27,27,27,27,70,70,70,70,70,70,70,70,110,22.000,22.000,24.500,24.500,0,0,0,0
245.633,13859826608897719907,0,0.000,0.000,0.000,0,3920,0,27,27,27,27,70,70,70,70,70,70,70,70,110,22.000,22.000,24.500,24.500,0,0,0,0
245.648,13859826608897719907,0,0.000,0.000,0.000,0,3920,0,27,27,27,27,70,70,70,70,70,70,70,70,110,22.000,22.000,24.500,24.500,0,0,0,0
245.662,13859826608897719907,0,0.000,0.000,0.000,0,3920,0,27,27,27,27,70,70,70,70,70,70,70,70,110,22.000,22.000,24.500,24.500,0,0,0,0
245.677,13859826608897719907,0,0.000,0.000,0.000,0,3920,0,27,27,27,27,70,70,70,70,70,70,70,70,110,22.000,22.000,24.500,24.500,0,0,0,0
245.692,13859826608897719907,0,0.000,0.000,0.000,0,3920,0,27,27,27,27,70,70,70,70,70,70,70,70,110,22.000,22.000,24.500,24.500,0,0,0,0
245.722,13859826608897719907,0,0.000,0.000,0.000,0,3920,0,27,27,27,27,70,70,70,70,70,70,70,70,110,22.000,22.000,24.500,24.500,0,0,0,0
245.737,13859826608897719907,0,0.000,0.000,0.000,0,3920,0,27,27,27,27,70,70,70,70,70,70,70,70,110,22.000,22.000,24.500,24.500,0,0,0,0
245.752,13859826608897719907,0,0.000,0.000,0.000,0,3920,0,27,27,27,27,70,70,70,70,70,70,70,70,110,22.000,22.000,24.500,24.500,0,0,0,0
245.766,13859826608897719907,0,0.000,0.000,0.000,0,3920,0,27,27,27,27,70,70,70,70,70,70,70,70,110,22.000,22.000,24.500,24.500,0,0,0,0
245.781,13859826608897719907,0,0.000,0.000,0.000,0,3920,0,27,27,27,27,70,70,70,70,70,70,70,70,110,22.000,22.000,24.500,24.500,0,0,0,0
245.796,13859826608897719907,0,0.000,0.000,0.000,0,3920,0,27,27,27,27,70,70,70,70,70,70,70,70,110,22.000,22.000,24.500,24.500,0,0,0,0
245.811,13859826608897719907,0,0.000,0.000,0.000,0,3920,0,27,27,27,27,70,70,70,70,70,70,70,70,110,22.000,22.000,24.500,24.500,0,0,0,0
245.826,13859826608897719907,0,0.000,0.000,0.000,0,3920,0,27,27,27,27,70,70,70,70,70,70,70,70,110,22.000,22.000,24.500,24.500,0,0,0,0
245.855,13859826608897719907,0,0.000,0.000,0.000,0,3920,0,27,27,27,27,70,70,70,70,70,70,70,70,110,22.000,22.000,24.500,24.500,0,0,0,0
245.870,13859826608897719907,0,0.000,0.000,0.000,0,3920,0,27,27,27,27,70,70,70,70,70,70,70,70,110,22.000,22.000,24.500,24.500,0,0,0,0
245.885,13859826608897719907,0,0.000,0.000,0.000,0,3920,0,27,27,27,27,70,70,70,70,70,70,70,70,110,22.000,22.000,24.500,24.500,0,0,0,0
245.900,13859826608897719907,0,0.000,0.000,0.000,0,3920,0,27,27,27,27,70,70,70,70,70,70,70,70,110,22.000,22.000,24.500,24.500,0,0,0,0
245.914,13859826608897719907,0,0.000,0.000,0.000,0,3920,0,27,27,27,27,70,70,70,70,70,70,70,70,110,22.000,22.000,24.500,24.500,0,0,0,0
245.929,13859826608897719907,0,0.000,0.000,0.000,0,3920,0,27,27,27,27,70,70,70,70,70,70,70,70,110,22.000,22.000,24.500,24.500,0,0,0,0
245.944,13859826608897719907,0,0.000,0.000,0.000,0,3920,0,27,27,27,27,70,70,70,70,70,70,70,70,110,22.000,22.000,24.500,24.500,0,0,0,0
245.959,13859826608897719907,0,0.000,0.000,0.000,0,3920,0,27,27,27,27,70,70,70,70,70,70,70,70,110,22.000,22.000,24.500,24.500,0,0,0,0
245.989,13859826608897719907,0,0.000,0.000,0.000,0,3920,0,27,27,27,27,70,70,70,70,70,70,70,70,110,22.000,22.000,24.500,24.500,0,0,0,0
246.003,13859826608897719907,0,0.000,0.000,0.000,0,3920,0,27,27,27,27,70,70,70,70,70,70,70,70,110,22.000,22.000,24.500,24.500,0,0,0,0
246.018,13859826608897719907,0,0.000,0.000,0.000,0,3920,0,27,27,27,27,70,70,70,70,70,70,70,70,110,22.000,22.000,24.500,24.500,0,0,0,0
246.033,13859826608897719907,0,0.000,0.000,0.000,0,3920,0,27,27,27,27,70,70,70,70,70,70,70,70,110,22.000,22.000,24.500,24.500,0,0,0,0
246.048,13859826608897719907,0,0.000,0.000,0.000,0,3920,0,27,27,27,27,70,70,70,70,70,70,70,70,110,22.000,22.000,24.500,24.500,0,0,0,0
246.063,13859826608897719907,0,0.000,0.000,0.000,0,3920,0,27,27,27,27,70,70,70,70,70,70,70,70,110,22.000,22.000,24.500,24.500,0,0,0,0
246.078,13859826608897719907,0,0.000,0.000,0.000,0,3920,0,27,27,27,27,70,70,70,70,70,70,70,70,110,22.000,22.000,24.500,24.500,0,0,0,0
246.092,13859826608897719907,0,0.000,0.000,0.000,0,3920,0,27,27,27,27,70,70,70,70,70,70,70,70,110,22.000,22.000,24.500,24.500,0,0,0,0
246.122,13859826608897719907,0,0.000,0.000,0.000,0,3920,0,27,27,27,27,70,70,70,70,70,70,70,70,110,22.000,22.000,24.500,24.500,0,0,0,0
246.137,13859826608897719907,0,0.000,0.000,0.000,0,3920,0,27,27,27,27,70,70,70,70,70,70,70,70,110,22.000,22.000,24.500,24.500,0,0,0,0
246.151,13859826608897719907,0,0.000,0.000,0.000,0,3920,0,27,27,27,27,70,70,70,70,70,70,70,70,110,22.000,22.000,24.500,24.500,0,0,0,0
246.166,13859826608897719907,0,0.000,0.000,0.000,0,3920,0,27,27,27,27,70,70,70,70,70,70,70,70,110,22.000,22.000,24.500,24.500,0,0,0,0
246.181,13859826608897719907,0,0.000,0.000,0.000,0,3920,0,27,27,27,27,70,70,70,70,70,70,70,70,110,22.000,22.000,24.500,24.500,0,0,0,0
246.195,13859826608897719907,0,0.000,0.000,0.000,0,3920,0,27,27,27,27,70,70,70,70,70,70,70,70,110,22.000,22.000,24.500,24.500,0,0,0,0
246.210,13859826608897719907,0,0.000,0.000,0.000,0,3920,0,27,27,27,27,70,70,70,70,70,70,70,70,110,22.000,22.000,24.500,24.500,0,0,0,0
246.239,13859826608897719907,0,0.000,0.000,0.000,0,3920,0,27,27,27,27,70,70,70,70,70,70,70,70,110,22.000,22.000,24.500,24.500,0,0,0,0
246.254,13859826608897719907,0,0.000,0.000,0.000,0,3920,0,27,27,27,27,70,70,70,70,70,70,70,70,110,22.000,22.000,24.500,24.500,0,0,0,0
246.269,13859826608897719907,0,0.000,0.000,0.000,0,3920,0,27,27,27,27,70,70,70,70,70,70,70,70,110,22.000,22.000,24.500,24.500,0,0,0,0
246.284,13859826608897719907,0,0.000,0.000,0.000,0,3920,0,27,27,27,27,70,70,70,70,70,70,70,70,110,22.000,22.000,24.500,24.500,0,0,0,0
246.299,13859826608897719907,0,0.000,0.000,0.000,0,3920,0,27,27,27,27,70,70,70,70,70,70,70,70,110,22.000,22.000,24.500,24.500,0,0,0,0
246.314,13859826608897719907,0,0.000,0.000,0.000,0,3920,0,27,27,27,27,70,70,70,70,70,70,70,70,110,22.000,22.000,24.500,24.500,0,0,0,0
246.329,13859826608897719907,0,0.000,0.000,0.000,0,3920,0,27,27,27,27,70,70,70,70,70,70,70,70,110,22.000,22.000,24.500,24.500,0,0,0,0
246.343,13859826608897719907,0,0.000,0.000,0.000,0,3920,0,27,27,27,27,70,70,70,70,70,70,70,70,110,22.000,22.000,24.500,24.500,0,0,0,0
246.372,13859826608897719907,0,0.000,0.000,0.000,0,3920,0,27,27,27,27,70,70,70,70,70,70,70,70,110,22.000,22.000,24.500,24.500,0,0,0,0
246.387,13859826608897719907,0,0.000,0.000,0.000,0,3920,0,27,27,27,27,70,70,70,70,70,70,70,70,110,22.000,22.000,24.500,24.500,0,0,0,0
246.402,13859826608897719907,0,0.000,0.000,0.000,0,3920,0,27,27,27,27,70,70,70,70,70,70,70,70,110,22.000,22.000,24.500,24.500,0,0,0,0
246.416,13859826608897719907,0,0.000,0.000,0.000,0,3920,0,27,27,27,27,70,70,70,70,70,70,70,70,110,22.000,22.000,24.500,24.500,0,0,0,0
246.431,13859826608897719907,0,0.000,0.000,0.000,0,3920,0,27,27,27,27,70,70,70,70,70,70,70,70,110,22.000,22.000,24.500,24.500,0,0,0,0
246.446,13859826608897719907,0,0.000,0.000,0.000,0,3920,0,27,27,27,27,70,70,70,70,70,70,70,70,110,22.000,22.000,24.500,24.500,0,0,0,0
246.460,13859826608897719907,0,0.000,0.000,0.000,0,3920,0,27,27,27,27,70,70,70,70,70,70,70,70,110,22.000,22.000,24.500,24.500,0,0,0,0
246.489,13859826608897719907,0,0.000,0.000,0.000,0,3920,0,27,27,27,27,70,70,70,70,70,70,70,70,110,22.000,22.000,24.500,24.500,0,0,0,0
246.504,13859826608897719907,0,0.000,0.000,0.000,0,3920,0,27,27,27,27,70,70,70,70,70,70,70,70,110,22.000,22.000,24.500,24.500,0,0,0,0
246.519,13859826608897719907,0,0.000,0.000,0.000,0,3920,0,27,27,27,27,70,70,70,70,70,70,70,70,110,22.000,22.000,24.500,24.500,0,0,0,0
246.603,13859826608897719907,0,0.000,0.000,0.000,0,3920,0,27,27,27,27,70,70,70,70,70,70,70,70,110,22.000,22.000,24.500,24.500,0,0,0,0
246.655,13859826608897719907,0,0.000,0.000,0.000,0,3920,0,27,27,27,27,70,70,70,70,70,70,70,70,110,22.000,22.000,24.500,24.500,0,0,0,0
246.670,13859826608897719907,0,0.000,0.000,0.000,0,3920,0,27,27,27,27,70,70,70,70,70,70,70,70,110,22.000,22.000,24.500,24.500,0,0,0,0
246.716,13859826608897719907,0,0.000,0.000,0.000,0,3920,0,27,27,27,27,70,70,70,70,70,70,70,70,110,22.000,22.000,24.500,24.500,0,0,0,0
246.732,13859826608897719907,0,0.000,0.000,0.000,0,3920,0,27,27,27,27,70,70,70,70,70,70,70,70,110,22.000,22.000,24.500,24.500,0,0,0,0
246.747,13859826608897719907,0,0.000,0.000,0.000,0,3920,0,27,27,27,27,70,70,70,70,70,70,70,70,110,22.000,22.000,24.500,24.500,0,0,0,0
246.762,13859826608897719907,0,0.000,0.000,0.000,0,3920,0,27,27,27,27,70,70,70,70,70,70,70,70,110,22.000,22.000,24.500,24.500,0,0,0,0
246.777,13859826608897719907,0,0.000,0.000,0.000,0,3920,0,27,27,27,27,70,70,70,70,70,70,70,70,110,22.000,22.000,24.500,24.500,0,0,0,0
246.808,13859826608897719907,0,0.000,0.000,0.000,0,3920,0,27,27,27,27,70,70,70,70,70,70,70,70,110,22.000,22.000,24.500,24.500,0,0,0,0
246.838,13859826608897719907,0,0.000,0.000,0.000,0,3920,0,27,27,27,27,70,70,70,70,70,70,70,70,110,22.000,22.000,24.500,24.500,0,0,0,0
246.853,13859826608897719907,0,0.000,0.000,0.000,0,3920,0,27,27,27,27,70,70,70,70,70,70,70,70,110,22.000,22.000,24.500,24.500,0,0,0,0
246.867,13859826608897719907,0,0.000,0.000,0.000,0,3920,0,27,27,27,27,70,70,70,70,70,70,70,70,110,22.000,22.000,24.500,24.500,0,0,0,0
246.882,13859826608897719907,0,0.000,0.000,0.000,0,3920,0,27,27,27,27,70,70,70,70,70,70,70,70,110,22.000,22.000,24.500,24.500,0,0,0,0
246.897,13859826608897719907,0,0.000,0.000,0.000,0,3920,0,27,27,27,27,70,70,70,70,70,70,70,70,110,22.000,22.000,24.500,24.500,0,0,0,0
246.912,13859826608897719907,0,0.000,0.000,0.000,0,3920,0,27,27,27,27,70,70,70,70,70,70,70,70,110,22.000,22.000,24.500,24.500,0,0,0,0
246.926,13859826608897719907,0,0.000,0.000,0.000,0,3920,0,27,27,27,27,70,70,70,70,70,70,70,70,110,22.000,22.000,24.500,24.500,0,0,0,0
246.941,13859826608897719907,0,0.000,0.000,0.000,0,3920,0,27,27,27,27,70,70,70,70,70,70,70,70,110,22.000,22.000,24.500,24.500,0,0,0,0
246.971,13859826608897719907,0,0.000,0.000,0.000,0,3920,0,27,27,27,27,70,70,70,70,70,70,70,70,110,22.000,22.000,24.500,24.500,0,0,0,0
246.985,13859826608897719907,0,0.000,0.000,0.000,0,3920,0,27,27,27,27,70,70,70,70,70,70,70,70,110,22.000,22.000,24.500,24.500,0,0,0,0
247.000,13859826608897719907,0,0.000,0.000,0.000,0,3920,0,27,27,27,27,70,70,70,70,70,70,70,70,110,22.000,22.000,24.500,24.500,0,0,0,0
247.015,13859826608897719907,0,0.000,0.000,0.000,0,3920,0,27,27,27,27,70,70,70,70,70,70,70,70,110,22.000,22.000,24.500,24.500,0,0,0,0
247.030,13859826608897719907,0,0.000,0.000,0.000,0,3920,0,27,27,27,27,70,70,70,70,70,70,70,70,110,22.000,22.000,24.500,24.500,0,0,0,0
247.044,13859826608897719907,0,0.000,0.000,0.000,0,3920,0,27,27,27,27,70,70,70,70,70,70,70,70,110,22.000,22.000,24.500,24.500,0,0,0,0
247.059,13859826608897719907,0,0.000,0.000,0.000,0,3920,0,27,27,27,27,70,70,70,70,70,70,70,70,110,22.000,22.000,24.500,24.500,0,0,0,0
247.074,13859826608897719907,0,0.000,0.000,0.000,0,3920,0,27,27,27,27,70,70,70,70,70,70,70,70,110,22.000,22.000,24.500,24.500,0,0,0,0
247.104,13859826608897719907,0,0.000,0.000,0.000,0,3920,0,27,27,27,27,70,70,70,70,70,70,70,70,110,22.000,22.000,24.500,24.500,0,0,0,0
247.118,13859826608897719907,0,0.000,0.000,0.000,0,3920,0,27,27,27,27,70,70,70,70,70,70,70,70,110,22.000,22.000,24.500,24.500,0,0,0,0
247.133,13859826608897719907,0,0.000,0.000,0.000,0,3920,0,27,27,27,27,70,70,70,70,70,70,70,70,110,22.000,22.000,24.500,24.500,0,0,0,0
247.148,13859826608897719907,0,0.000,0.000,0.000,0,3920,0,27,27,27,27,70,70,70,70,70,70,70,70,110,22.000,22.000,24.500,24.500,0,0,0,0
247.163,13859826608897719907,0,0.000,0.000,0.000,0,3920,0,27,27,27,27,70,70,70,70,70,70,70,70,110,22.000,22.000,24.500,24.500,0,0,0,0
247.178,13859826608897719907,0,0.000,0.000,0.000,0,3920,0,27,27,27,27,70,70,70,70,70,70,70,70,110,22.000,22.000,24.500,24.500,0,0,0,0
247.193,13859826608897719907,0,0.000,0.000,0.000,0,3920,0,27,27,27,27,70,70,70,70,70,70,70,70,110,22.000,22.000,24.500,24.500,0,0,0,0
247.208,13859826608897719907,0,0.000,0.000,0.000,0,3920,0,27,27,27,27,70,70,70,70,70,70,70,70,110,22.000,22.000,24.500,24.500,0,0,0,0
247.238,13859826608897719907,0,0.000,0.000,0.000,0,3920,0,27,27,27,27,70,70,70,70,70,70,70,70,110,22.000,22.000,24.500,24.500,0,0,0,0
247.253,13859826608897719907,0,0.000,0.000,0.000,0,3920,0,27,27,27,27,70,70,70,70,70,70,70,70,110,22.000,22.000,24.500,24.500,0,0,0,0
247.267,13859826608897719907,0,0.000,0.000,0.000,0,3920,0,27,27,27,27,70,70,70,70,70,70,70,70,110,22.000,22.000,24.500,24.500,0,0,0,0
247.282,13859826608897719907,0,0.000,0.000,0.000,0,3920,0,27,27,27,27,70,70,70,70,70,70,70,70,110,22.000,22.000,24.500,24.500,0,0,0,0
247.297,13859826608897719907,0,0.000,0.000,0.000,0,3920,0,27,27,27,27,70,70,70,70,70,70,70,70,110,22.000,22.000,24.500,24.500,0,0,0,0
247.312,13859826608897719907,0,0.000,0.000,0.000,0,3920,0,27,27,27,27,70,70,70,70,70,70,70,70,110,22.000,22.000,24.500,24.500,0,0,0,0
247.328,13859826608897719907,0,0.000,0.000,0.000,0,3920,0,27,27,27,27,70,70,70,70,70,70,70,70,110,22.000,22.000,24.500,24.500,0,0,0,0
247.343,13859826608897719907,0,0.000,0.000,0.000,0,3920,0,27,27,27,27,70,70,70,70,70,70,70,70,110,22.000,22.000,24.500,24.500,0,0,0,0
247.358,13859826608897719907,0,0.000,0.000,0.000,0,3920,0,27,27,27,27,70,70,70,70,70,70,70,70,110,22.000,22.000,24.500,24.500,0,0,0,0
247.388,13859826608897719907,0,0.000,0.000,0.000,0,3920,0,27,27,27,27,70,70,70,70,70,70,70,70,110,22.000,22.000,24.500,24.500,0,0,0,0
247.403,13859826608897719907,0,0.000,0.000,0.000,0,3920,0,27,27,27,27,70,70,70,70,70,70,70,70,110,22.000,22.000,24.500,24.500,0,0,0,0
247.418,13859826608897719907,0,0.000,0.000,0.000,0,3920,0,27,27,27,27,70,70,70,70,70,70,70,70,110,22.000,22.000,24.500,24.500,0,0,0,0
247.434,13859826608897719907,0,0.000,0.000,0.000,0,3920,0,27,27,27,27,70,70,70,70,70,70,70,70,110,22.000,22.000,24.500,24.500,0,0,0,0
247.449,13859826608897719907,0,0.000,0.000,0.000,0,3920,0,27,27,27,27,70,70,70,70,70,70,70,70,110,22.000,22.000,24.500,24.500,0,0,0,0
247.464,13859826608897719907,0,0.000,0.000,0.000,0,3920,0,27,27,27,27,70,70,70,70,70,70,70,70,110,22.000,22.000,24.500,24.500,0,0,0,0
247.479,13859826608897719907,0,0.000,0.000,0.000,0,3920,0,27,27,27,27,70,70,70,70,70,70,70,70,110,22.000,22.000,24.500,24.500,0,0,0,0
247.495,13859826608897719907,0,0.000,0.000,0.000,0,3920,0,27,27,27,27,70,70,70,70,70,70,70,70,110,22.000,22.000,24.500,24.500,0,0,0,0
247.510,13859826608897719907,0,0.000,0.000,0.000,0,3920,0,27,27,27,27,70,70,70,70,70,70,70,70,110,22.000,22.000,24.500,24.500,0,0,0,0
247.525,13859826608897719907,0,0.000,0.000,0.000,0,3920,0,27,27,27,27,70,70,70,70,70,70,70,70,110,22.000,22.000,24.500,24.500,0,0,0,0
247.540,13859826608897719907,0,0.000,0.000,0.000,0,3920,0,27,27,27,27,70,70,70,70,70,70,70,70,110,22.000,22.000,24.500,24.500,0,0,0,0
247.570,13859826608897719907,0,0.000,0.000,0.000,0,3920,0,27,27,27,27,70,70,70,70,70,70,70,70,110,22.000,22.000,24.500,24.500,0,0,0,0
247.585,13859826608897719907,0,0.000,0.000,0.000,0,3920,0,27,27,27,27,70,70,70,70,70,70,70,70,110,22.000,22.000,24.500,24.500,0,0,0,0
247.600,13859826608897719907,0,0.000,0.000,0.000,0,3920,0,27,27,27,27,70,70,70,70,70,70,70,70,110,22.000,22.000,24.500,24.500,0,0,0,0
247.616,13859826608897719907,0,0.000,0.000,0.000,0,3920,0,27,27,27,27,70,70,70,70,70,70,70,70,110,22.000,22.000,24.500,24.500,0,0,0,0
247.631,13859826608897719907,0,0.000,0.000,0.000,0,3920,0,27,27,27,27,70,70,70,70,70,70,70,70,110,22.000,22.000,24.500,24.500,0,0,0,0
247.646,13859826608897719907,0,0.000,0.000,0.000,0,3920,0,27,27,27,27,70,70,70,70,70,70,70,70,110,22.000,22.000,24.500,24.500,0,0,0,0
247.661,13859826608897719907,0,0.000,0.000,0.000,0,3920,0,27,27,27,27,70,70,70,70,70,70,70,70,110,22.000,22.000,24.500,24.500,0,0,0,0
247.676,13859826608897719907,0,0.000,0.000,0.000,0,3920,0,27,27,27,27,70,70,70,70,70,70,70,70,110,22.000,22.000,24.500,24.500,0,0,0,0
247.691,13859826608897719907,0,0.000,0.000,0.000,0,3920,0,27,27,27,27,70,70,70,70,70,70,70,70,110,22.000,22.000,24.500,24.500,0,0,0,0
247.706,13859826608897719907,0,0.000,0.000,0.000,0,3920,0,27,27,27,27,70,70,70,70,70,70,70,70,110,22.000,22.000,24.500,24.500,0,0,0,0
247.736,13859826608897719907,0,0.000,0.000,0.000,0,3920,0,27,27,27,27,70,70,70,70,70,70,70,70,110,22.000,22.000,24.500,24.500,0,0,0,0
247.751,13859826608897719907,0,0.000,0.000,0.000,0,3920,0,27,27,27,27,70,70,70,70,70,70,70,70,110,22.000,22.000,24.500,24.500,0,0,0,0
247.766,13859826608897719907,0,0.000,0.000,0.000,0,3920,0,27,27,27,27,70,70,70,70,70,70,70,70,110,22.000,22.000,24.500,24.500,0,0,0,0
247.781,13859826608897719907,0,0.000,0.000,0.000,0,3920,0,27,27,27,27,70,70,70,70,70,70,70,70,110,22.000,22.000,24.500,24.500,0,0,0,0
247.797,13859826608897719907,0,0.000,0.000,0.000,0,3920,0,27,27,27,27,70,70,70,70,70,70,70,70,110,22.000,22.000,24.500,24.500,0,0,0,0
247.812,13859826608897719907,0,0.000,0.000,0.000,0,3920,0,27,27,27,27,70,70,70,70,70,70,70,70,110,22.000,22.000,24.500,24.500,0,0,0,0
247.827,13859826608897719907,0,0.000,0.000,0.000,0,3920,0,27,27,27,27,70,70,70,70,70,70,70,70,110,22.000,22.000,24.500,24.500,0,0,0,0
247.842,13859826608897719907,0,0.000,0.000,0.000,0,3920,0,27,27,27,27,70,70,70,70,70,70,70,70,110,22.000,22.000,24.500,24.500,0,0,0,0
247.858,13859826608897719907,0,0.000,0.000,0.000,0,3920,0,27,27,27,27,70,70,70,70,70,70,70,70,110,22.000,22.000,24.500,24.500,0,0,0,0
247.873,13859826608897719907,0,0.000,0.000,0.000,0,3920,0,27,27,27,27,70,70,70,70,70,70,70,70,110,22.000,22.000,24.500,24.500,0,0,0,0
247.903,13859826608897719907,0,0.000,0.000,0.000,0,3920,0,27,27,27,27,70,70,70,70,70,70,70,70,110,22.000,22.000,24.500,24.500,0,0,0,0
247.918,13859826608897719907,0,0.000,0.000,0.000,0,3920,0,27,27,27,27,70,70,70,70,70,70,70,70,110,22.000,22.000,24.500,24.500,0,0,0,0
247.934,13859826608897719907,0,0.000,0.000,0.000,0,3920,0,27,27,27,27,70,70,70,70,70,70,70,70,110,22.000,22.000,24.500,24.500,0,0,0,0
247.949,13859826608897719907,0,0.000,0.000,0.000,0,3920,0,27,27,27,27,70,70,70,70,70,70,70,70,110,22.000,22.000,24.500,24.500,0,0,0,0
247.964,13859826608897719907,0,0.000,0.000,0.000,0,3920,0,27,27,27,27,70,70,70,70,70,70,70,70,110,22.000,22.000,24.500,24.500,0,0,0,0
247.979,13859826608897719907,0,0.000,0.000,0.000,0,3920,0,27,27,27,27,70,70,70,70,70,70,70,70,110,22.000,22.000,24.500,24.500,0,0,0,0
247.995,13859826608897719907,0,0.000,0.000,0.000,0,3920,0,27,27,27,27,70,70,70,70,70,70,70,70,110,22.000,22.000,24.500,24.500,0,0,0,0
248.010,13859826608897719907,0,0.000,0.000,0.000,0,3920,0,27,27,27,27,70,70,70,70,70,70,70,70,110,22.000,22.000,24.500,24.500,0,0,0,0
248.025,13859826608897719907,0,0.000,0.000,0.000,0,3920,0,27,27,27,27,70,70,70,70,70,70,70,70,110,22.000,22.000,24.500,24.500,0,0,0,0
248.040,13859826608897719907,0,0.000,0.000,0.000,0,3920,0,27,27,27,27,70,70,70,70,70,70,70,70,110,22.000,22.000,24.500,24.500,0,0,0,0
248.071,13859826608897719907,0,0.000,0.000,0.000,0,3920,0,27,27,27,27,70,70,70,70,70,70,70,70,110,22.000,22.000,24.500,24.500,0,0,0,0
248.086,13859826608897719907,0,0.000,0.000,0.000,0,3920,0,27,27,27,27,70,70,70,70,70,70,70,70,110,22.000,22.000,24.500,24.500,0,0,0,0
248.100,13859826608897719907,0,0.000,0.000,0.000,0,3920,0,27,27,27,27,70,70,70,70,70,70,70,70,110,22.000,22.000,24.500,24.500,0,0,0,0
248.115,13859826608897719907,0,0.000,0.000,0.000,0,3920,0,27,27,27,27,70,70,70,70,70,70,70,70,110,22.000,22.000,24.500,24.500,0,0,0,0
248.130,13859826608897719907,0,0.000,0.000,0.000,0,3920,0,27,27,27,27,70,70,70,70,70,70,70,70,110,22.000,22.000,24.500,24.500,0,0,0,0
248.145,13859826608897719907,0,0.000,0.000,0.000,0,3920,0,27,27,27,27,70,70,70,70,70,70,70,70,110,22.000,22.000,24.500,24.500,0,0,0,0
248.160,13859826608897719907,0,0.000,0.000,0.000,0,3920,0,27,27,27,27,70,70,70,70,70,70,70,70,110,22.000,22.000,24.500,24.500,0,0,0,0
248.175,13859826608897719907,0,0.000,0.000,0.000,0,3920,0,27,27,27,27,70,70,70,70,70,70,70,70,110,22.000,22.000,24.500,24.500,0,0,0,0
248.190,13859826608897719907,0,0.000,0.000,0.000,0,3920,0,27,27,27,27,70,70,70,70,70,70,70,70,110,22.000,22.000,24.500,24.500,0,0,0,0
248.220,13859826608897719907,0,0.000,0.000,0.000,0,3920,0,27,27,27,27,70,70,70,70,70,70,70,70,110,22.000,22.000,24.500,24.500,0,0,0,0
248.235,13859826608897719907,0,0.000,0.000,0.000,0,3920,0,27,27,27,27,70,70,70,70,70,70,70,70,110,22.000,22.000,24.500,24.500,0,0,0,0
248.250,13859826608897719907,0,0.000,0.000,0.000,0,3920,0,27,27,27,27,70,70,70,70,70,70,70,70,110,22.000,22.000,24.500,24.500,0,0,0,0
248.265,13859826608897719907,0,0.000,0.000,0.000,0,3920,0,27,27,27,27,70,70,70,70,70,70,70,70,110,22.000,22.000,24.500,24.500,0,0,0,0
248.280,13859826608897719907,0,0.000,0.000,0.000,0,3920,0,27,27,27,27,70,70,70,70,70,70,70,70,110,22.000,22.000,24.500,24.500,0,0,0,0
248.295,13859826608897719907,0,0.000,0.000,0.000,0,3920,0,27,27,27,27,70,70,70,70,70,70,70,70,110,22.000,22.000,24.500,24.500,0,0,0,0
248.310,13859826608897719907,0,0.000,0.000,0.000,0,3920,0,27,27,27,27,70,70,70,70,70,70,70,70,110,22.000,22.000,24.500,24.500,0,0,0,0
248.339,13859826608897719907,0,0.000,0.000,0.000,0,3920,0,27,27,27,27,70,70,70,70,70,70,70,70,110,22.000,22.000,24.500,24.500,0,0,0,0
248.354,13859826608897719907,0,0.000,0.000,0.000,0,3920,0,27,27,27,27,70,70,70,70,70,70,70,70,110,22.000,22.000,24.500,24.500,0,0,0,0
248.369,13859826608897719907,0,0.000,0.000,0.000,0,3920,0,27,27,27,27,70,70,70,70,70,70,70,70,110,22.000,22.000,24.500,24.500,0,0,0,0
248.383,13859826608897719907,0,0.000,0.000,0.000,0,3920,0,27,27,27,27,70,70,70,70,70,70,70,70,110,22.000,22.000,24.500,24.500,0,0,0,0
248.398,13859826608897719907,0,0.000,0.000,0.000,0,3920,0,27,27,27,27,70,70,70,70,70,70,70,70,110,22.000,22.000,24.500,24.500,0,0,0,0
248.413,13859826608897719907,0,0.000,0.000,0.000,0,3920,0,27,27,27,27,70,70,70,70,70,70,70,70,110,22.000,22.000,24.500,24.500,0,0,0,0
248.428,13859826608897719907,0,0.000,0.000,0.000,0,3920,0,27,27,27,27,70,70,70,70,70,70,70,70,110,22.000,22.000,24.500,24.500,0,0,0,0
248.443,13859826608897719907,0,0.000,0.000,0.000,0,3920,0,27,27,27,27,70,70,70,70,70,70,70,70,110,22.000,22.000,24.500,24.500,0,0,0,0
248.472,13859826608897719907,0,0.000,0.000,0.000,0,3920,0,27,27,27,27,70,70,70,70,70,70,70,70,110,22.000,22.000,24.500,24.500,0,0,0,0
248.487,13859826608897719907,0,0.000,0.000,0.000,0,3920,0,27,27,27,27,70,70,70,70,70,70,70,70,110,22.000,22.000,24.500,24.500,0,0,0,0
248.502,13859826608897719907,0,0.000,0.000,0.000,0,3920,0,27,27,27,27,70,70,70,70,70,70,70,70,110,22.000,22.000,24.500,24.500,0,0,0,0
248.517,13859826608897719907,0,0.000,0.000,0.000,0,3920,0,27,27,27,27,70,70,70,70,70,70,70,70,110,22.000,22.000,24.500,24.500,0,0,0,0
248.531,13859826608897719907,0,0.000,0.000,0.000,0,3920,0,27,27,27,27,70,70,70,70,70,70,70,70,110,22.000,22.000,24.500,24.500,0,0,0,0
248.546,13859826608897719907,0,0.000,0.000,0.000,0,3920,0,27,27,27,27,70,70,70,70,70,70,70,70,110,22.000,22.000,24.500,24.500,0,0,0,0
248.561,13859826608897719907,0,0.000,0.000,0.000,0,3920,0,27,27,27,27,70,70,70,70,70,70,70,70,110,22.000,22.000,24.500,24.500,0,0,0,0
248.576,13859826608897719907,0,0.000,0.000,0.000,0,3920,0,27,27,27,27,70,70,70,70,70,70,70,70,110,22.000,22.000,24.500,24.500,0,0,0,0
248.592,13859826608897719907,0,0.000,0.000,0.000,0,3920,0,27,27,27,27,70,70,70,70,70,70,70,70,110,22.000,22.000,24.500,24.500,0,0,0,0
248.621,13859826608897719907,0,0.000,0.000,0.000,0,3920,0,27,27,27,27,70,70,70,70,70,70,70,70,110,22.000,22.000,24.500,24.500,0,0,0,0
248.637,13859826608897719907,0,0.000,0.000,0.000,0,3920,0,27,27,27,27,70,70,70,70,70,70,70,70,110,22.000,22.000,24.500,24.500,0,0,0,0
248.651,13859826608897719907,0,0.000,0.000,0.000,0,3920,0,27,27,27,27,70,70,70,70,70,70,70,70,110,22.000,22.000,24.500,24.500,0,0,0,0
248.666,13859826608897719907,0,0.000,0.000,0.000,0,3920,0,27,27,27,27,70,70,70,70,70,70,70,70,110,22.000,22.000,24.500,24.500,0,0,0,0
248.681,13859826608897719907,0,0.000,0.000,0.000,0,3920,0,27,27,27,27,70,70,70,70,70,70,70,70,110,22.000,22.000,24.500,24.500,0,0,0,0
248.697,13859826608897719907,0,0.000,0.000,0.000,0,3920,0,27,27,27,27,70,70,70,70,70,70,70,70,110,22.000,22.000,24.500,24.500,0,0,0,0
248.712,13859826608897719907,0,0.000,0.000,0.000,0,3920,0,27,27,27,27,70,70,70,70,70,70,70,70,110,22.000,22.000,24.500,24.500,0,0,0,0
248.727,13859826608897719907,0,0.000,0.000,0.000,0,3920,0,27,27,27,27,70,70,70,70,70,70,70,70,110,22.000,22.000,24.500,24.500,0,0,0,0
248.743,13859826608897719907,0,0.000,0.000,0.000,0,3920,0,27,27,27,27,70,70,70,70,70,70,70,70,110,22.000,22.000,24.500,24.500,0,0,0,0
248.758,13859826608897719907,0,0.000,0.000,0.000,0,3920,0,27,27,27,27,70,70,70,70,70,70,70,70,110,22.000,22.000,24.500,24.500,0,0,0,0
248.774,13859826608897719907,0,0.000,0.000,0.000,0,3920,0,27,27,27,27,70,70,70,70,70,70,70,70,110,22.000,22.000,24.500,24.500,0,0,0,0
248.804,13859826608897719907,0,0.000,0.000,0.000,0,3920,0,27,27,27,27,70,70,70,70,70,70,70,70,110,22.000,22.000,24.500,24.500,0,0,0,0
248.819,13859826608897719907,0,0.000,0.000,0.000,0,3920,0,27,27,27,27,70,70,70,70,70,70,70,70,110,22.000,22.000,24.500,24.500,0,0,0,0
248.834,13859826608897719907,0,0.000,0.000,0.000,0,3920,0,27,27,27,27,70,70,70,70,70,70,70,70,110,22.000,22.000,24.500,24.500,0,0,0,0
248.849,13859826608897719907,0,0.000,0.000,0.000,0,3920,0,27,27,27,27,70,70,70,70,70,70,70,70,110,22.000,22.000,24.500,24.500,0,0,0,0
248.864,13859826608897719907,0,0.000,0.000,0.000,0,3920,0,27,27,27,27,70,70,70,70,70,70,70,70,110,22.000,22.000,24.500,24.500,0,0,0,0
248.879,13859826608897719907,0,0.000,0.000,0.000,0,3920,0,27,27,27,27,70,70,70,70,70,70,70,70,110,22.000,22.000,24.500,24.500,0,0,0,0
248.894,13859826608897719907,0,0.000,0.000,0.000,0,3920,0,27,27,27,27,70,70,70,70,70,70,70,70,110,22.000,22.000,24.500,24.500,0,0,0,0
248.909,13859826608897719907,0,0.000,0.000,0.000,0,3920,0,27,27,27,27,70,70,70,70,70,70,70,70,110,22.000,22.000,24.500,24.500,0,0,0,0
248.938,13859826608897719907,0,0.000,0.000,0.000,0,3920,0,27,27,27,27,70,70,70,70,70,70,70,70,110,22.000,22.000,24.500,24.500,0,0,0,0
248.953,13859826608897719907,0,0.000,0.000,0.000,0,3920,0,27,27,27,27,70,70,70,70,70,70,70,70,110,22.000,22.000,24.500,24.500,0,0,0,0
248.967,13859826608897719907,0,0.000,0.000,0.000,0,3920,0,27,27,27,27,70,70,70,70,70,70,70,70,110,22.000,22.000,24.500,24.500,0,0,0,0
248.982,13859826608897719907,0,0.000,0.000,0.000,0,3920,0,27,27,27,27,70,70,70,70,70,70,70,70,110,22.000,22.000,24.500,24.500,0,0,0,0
248.996,13859826608897719907,0,0.000,0.000,0.000,0,3920,0,27,27,27,27,70,70,70,70,70,70,70,70,110,22.000,22.000,24.500,24.500,0,0,0,0
249.011,13859826608897719907,0,0.000,0.000,0.000,0,3920,0,27,27,27,27,70,70,70,70,70,70,70,70,110,22.000,22.000,24.500,24.500,0,0,0,0
249.026,13859826608897719907,0,0.000,0.000,0.000,0,3920,0,27,27,27,27,70,70,70,70,70,70,70,70,110,22.000,22.000,24.500,24.500,0,0,0,0
249.055,13859826608897719907,0,0.000,0.000,0.000,0,3920,0,27,27,27,27,70,70,70,70,70,70,70,70,110,22.000,22.000,24.500,24.500,0,0,0,0
249.070,13859826608897719907,0,0.000,0.000,0.000,0,3920,0,27,27,27,27,70,70,70,70,70,70,70,70,110,22.000,22.000,24.500,24.500,0,0,0,0
249.084,13859826608897719907,0,0.000,0.000,0.000,0,3920,0,27,27,27,27,70,70,70,70,70,70,70,70,110,22.000,22.000,24.500,24.500,0,0,0,0
249.099,13859826608897719907,0,0.000,0.000,0.000,0,3920,0,27,27,27,27,70,70,70,70,70,70,70,70,110,22.000,22.000,24.500,24.500,0,0,0,0
249.114,13859826608897719907,0,0.000,0.000,0.000,0,3920,0,27,27,27,27,70,70,70,70,70,70,70,70,110,22.000,22.000,24.500,24.500,0,0,0,0
249.128,13859826608897719907,0,0.000,0.000,0.000,0,3920,0,27,27,27,27,70,70,70,70,70,70,70,70,110,22.000,22.000,24.500,24.500,0,0,0,0
249.143,13859826608897719907,0,0.000,0.000,0.000,0,3920,0,27,27,27,27,70,70,70,70,70,70,70,70,110,22.000,22.000,24.500,24.500,0,0,0,0
249.172,13859826608897719907,0,0.000,0.000,0.000,0,3920,0,27,27,27,27,70,70,70,70,70,70,70,70,110,22.000,22.000,24.500,24.500,0,0,0,0
249.186,13859826608897719907,0,0.000,0.000,0.000,0,3920,0,27,27,27,27,70,70,70,70,70,70,70,70,110,22.000,22.000,24.500,24.500,0,0,0,0
249.201,13859826608897719907,0,0.000,0.000,0.000,0,3920,0,27,27,27,27,70,70,70,70,70,70,70,70,110,22.000,22.000,24.500,24.500,0,0,0,0
249.215,13859826608897719907,0,0.000,0.000,0.000,0,3920,0,27,27,27,27,70,70,70,70,70,70,70,70,110,22.000,22.000,24.500,24.500,0,0,0,0
249.229,13859826608897719907,0,0.000,0.000,0.000,0,3920,0,27,27,27,27,70,70,70,70,70,70,70,70,110,22.000,22.000,24.500,24.500,0,0,0,0
249.244,13859826608897719907,0,0.000,0.000,0.000,0,3920,0,27,27,27,27,70,70,70,70,70,70,70,70,110,22.000,22.000,24.500,24.500,0,0,0,0
249.272,13859826608897719907,0,0.000,0.000,0.000,0,3920,0,27,27,27,27,70,70,70,70,70,70,70,70,110,22.000,22.000,24.500,24.500,0,0,0,0
249.286,13859826608897719907,0,0.000,0.000,0.000,0,3920,0,27,27,27,27,70,70,70,70,70,70,70,70,110,22.000,22.000,24.500,24.500,0,0,0,0
249.301,13859826608897719907,0,0.000,0.000,0.000,0,3920,0,27,27,27,27,70,70,70,70,70,70,70,70,110,22.000,22.000,24.500,24.500,0,0,0,0
249.315,13859826608897719907,0,0.000,0.000,0.000,0,3920,0,27,27,27,27,70,70,70,70,70,70,70,70,110,22.000,22.000,24.500,24.500,0,0,0,0
249.329,13859826608897719907,0,0.000,0.000,0.000,0,3920,0,27,27,27,27,70,70,70,70,70,70,70,70,110,22.000,22.000,24.500,24.500,0,0,0,0
249.343,13859826608897719907,0,0.000,0.000,0.000,0,3920,0,27,27,27,27,70,70,70,70,70,70,70,70,110,22.000,22.000,24.500,24.500,0,0,0,0
249.372,13859826608897719907,0,0.000,0.000,0.000,0,3920,0,27,27,27,27,70,70,70,70,70,70,70,70,110,22.000,22.000,24.500,24.500,0,0,0,0
249.386,13859826608897719907,0,0.000,0.000,0.000,0,3920,0,27,27,27,27,70,70,70,70,70,70,70,70,110,22.000,22.000,24.500,24.500,0,0,0,0
249.401,13859826608897719907,0,0.000,0.000,0.000,0,3920,0,27,27,27,27,70,70,70,70,70,70,70,70,110,22.000,22.000,24.500,24.500,0,0,0,0
249.415,13859826608897719907,0,0.000,0.000,0.000,0,3920,0,27,27,27,27,70,70,70,70,70,70,70,70,110,22.000,22.000,24.500,24.500,0,0,0,0
249.430,13859826608897719907,0,0.000,0.000,0.000,0,3920,0,27,27,27,27,70,70,70,70,70,70,70,70,110,22.000,22.000,24.500,24.500,0,0,0,0
249.444,13859826608897719907,0,0.000,0.000,0.000,0,3920,0,27,27,27,27,70,70,70,70,70,70,70,70,110,22.000,22.000,24.500,24.500,0,0,0,0
249.459,13859826608897719907,0,0.000,0.000,0.000,0,3920,0,27,27,27,27,70,70,70,70,70,70,70,70,110,22.000,22.000,24.500,24.500,0,0,0,0
249.487,13859826608897719907,0,0.000,0.000,0.000,0,3920,0,27,27,27,27,70,70,70,70,70,70,70,70,110,22.000,22.000,24.500,24.500,0,0,0,0
249.502,13859826608897719907,0,0.000,0.000,0.000,0,3920,0,27,27,27,27,70,70,70,70,70,70,70,70,110,22.000,22.000,24.500,24.500,0,0,0,0
249.517,13859826608897719907,0,0.000,0.000,0.000,0,3920,0,27,27,27,27,70,70,70,70,70,70,70,70,110,22.000,22.000,24.500,24.500,0,0,0,0
249.531,13859826608897719907,0,0.000,0.000,0.000,0,3920,0,27,27,27,27,70,70,70,70,70,70,70,70,110,22.000,22.000,24.500,24.500,0,0,0,0
249.546,13859826608897719907,0,0.000,0.000,0.000,0,3920,0,27,27,27,27,70,70,70,70,70,70,70,70,110,22.000,22.000,24.500,24.500,0,0,0,0
249.560,13859826608897719907,0,0.000,0.000,0.000,0,3920,0,27,27,27,27,70,70,70,70,70,70,70,70,110,22.000,22.000,24.500,24.500,0,0,0,0
249.575,13859826608897719907,0,0.000,0.000,0.000,0,3920,0,27,27,27,27,70,70,70,70,70,70,70,70,110,22.000,22.000,24.500,24.500,0,0,0,0
249.604,13859826608897719907,0,0.000,0.000,0.000,0,3920,0,27,27,27,27,70,70,70,70,70,70,70,70,110,22.000,22.000,24.500,24.500,0,0,0,0
249.618,13859826608897719907,0,0.000,0.000,0.000,0,3920,0,27,27,27,27,70,70,70,70,70,70,70,70,110,22.000,22.000,24.500,24.500,0,0,0,0
249.633,13859826608897719907,0,0.000,0.000,0.000,0,3920,0,27,27,27,27,70,70,70,70,70,70,70,70,110,22.000,22.000,24.500,24.500,0,0,0,0
249.647,13859826608897719907,0,0.000,0.000,0.000,0,3920,0,27,27,27,27,70,70,70,70,70,70,70,70,110,22.000,22.000,24.500,24.500,0,0,0,0
249.662,13859826608897719907,0,0.000,0.000,0.000,0,3920,0,27,27,27,27,70,70,70,70,70,70,70,70,110,22.000,22.000,24.500,24.500,0,0,0,0
249.677,13859826608897719907,0,0.000,0.000,0.000,0,3920,0,27,27,27,27,70,70,70,70,70,70,70,70,110,22.000,22.000,24.500,24.500,0,0,0,0
249.692,13859826608897719907,0,0.000,0.000,0.000,0,3920,0,27,27,27,27,70,70,70,70,70,70,70,70,110,22.000,22.000,24.500,24.500,0,0,0,0
249.707,13859826608897719907,0,0.000,0.000,0.000,0,3920,0,27,27,27,27,70,70,70,70,70,70,70,70,110,22.000,22.000,24.500,24.500,0,0,0,0
249.722,13859826608897719907,0,0.000,0.000,0.000,0,3920,0,27,27,27,27,70,70,70,70,70,70,70,70,110,22.000,22.000,24.500,24.500,0,0,0,0
249.752,13859826608897719907,0,0.000,0.000,0.000,0,3920,0,27,27,27,27,70,70,70,70,70,70,70,70,110,22.000,22.000,24.500,24.500,0,0,0,0
249.767,13859826608897719907,0,0.000,0.000,0.000,0,3920,0,27,27,27,27,70,70,70,70,70,70,70,70,110,22.000,22.000,24.500,24.500,0,0,0,0
249.782,13859826608897719907,0,0.000,0.000,0.000,0,3920,0,27,27,27,27,70,70,70,70,70,70,70,70,110,22.000,22.000,24.500,24.500,0,0,0,0
249.797,13859826608897719907,0,0.000,0.000,0.000,0,3920,0,27,27,27,27,70,70,70,70,70,70,70,70,110,22.000,22.000,24.500,24.500,0,0,0,0
249.813,13859826608897719907,0,0.000,0.000,0.000,0,3920,0,27,27,27,27,70,70,70,70,70,70,70,70,110,22.000,22.000,24.500,24.500,0,0,0,0
249.828,13859826608897719907,0,0.000,0.000,0.000,0,3920,0,27,27,27,27,70,70,70,70,70,70,70,70,110,22.000,22.000,24.500,24.500,0,0,0,0
249.843,13859826608897719907,0,0.000,0.000,0.000,0,3920,0,27,27,27,27,70,70,70,70,70,70,70,70,110,22.000,22.000,24.500,24.500,0,0,0,0
249.858,13859826608897719907,0,0.000,0.000,0.000,0,3920,0,27,27,27,27,70,70,70,70,70,70,70,70,110,22.000,22.000,24.500,24.500,0,0,0,0
249.888,13859826608897719907,0,0.000,0.000,0.000,0,3920,0,27,27,27,27,70,70,70,70,70,70,70,70,110,22.000,22.000,24.500,24.500,0,0,0,0
249.903,13859826608897719907,0,0.000,0.000,0.000,0,3920,0,27,27,27,27,70,70,70,70,70,70,70,70,110,22.000,22.000,24.500,24.500,0,0,0,0
249.918,13859826608897719907,0,0.000,0.000,0.000,0,3920,0,27,27,27,27,70,70,70,70,70,70,70,70,110,22.000,22.000,24.500,24.500,0,0,0,0
249.934,13859826608897719907,0,0.000,0.000,0.000,0,3920,0,27,27,27,27,70,70,70,70,70,70,70,70,110,22.000,22.000,24.500,24.500,0,0,0,0
249.949,13859826608897719907,0,0.000,0.000,0.000,0,3920,0,27,27,27,27,70,70,70,70,70,70,70,70,110,22.000,22.000,24.500,24.500,0,0,0,0
249.964,13859826608897719907,0,0.000,0.000,0.000,0,3920,0,27,27,27,27,70,70,70,70,70,70,70,70,110,22.000,22.000,24.500,24.500,0,0,0,0
249.979,13859826608897719907,0,0.000,0.000,0.000,0,3920,0,27,27,27,27,70,70,70,70,70,70,70,70,110,22.000,22.000,24.500,24.500,0,0,0,0
249.995,13859826608897719907,0,0.000,0.000,0.000,0,3920,0,27,27,27,27,70,70,70,70,70,70,70,70,110,22.000,22.000,24.500,24.500,0,0,0,0
250.010,13859826608897719907,0,0.000,0.000,0.000,0,3920,0,27,27,27,27,70,70,70,70,70,70,70,70,110,22.000,22.000,24.500,24.500,0,0,0,0
250.025,13859826608897719907,0,0.000,0.000,0.000,0,3920,0,27,27,27,27,70,70,70,70,70,70,70,70,110,22.000,22.000,24.500,24.500,0,0,0,0
250.041,13859826608897719907,0,0.000,0.000,0.000,0,3920,0,27,27,27,27,70,70,70,70,70,70,70,70,110,22.000,22.000,24.500,24.500,0,0,0,0
250.071,13859826608897719907,0,0.000,0.000,0.000,0,3920,0,27,27,27,27,70,70,70,70,70,70,70,70,110,22.000,22.000,24.500,24.500,0,0,0,0
250.086,13859826608897719907,0,0.000,0.000,0.000,0,3920,0,27,27,27,27,70,70,70,70,70,70,70,70,110,22.000,22.000,24.500,24.500,0,0,0,0
250.102,13859826608897719907,0,0.000,0.000,0.000,0,3920,0,27,27,27,27,70,70,70,70,70,70,70,70,110,22.000,22.000,24.500,24.500,0,0,0,0
250.116,13859826608897719907,0,0.000,0.000,0.000,0,3920,0,27,27,27,27,70,70,70,70,70,70,70,70,110,22.000,22.000,24.500,24.500,0,0,0,0
250.132,13859826608897719907,0,0.000,0.000,0.000,0,3920,0,27,27,27,27,70,70,70,70,70,70,70,70,110,22.000,22.000,24.500,24.500,0,0,0,0
250.147,13859826608897719907,0,0.000,0.000,0.000,0,3920,0,27,27,27,27,70,70,70,70,70,70,70,70,110,22.000,22.000,24.500,24.500,0,0,0,0
250.161,13859826608897719907,0,0.000,0.000,0.000,0,3920,0,27,27,27,27,70,70,70,70,70,70,70,70,110,22.000,22.000,24.500,24.500,0,0,0,0
250.176,13859826608897719907,0,0.000,0.000,0.000,0,3920,0,27,27,27,27,70,70,70,70,70,70,70,70,110,22.000,22.000,24.500,24.500,0,0,0,0
250.191,13859826608897719907,0,0.000,0.000,0.000,0,3920,0,27,27,27,27,70,70,70,70,70,70,70,70,110,22.000,22.000,24.500,24.500,0,0,0,0
250.221,13859826608897719907,0,0.000,0.000,0.000,0,3920,0,27,27,27,27,70,70,70,70,70,70,70,70,110,22.000,22.000,24.500,24.500,0,0,0,0
250.236,13859826608897719907,0,0.000,0.000,0.000,0,3920,0,27,27,27,27,70,70,70,70,70,70,70,70,110,22.000,22.000,24.500,24.500,0,0,0,0
250.251,13859826608897719907,0,0.000,0.000,0.000,0,3920,0,27,27,27,27,70,70,70,70,70,70,70,70,110,22.000,22.000,24.500,24.500,0,0,0,0
250.266,13859826608897719907,0,0.000,0.000,0.000,0,3920,0,27,27,27,27,70,70,70,70,70,70,70,70,110,22.000,22.000,24.500,24.500,0,0,0,0
250.281,13859826608897719907,0,0.000,0.000,0.000,0,3920,0,27,27,27,27,70,70,70,70,70,70,70,70,110,22.000,22.000,24.500,24.500,0,0,0,0
250.296,13859826608897719907,0,0.000,0.000,0.000,0,3920,0,27,27,27,27,70,70,70,70,70,70,70,70,110,22.000,22.000,24.500,24.500,0,0,0,0
250.311,13859826608897719907,0,0.000,0.000,0.000,0,3920,0,27,27,27,27,70,70,70,70,70,70,70,70,110,22.000,22.000,24.500,24.500,0,0,0,0
250.326,13859826608897719907,0,0.000,0.000,0.000,0,3920,0,27,27,27,27,70,70,70,70,70,70,70,70,110,22.000,22.000,24.500,24.500,0,0,0,0
250.355,13859826608897719907,0,0.000,0.000,0.000,0,3920,0,27,27,27,27,70,70,70,70,70,70,70,70,110,22.000,22.000,24.500,24.500,0,0,0,0
250.370,13859826608897719907,0,0.000,0.000,0.000,0,3920,0,27,27,27,27,70,70,70,70,70,70,70,70,110,22.000,22.000,24.500,24.500,0,0,0,0
250.384,13859826608897719907,0,0.000,0.000,0.000,0,3920,0,27,27,27,27,70,70,70,70,70,70,70,70,110,22.000,22.000,24.500,24.500,0,0,0,0
250.399,13859826608897719907,0,0.000,0.000,0.000,0,3920,0,27,27,27,27,70,70,70,70,70,70,70,70,110,22.000,22.000,24.500,24.500,0,0,0,0
250.413,13859826608897719907,0,0.000,0.000,0.000,0,3920,0,27,27,27,27,70,70,70,70,70,70,70,70,110,22.000,22.000,24.500,24.500,0,0,0,0
250.428,13859826608897719907,0,0.000,0.000,0.000,0,3920,0,27,27,27,27,70,70,70,70,70,70,70,70,110,22.000,22.000,24.500,24.500,0,0,0,0
250.443,13859826608897719907,0,0.000,0.000,0.000,0,3920,0,27,27,27,27,70,70,70,70,70,70,70,70,110,22.000,22.000,24.500,24.500,0,0,0,0
250.458,13859826608897719907,0,0.000,0.000,0.000,0,3920,0,27,27,27,27,70,70,70,70,70,70,70,70,110,22.000,22.000,24.500,24.500,0,0,0,0
250.473,13859826608897719907,0,0.000,0.000,0.000,0,3920,0,27,27,27,27,70,70,70,70,70,70,70,70,110,22.000,22.000,24.500,24.500,0,0,0,0
250.488,13859826608897719907,0,0.000,0.000,0.000,0,3920,0,27,27,27,27,70,70,70,70,70,70,70,70,110,22.000,22.000,24.500,24.500,0,0,0,0
250.519,13859826608897719907,0,0.000,0.000,0.000,0,3920,0,27,27,27,27,70,70,70,70,70,70,70,70,110,22.000,22.000,24.500,24.500,0,0,0,0
250.534,13859826608897719907,0,0.000,0.000,0.000,0,3920,0,27,27,27,27,70,70,70,70,70,70,70,70,110,22.000,22.000,24.500,24.500,0,0,0,0
250.550,13859826608897719907,0,0.000,0.000,0.000,0,3920,0,27,27,27,27,70,70,70,70,70,70,70,70,110,22.000,22.000,24.500,24.500,0,0,0,0
250.566,13859826608897719907,0,0.000,0.000,0.000,0,3920,0,27,27,27,27,70,70,70,70,70,70,70,70,110,22.000,22.000,24.500,24.500,0,0,0,0
250.582,13859826608897719907,0,0.000,0.000,0.000,0,3920,0,27,27,27,27,70,70,70,70,70,70,70,70,110,22.000,22.000,24.500,24.500,0,0,0,0
250.597,13859826608897719907,0,0.000,0.000,0.000,0,3920,0,27,27,27,27,70,70,70,70,70,70,70,70,110,22.000,22.000,24.500,24.500,0,0,0,0
250.613,13859826608897719907,0,0.000,0.000,0.000,0,3920,0,27,27,27,27,70,70,70,70,70,70,70,70,110,22.000,22.000,24.500,24.500,0,0,0,0
250.628,13859826608897719907,0,0.000,0.000,0.000,0,3920,0,27,27,27,27,70,70,70,70,70,70,70,70,110,22.000,22.000,24.500,24.500,0,0,0,0
250.644,13859826608897719907,0,0.000,0.000,0.000,0,3920,0,27,27,27,27,70,70,70,70,70,70,70,70,110,22.000,22.000,24.500,24.500,0,0,0,0
250.660,13859826608897719907,0,0.000,0.000,0.000,0,3920,0,27,27,27,27,70,70,70,70,70,70,70,70,110,22.000,22.000,24.500,24.500,0,0,0,0
250.689,13859826608897719907,0,0.000,0.000,0.000,0,3920,0,27,27,27,27,70,70,70,70,70,70,70,70,110,22.000,22.000,24.500,24.500,0,0,0,0
250.704,13859826608897719907,0,0.000,0.000,0.000,0,3920,0,27,27,27,27,70,70,70,70,70,70,70,70,110,22.000,22.000,24.500,24.500,0,0,0,0
250.718,13859826608897719907,0,0.000,0.000,0.000,0,3920,0,27,27,27,27,70,70,70,70,70,70,70,70,110,22.000,22.000,24.500,24.500,0,0,0,0
250.733,13859826608897719907,0,0.000,0.000,0.000,0,3920,0,27,27,27,27,70,70,70,70,70,70,70,70,110,22.000,22.000,24.500,24.500,0,0,0,0
250.747,13859826608897719907,0,0.000,0.000,0.000,0,3920,0,27,27,27,27,70,70,70,70,70,70,70,70,110,22.000,22.000,24.500,24.500,0,0,0,0
250.762,13859826608897719907,0,0.000,0.000,0.000,0,3920,0,27,27,27,27,70,70,70,70,70,70,70,70,110,22.000,22.000,24.500,24.500,0,0,0,0
250.777,13859826608897719907,0,0.000,0.000,0.000,0,3920,0,27,27,27,27,70,70,70,70,70,70,70,70,110,22.000,22.000,24.500,24.500,0,0,0,0
250.792,13859826608897719907,0,0.000,0.000,0.000,0,3920,0,27,27,27,27,70,70,70,70,70,70,70,70,110,22.000,22.000,24.500,24.500,0,0,0,0
250.807,13859826608897719907,0,0.000,0.000,0.000,0,3920,0,27,27,27,27,70,70,70,70,70,70,70,70,110,22.000,22.000,24.500,24.500,0,0,0,0
250.836,13859826608897719907,0,0.000,0.000,0.000,0,3920,0,27,27,27,27,70,70,70,70,70,70,70,70,110,22.000,22.000,24.500,24.500,0,0,0,0
250.851,13859826608897719907,0,0.000,0.000,0.000,0,3920,0,27,27,27,27,70,70,70,70,70,70,70,70,110,22.000,22.000,24.500,24.500,0,0,0,0
250.866,13859826608897719907,0,0.000,0.000,0.000,0,3920,0,27,27,27,27,70,70,70,70,70,70,70,70,110,22.000,22.000,24.500,24.500,0,0,0,0
250.881,13859826608897719907,0,0.000,0.000,0.000,0,3920,0,27,27,27,27,70,70,70,70,70,70,70,70,110,22.000,22.000,24.500,24.500,0,0,0,0
250.896,13859826608897719907,0,0.000,0.000,0.000,0,3920,0,27,27,27,27,70,70,70,70,70,70,70,70,110,22.000,22.000,24.500,24.500,0,0,0,0
250.911,13859826608897719907,0,0.000,0.000,0.000,0,3920,0,27,27,27,27,70,70,70,70,70,70,70,70,110,22.000,22.000,24.500,24.500,0,0,0,0
250.926,13859826608897719907,0,0.000,0.000,0.000,0,3920,0,27,27,27,27,70,70,70,70,70,70,70,70,110,22.000,22.000,24.500,24.500,0,0,0,0
250.955,13859826608897719907,0,0.000,0.000,0.000,0,3920,0,27,27,27,27,70,70,70,70,70,70,70,70,110,22.000,22.000,24.500,24.500,0,0,0,0
250.969,13859826608897719907,0,0.000,0.000,0.000,0,3920,0,27,27,27,27,70,70,70,70,70,70,70,70,110,22.000,22.000,24.500,24.500,0,0,0,0
250.984,13859826608897719907,0,0.000,0.000,0.000,0,3920,0,27,27,27,27,70,70,70,70,70,70,70,70,110,22.000,22.000,24.500,24.500,0,0,0,0
250.998,13859826608897719907,0,0.000,0.000,0.000,0,3920,0,27,27,27,27,70,70,70,70,70,70,70,70,110,22.000,22.000,24.500,24.500,0,0,0,0
251.013,13859826608897719907,0,0.000,0.000,0.000,0,3920,0,27,27,27,27,70,70,70,70,70,70,70,70,110,22.000,22.000,24.500,24.500,0,0,0,0
251.027,13859826608897719907,0,0.000,0.000,0.000,0,3920,0,27,27,27,27,70,70,70,70,70,70,70,70,110,22.000,22.000,24.500,24.500,0,0,0,0
251.042,13859826608897719907,0,0.000,0.000,0.000,0,3920,0,27,27,27,27,70,70,70,70,70,70,70,70,110,22.000,22.000,24.500,24.500,0,0,0,0
251.071,13859826608897719907,0,0.000,0.000,0.000,0,3920,0,27,27,27,27,70,70,70,70,70,70,70,70,110,22.000,22.000,24.500,24.500,0,0,0,0
251.085,13859826608897719907,0,0.000,0.000,0.000,0,3920,0,27,27,27,27,70,70,70,70,70,70,70,70,110,22.000,22.000,24.500,24.500,0,0,0,0
251.099,13859826608897719907,0,0.000,0.000,0.000,0,3920,0,27,27,27,27,70,70,70,70,70,70,70,70,110,22.000,22.000,24.500,24.500,0,0,0,0
251.114,13859826608897719907,0,0.000,0.000,0.000,0,3920,0,27,27,27,27,70,70,70,70,70,70,70,70,110,22.000,22.000,24.500,24.500,0,0,0,0
251.128,13859826608897719907,0,0.000,0.000,0.000,0,3920,0,27,27,27,27,70,70,70,70,70,70,70,70,110,22.000,22.000,24.500,24.500,0,0,0,0
251.143,13859826608897719907,0,0.000,0.000,0.000,0,3920,0,27,27,27,27,70,70,70,70,70,70,70,70,110,22.000,22.000,24.500,24.500,0,0,0,0
251.172,13859826608897719907,0,0.000,0.000,0.000,0,3920,0,27,27,27,27,70,70,70,70,70,70,70,70,110,22.000,22.000,24.500,24.500,0,0,0,0
251.186,13859826608897719907,0,0.000,0.000,0.000,0,3920,0,27,27,27,27,70,70,70,70,70,70,70,70,110,22.000,22.000,24.500,24.500,0,0,0,0
251.201,13859826608897719907,0,0.000,0.000,0.000,0,3920,0,27,27,27,27,70,70,70,70,70,70,70,70,110,22.000,22.000,24.500,24.500,0,0,0,0
251.215,13859826608897719907,0,0.000,0.000,0.000,0,3920,0,27,27,27,27,70,70,70,70,70,70,70,70,110,22.000,22.000,24.500,24.500,0,0,0,0
251.230,13859826608897719907,0,0.000,0.000,0.000,0,3920,0,27,27,27,27,70,70,70,70,70,70,70,70,110,22.000,22.000,24.500,24.500,0,0,0,0
251.244,13859826608897719907,0,0.000,0.000,0.000,0,3920,0,27,27,27,27,70,70,70,70,70,70,70,70,110,22.000,22.000,24.500,24.500,0,0,0,0
251.258,13859826608897719907,0,0.000,0.000,0.000,0,3920,0,27,27,27,27,70,70,70,70,70,70,70,70,110,22.000,22.000,24.500,24.500,0,0,0,0
251.273,13859826608897719907,0,0.000,0.000,0.000,0,3920,0,27,27,27,27,70,70,70,70,70,70,70,70,110,22.000,22.000,24.500,24.500,0,0,0,0
251.302,13859826608897719907,0,0.000,0.000,0.000,0,3920,0,27,27,27,27,70,70,70,70,70,70,70,70,110,22.000,22.000,24.500,24.500,0,0,0,0
251.317,13859826608897719907,0,0.000,0.000,0.000,0,3920,0,27,27,27,27,70,70,70,70,70,70,70,70,110,22.000,22.000,24.500,24.500,0,0,0,0
251.331,13859826608897719907,0,0.000,0.000,0.000,0,3920,0,27,27,27,27,70,70,70,70,70,70,70,70,110,22.000,22.000,24.500,24.500,0,0,0,0
251.346,13859826608897719907,0,0.000,0.000,0.000,0,3920,0,27,27,27,27,70,70,70,70,70,70,70,70,110,22.000,22.000,24.500,24.500,0,0,0,0
251.361,13859826608897719907,0,0.000,0.000,0.000,0,3920,0,27,27,27,27,70,70,70,70,70,70,70,70,110,22.000,22.000,24.500,24.500,0,0,0,0
251.389,13859826608897719907,0,0.000,0.000,0.000,0,3920,0,27,27,27,27,70,70,70,70,70,70,70,70,110,22.000,22.000,24.500,24.500,0,0,0,0
251.403,13859826608897719907,0,0.000,0.000,0.000,0,3920,0,27,27,27,27,70,70,70,70,70,70,70,70,110,22.000,22.000,24.500,24.500,0,0,0,0
251.417,13859826608897719907,0,0.000,0.000,0.000,0,3920,0,27,27,27,27,70,70,70,70,70,70,70,70,110,22.000,22.000,24.500,24.500,0,0,0,0
251.432,13859826608897719907,0,0.000,0.000,0.000,0,3920,0,27,27,27,27,70,70,70,70,70,70,70,70,110,22.000,22.000,24.500,24.500,0,0,0,0
251.446,13859826608897719907,0,0.000,0.000,0.000,0,3920,0,27,27,27,27,70,70,70,70,70,70,70,70,110,22.000,22.000,24.500,24.500,0,0,0,0
251.460,13859826608897719907,0,0.000,0.000,0.000,0,3920,0,27,27,27,27,70,70,70,70,70,70,70,70,110,22.000,22.000,24.500,24.500,0,0,0,0
251.474,13859826608897719907,0,0.000,0.000,0.000,0,3920,0,27,27,27,27,70,70,70,70,70,70,70,70,110,22.000,22.000,24.500,24.500,0,0,0,0
251.502,13859826608897719907,0,0.000,0.000,0.000,0,3920,0,27,27,27,27,70,70,70,70,70,70,70,70,110,22.000,22.000,24.500,24.500,0,0,0,0
251.516,13859826608897719907,0,0.000,0.000,0.000,0,3920,0,27,27,27,27,70,70,70,70,70,70,70,70,110,22.000,22.000,24.500,24.500,0,0,0,0
251.530,13859826608897719907,0,0.000,0.000,0.000,0,3920,0,27,27,27,27,70,70,70,70,70,70,70,70,110,22.000,22.000,24.500,24.500,0,0,0,0
251.545,13859826608897719907,0,0.000,0.000,0.000,0,3920,0,27,27,27,27,70,70,70,70,70,70,70,70,110,22.000,22.000,24.500,24.500,0,0,0,0
251.573,13859826608897719907,0,0.000,0.000,0.000,0,3920,0,27,27,27,27,70,70,70,70,70,70,70,70,110,22.000,22.000,24.500,24.500,0,0,0,0
251.587,13859826608897719907,0,0.000,0.000,0.000,0,3920,0,27,27,27,27,70,70,70,70,70,70,70,70,110,22.000,22.000,24.500,24.500,0,0,0,0
251.601,13859826608897719907,0,0.000,0.000,0.000,0,3920,0,27,27,27,27,70,70,70,70,70,70,70,70,110,22.000,22.000,24.500,24.500,0,0,0,0
251.614,13859826608897719907,0,0.000,0.000,0.000,0,3920,0,27,27,27,27,70,70,70,70,70,70,70,70,110,22.000,22.000,24.500,24.500,0,0,0,0
251.628,13859826608897719907,0,0.000,0.000,0.000,0,3920,0,27,27,27,27,70,70,70,70,70,70,70,70,110,22.000,22.000,24.500,24.500,0,0,0,0
251.656,13859826608897719907,0,0.000,0.000,0.000,0,3920,0,27,27,27,27,70,70,70,70,70,70,70,70,110,22.000,22.000,24.500,24.500,0,0,0,0
251.670,13859826608897719907,0,0.000,0.000,0.000,0,3920,0,27,27,27,27,70,70,70,70,70,70,70,70,110,22.000,22.000,24.500,24.500,0,0,0,0
251.684,13859826608897719907,0,0.000,0.000,0.000,0,3920,0,27,27,27,27,70,70,70,70,70,70,70,70,110,22.000,22.000,24.500,24.500,0,0,0,0
251.698,13859826608897719907,0,0.000,0.000,0.000,0,3920,0,27,27,27,27,70,70,70,70,70,70,70,70,110,22.000,22.000,24.500,24.500,0,0,0,0
251.725,13859826608897719907,0,0.000,0.000,0.000,0,3920,0,27,27,27,27,70,70,70,70,70,70,70,70,110,22.000,22.000,24.500,24.500,0,0,0,0
251.739,13859826608897719907,0,0.000,0.000,0.000,0,3920,0,27,27,27,27,70,70,70,70,70,70,70,70,110,22.000,22.000,24.500,24.500,0,0,0,0
251.753,13859826608897719907,0,0.000,0.000,0.000,0,3920,0,27,27,27,27,70,70,70,70,70,70,70,70,110,22.000,22.000,24.500,24.500,0,0,0,0
251.767,13859826608897719907,0,0.000,0.000,0.000,0,3920,0,27,27,27,27,70,70,70,70,70,70,70,70,110,22.000,22.000,24.500,24.500,0,0,0,0
251.781,13859826608897719907,0,0.000,0.000,0.000,0,3920,0,27,27,27,27,70,70,70,70,70,70,70,70,110,22.000,22.000,24.500,24.500,0,0,0,0
251.795,13859826608897719907,0,0.000,0.000,0.000,0,3920,0,27,27,27,27,70,70,70,70,70,70,70,70,110,22.000,22.000,24.500,24.500,0,0,0,0
251.823,13859826608897719907,0,0.000,0.000,0.000,0,3920,0,27,27,27,27,70,70,70,70,70,70,70,70,110,22.000,22.000,24.500,24.500,0,0,0,0
251.837,13859826608897719907,0,0.000,0.000,0.000,0,3920,0,27,27,27,27,70,70,70,70,70,70,70,70,110,22.000,22.000,24.500,24.500,0,0,0,0
251.851,13859826608897719907,0,0.000,0.000,0.000,0,3920,0,27,27,27,27,70,70,70,70,70,70,70,70,110,22.000,22.000,24.500,24.500,0,0,0,0
251.865,13859826608897719907,0,0.000,0.000,0.000,0,3920,0,27,27,27,27,70,70,70,70,70,70,70,70,110,22.000,22.000,24.500,24.500,0,0,0,0
251.879,13859826608897719907,0,0.000,0.000,0.000,0,3920,0,27,27,27,27,70,70,70,70,70,70,70,70,110,22.000,22.000,24.500,24.500,0,0,0,0
251.907,13859826608897719907,0,0.000,0.000,0.000,0,3920,0,27,27,27,27,70,70,70,70,70,70,70,70,110,22.000,22.000,24.500,24.500,0,0,0,0
251.921,13859826608897719907,0,0.000,0.000,0.000,0,3920,0,27,27,27,27,70,70,70,70,70,70,70,70,110,22.000,22.000,24.500,24.500,0,0,0,0
251.935,13859826608897719907,0,0.000,0.000,0.000,0,3920,0,27,27,27,27,70,70,70,70,70,70,70,70,110,22.000,22.000,24.500,24.500,0,0,0,0
251.948,13859826608897719907,0,0.000,0.000,0.000,0,3920,0,27,27,27,27,70,70,70,70,70,70,70,70,110,22.000,22.000,24.500,24.500,0,0,0,0
251.962,13859826608897719907,0,0.000,0.000,0.000,0,3920,0,27,27,27,27,70,70,70,70,70,70,70,70,110,22.000,22.000,24.500,24.500,0,0,0,0
251.990,13859826608897719907,0,0.000,0.000,0.000,0,3920,0,27,27,27,27,70,70,70,70,70,70,70,70,110,22.000,22.000,24.500,24.500,0,0,0,0
252.004,13859826608897719907,0,0.000,0.000,0.000,0,3920,0,27,27,27,27,70,70,70,70,70,70,70,70,110,22.000,22.000,24.500,24.500,0,0,0,0
252.018,13859826608897719907,0,0.000,0.000,0.000,0,3920,0,27,27,27,27,70,70,70,70,70,70,70,70,110,22.000,22.000,24.500,24.500,0,0,0,0
252.032,13859826608897719907,0,0.000,0.000,0.000,0,3920,0,27,27,27,27,70,70,70,70,70,70,70,70,110,22.000,22.000,24.500,24.500,0,0,0,0
252.059,13859826608897719907,0,0.000,0.000,0.000,0,3920,0,27,27,27,27,70,70,70,70,70,70,70,70,110,22.000,22.000,24.500,24.500,0,0,0,0
252.073,13859826608897719907,0,0.000,0.000,0.000,0,3920,0,27,27,27,27,70,70,70,70,70,70,70,70,110,22.000,22.000,24.500,24.500,0,0,0,0
252.087,13859826608897719907,0,0.000,0.000,0.000,0,3920,0,27,27,27,27,70,70,70,70,70,70,70,70,110,22.000,22.000,24.500,24.500,0,0,0,0
252.101,13859826608897719907,0,0.000,0.000,0.000,0,3920,0,27,27,27,27,70,70,70,70,70,70,70,70,110,22.000,22.000,24.500,24.500,0,0,0,0
252.115,13859826608897719907,0,0.000,0.000,0.000,0,3920,0,27,27,27,27,70,70,70,70,70,70,70,70,110,22.000,22.000,24.500,24.500,0,0,0,0
252.129,13859826608897719907,0,0.000,0.000,0.000,0,3920,0,27,27,27,27,70,70,70,70,70,70,70,70,110,22.000,22.000,24.500,24.500,0,0,0,0
252.143,13859826608897719907,0,0.000,0.000,0.000,0,3920,0,27,27,27,27,70,70,70,70,70,70,70,70,110,22.000,22.000,24.500,24.500,0,0,0,0
252.171,13859826608897719907,0,0.000,0.000,0.000,0,3920,0,27,27,27,27,70,70,70,70,70,70,70,70,110,22.000,22.000,24.500,24.500,0,0,0,0
252.185,13859826608897719907,0,0.000,0.000,0.000,0,3920,0,27,27,27,27,70,70,70,70,70,70,70,70,110,22.000,22.000,24.500,24.500,0,0,0,0
252.198,13859826608897719907,0,0.000,0.000,0.000,0,3920,0,27,27,27,27,70,70,70,70,70,70,70,70,110,22.000,22.000,24.500,24.500,0,0,0,0
252.212,13859826608897719907,0,0.000,0.000,0.000,0,3920,0,27,27,27,27,70,70,70,70,70,70,70,70,110,22.000,22.000,24.500,24.500,0,0,0,0
252.226,13859826608897719907,0,0.000,0.000,0.000,0,3920,0,27,27,27,27,70,70,70,70,70,70,70,70,110,22.000,22.000,24.500,24.500,0,0,0,0
252.254,13859826608897719907,0,0.000,0.000,0.000,0,3920,0,27,27,27,27,70,70,70,70,70,70,70,70,110,22.000,22.000,24.500,24.500,0,0,0,0
252.268,13859826608897719907,0,0.000,0.000,0.000,0,3920,0,27,27,27,27,70,70,70,70,70,70,70,70,110,22.000,22.000,24.500,24.500,0,0,0,0
252.282,13859826608897719907,0,0.000,0.000,0.000,0,3920,0,27,27,27,27,70,70,70,70,70,70,70,70,110,22.000,22.000,24.500,24.500,0,0,0,0
252.296,13859826608897719907,0,0.000,0.000,0.000,0,3920,0,27,27,27,27,70,70,70,70,70,70,70,70,110,22.000,22.000,24.500,24.500,0,0,0,0
252.323,13859826608897719907,0,0.000,0.000,0.000,0,3920,0,27,27,27,27,70,70,70,70,70,70,70,70,110,22.000,22.000,24.500,24.500,0,0,0,0
252.337,13859826608897719907,0,0.000,0.000,0.000,0,3920,0,27,27,27,27,70,70,70,70,70,70,70,70,110,22.000,22.000,24.500,24.500,0,0,0,0
252.351,13859826608897719907,0,0.000,0.000,0.000,0,3920,0,27,27,27,27,70,70,70,70,70,70,70,70,110,22.000,22.000,24.500,24.500,0,0,0,0
252.365,13859826608897719907,0,0.000,0.000,0.000,0,3920,0,27,27,27,27,70,70,70,70,70,70,70,70,110,22.000,22.000,24.500,24.500,0,0,0,0
252.392,13859826608897719907,0,0.000,0.000,0.000,0,3920,0,27,27,27,27,70,70,70,70,70,70,70,70,110,22.000,22.000,24.500,24.500,0,0,0,0
252.406,13859826608897719907,0,0.000,0.000,0.000,0,3920,0,27,27,27,27,70,70,70,70,70,70,70,70,110,22.000,22.000,24.500,24.500,0,0,0,0
252.419,13859826608897719907,0,0.000,0.000,0.000,0,3920,0,27,27,27,27,70,70,70,70,70,70,70,70,110,22.000,22.000,24.500,24.500,0,0,0,0
252.433,13859826608897719907,0,0.000,0.000,0.000,0,3920,0,27,27,27,27,70,70,70,70,70,70,70,70,110,22.000,22.000,24.500,24.500,0,0,0,0
252.447,13859826608897719907,0,0.000,0.000,0.000,0,3920,0,27,27,27,27,70,70,70,70,70,70,70,70,110,22.000,22.000,24.500,24.500,0,0,0,0
252.474,13859826608897719907,0,0.000,0.000,0.000,0,3920,0,27,27,27,27,70,70,70,70,70,70,70,70,110,22.000,22.000,24.500,24.500,0,0,0,0
252.488,13859826608897719907,0,0.000,0.000,0.000,0,3920,0,27,27,27,27,70,70,70,70,70,70,70,70,110,22.000,22.000,24.500,24.500,0,0,0,0
252.502,13859826608897719907,0,0.000,0.000,0.000,0,3920,0,27,27,27,27,70,70,70,70,70,70,70,70,110,22.000,22.000,24.500,24.500,0,0,0,0
252.516,13859826608897719907,0,0.000,0.000,0.000,0,3920,0,27,27,27,27,70,70,70,70,70,70,70,70,110,22.000,22.000,24.500,24.500,0,0,0,0
252.530,13859826608897719907,0,0.000,0.000,0.000,0,3920,0,27,27,27,27,70,70,70,70,70,70,70,70,110,22.000,22.000,24.500,24.500,0,0,0,0
252.544,13859826608897719907,0,0.000,0.000,0.000,0,3920,0,27,27,27,27,70,70,70,70,70,70,70,70,110,22.000,22.000,24.500,24.500,0,0,0,0
252.572,13859826608897719907,0,0.000,0.000,0.000,0,3920,0,27,27,27,27,70,70,70,70,70,70,70,70,110,22.000,22.000,24.500,24.500,0,0,0,0
252.586,13859826608897719907,0,0.000,0.000,0.000,0,3920,0,27,27,27,27,70,70,70,70,70,70,70,70,110,22.000,22.000,24.500,24.500,0,0,0,0
252.601,13859826608897719907,0,0.000,0.000,0.000,0,3920,0,27,27,27,27,70,70,70,70,70,70,70,70,110,22.000,22.000,24.500,24.500,0,0,0,0
252.615,13859826608897719907,0,0.000,0.000,0.000,0,3920,0,27,27,27,27,70,70,70,70,70,70,70,70,110,22.000,22.000,24.500,24.500,0,0,0,0
252.629,13859826608897719907,0,0.000,0.000,0.000,0,3920,0,27,27,27,27,70,70,70,70,70,70,70,70,110,22.000,22.000,24.500,24.500,0,0,0,0
252.644,13859826608897719907,0,0.000,0.000,0.000,0,3920,0,27,27,27,27,70,70,70,70,70,70,70,70,110,22.000,22.000,24.500,24.500,0,0,0,0
252.672,13859826608897719907,0,0.000,0.000,0.000,0,3920,0,27,27,27,27,70,70,70,70,70,70,70,70,110,22.000,22.000,24.500,24.500,0,0,0,0
252.686,13859826608897719907,0,0.000,0.000,0.000,0,3920,0,27,27,27,27,70,70,70,70,70,70,70,70,110,22.000,22.000,24.500,24.500,0,0,0,0
252.700,13859826608897719907,0,0.000,0.000,0.000,0,3920,0,27,27,27,27,70,70,70,70,70,70,70,70,110,22.000,22.000,24.500,24.500,0,0,0,0
252.713,13859826608897719907,0,0.000,0.000,0.000,0,3920,0,27,27,27,27,70,70,70,70,70,70,70,70,110,22.000,22.000,24.500,24.500,0,0,0,0
252.727,13859826608897719907,0,0.000,0.000,0.000,0,3920,0,27,27,27,27,70,70,70,70,70,70,70,70,110,22.000,22.000,24.500,24.500,0,0,0,0
252.754,13859826608897719907,0,0.000,0.000,0.000,0,3920,0,27,27,27,27,70,70,70,70,70,70,70,70,110,22.000,22.000,24.500,24.500,0,0,0,0
252.768,13859826608897719907,0,0.000,0.000,0.000,0,3920,0,27,27,27,27,70,70,70,70,70,70,70,70,110,22.000,22.000,24.500,24.500,0,0,0,0
252.781,13859826608897719907,0,0.000,0.000,0.000,0,3920,0,27,27,27,27,70,70,70,70,70,70,70,70,110,22.000,22.000,24.500,24.500,0,0,0,0
252.795,13859826608897719907,0,0.000,0.000,0.000,0,3920,0,27,27,27,27,70,70,70,70,70,70,70,70,110,22.000,22.000,24.500,24.500,0,0,0,0
252.822,13859826608897719907,0,0.000,0.000,0.000,0,3920,0,27,27,27,27,70,70,70,70,70,70,70,70,110,22.000,22.000,24.500,24.500,0,0,0,0
252.835,13859826608897719907,0,0.000,0.000,0.000,0,3920,0,27,27,27,27,70,70,70,70,70,70,70,70,110,22.000,22.000,24.500,24.500,0,0,0,0
252.849,13859826608897719907,0,0.000,0.000,0.000,0,3920,0,27,27,27,27,70,70,70,70,70,70,70,70,110,22.000,22.000,24.500,24.500,0,0,0,0
252.862,13859826608897719907,0,0.000,0.000,0.000,0,3920,0,27,27,27,27,70,70,70,70,70,70,70,70,110,22.000,22.000,24.500,24.500,0,0,0,0
252.889,13859826608897719907,0,0.000,0.000,0.000,0,3920,0,27,27,27,27,70,70,70,70,70,70,70,70,110,22.000,22.000,24.500,24.500,0,0,0,0
252.903,13859826608897719907,0,0.000,0.000,0.000,0,3920,0,27,27,27,27,70,70,70,70,70,70,70,70,110,22.000,22.000,24.500,24.500,0,0,0,0
252.917,13859826608897719907,0,0.000,0.000,0.000,0,3920,0,27,27,27,27,70,70,70,70,70,70,70,70,110,22.000,22.000,24.500,24.500,0,0,0,0
252.930,13859826608897719907,0,0.000,0.000,0.000,0,3920,0,27,27,27,27,70,70,70,70,70,70,70,70,110,22.000,22.000,24.500,24.500,0,0,0,0
252.944,13859826608897719907,0,0.000,0.000,0.000,0,3920,0,27,27,27,27,70,70,70,70,70,70,70,70,110,22.000,22.000,24.500,24.500,0,0,0,0
252.972,13859826608897719907,0,0.000,0.000,0.000,0,3920,0,27,27,27,27,70,70,70,70,70,70,70,70,110,22.000,22.000,24.500,24.500,0,0,0,0
252.986,13859826608897719907,0,0.000,0.000,0.000,0,3920,0,27,27,27,27,70,70,70,70,70,70,70,70,110,22.000,22.000,24.500,24.500,0,0,0,0
252.999,13859826608897719907,0,0.000,0.000,0.000,0,3920,0,27,27,27,27,70,70,70,70,70,70,70,70,110,22.000,22.000,24.500,24.500,0,0,0,0
253.013,13859826608897719907,0,0.000,0.000,0.000,0,3920,0,27,27,27,27,70,70,70,70,70,70,70,70,110,22.000,22.000,24.500,24.500,0,0,0,0
253.041,13859826608897719907,0,0.000,0.000,0.000,0,3920,0,27,27,27,27,70,70,70,70,70,70,70,70,110,22.000,22.000,24.500,24.500,0,0,0,0
253.054,13859826608897719907,0,0.000,0.000,0.000,0,3920,0,27,27,27,27,70,70,70,70,70,70,70,70,110,22.000,22.000,24.500,24.500,0,0,0,0
253.068,13859826608897719907,0,0.000,0.000,0.000,0,3920,0,27,27,27,27,70,70,70,70,70,70,70,70,110,22.000,22.000,24.500,24.500,0,0,0,0
253.082,13859826608897719907,0,0.000,0.000,0.000,0,3920,0,27,27,27,27,70,70,70,70,70,70,70,70,110,22.000,22.000,24.500,24.500,0,0,0,0
253.109,13859826608897719907,0,0.000,0.000,0.000,0,3920,0,27,27,27,27,70,70,70,70,70,70,70,70,110,22.000,22.000,24.500,24.500,0,0,0,0
253.123,13859826608897719907,0,0.000,0.000,0.000,0,3920,0,27,27,27,27,70,70,70,70,70,70,70,70,110,22.000,22.000,24.500,24.500,0,0,0,0
253.136,13859826608897719907,0,0.000,0.000,0.000,0,3920,0,27,27,27,27,70,70,70,70,70,70,70,70,110,22.000,22.000,24.500,24.500,0,0,0,0
253.150,13859826608897719907,0,0.000,0.000,0.000,0,3920,0,27,27,27,27,70,70,70,70,70,70,70,70,110,22.000,22.000,24.500,24.500,0,0,0,0
253.164,13859826608897719907,0,0.000,0.000,0.000,0,3920,0,27,27,27,27,70,70,70,70,70,70,70,70,110,22.000,22.000,24.500,24.500,0,0,0,0
253.191,13859826608897719907,0,0.000,0.000,0.000,0,3920,0,27,27,27,27,70,70,70,70,70,70,70,70,110,22.000,22.000,24.500,24.500,0,0,0,0
253.204,13859826608897719907,0,0.000,0.000,0.000,0,3920,0,27,27,27,27,70,70,70,70,70,70,70,70,110,22.000,22.000,24.500,24.500,0,0,0,0
253.218,13859826608897719907,0,0.000,0.000,0.000,0,3920,0,27,27,27,27,70,70,70,70,70,70,70,70,110,22.000,22.000,24.500,24.500,0,0,0,0
253.231,13859826608897719907,0,0.000,0.000,0.000,0,3920,0,27,27,27,27,70,70,70,70,70,70,70,70,110,22.000,22.000,24.500,24.500,0,0,0,0
253.258,13859826608897719907,0,0.000,0.000,0.000,0,3920,0,27,27,27,27,70,70,70,70,70,70,70,70,110,22.000,22.000,24.500,24.500,0,0,0,0
253.272,13859826608897719907,0,0.000,0.000,0.000,0,3920,0,27,27,27,27,70,70,70,70,70,70,70,70,110,22.000,22.000,24.500,24.500,0,0,0,0
253.285,13859826608897719907,0,0.000,0.000,0.000,0,3920,0,27,27,27,27,70,70,70,70,70,70,70,70,110,22.000,22.000,24.500,24.500,0,0,0,0
253.299,13859826608897719907,0,0.000,0.000,0.000,0,3920,0,27,27,27,27,70,70,70,70,70,70,70,70,110,22.000,22.000,24.500,24.500,0,0,0,0
253.326,13859826608897719907,0,0.000,0.000,0.000,0,3920,0,27,27,27,27,70,70,70,70,70,70,70,70,110,22.000,22.000,24.500,24.500,0,0,0,0
253.340,13859826608897719907,0,0.000,0.000,0.000,0,3920,0,27,27,27,27,70,70,70,70,70,70,70,70,110,22.000,22.000,24.500,24.500,0,0,0,0
253.353,13859826608897719907,0,0.000,0.000,0.000,0,3920,0,27,27,27,27,70,70,70,70,70,70,70,70,110,22.000,22.000,24.500,24.500,0,0,0,0
253.367,13859826608897719907,0,0.000,0.000,0.000,0,3920,0,27,27,27,27,70,70,70,70,70,70,70,70,110,22.000,22.000,24.500,24.500,0,0,0,0
253.380,13859826608897719907,0,0.000,0.000,0.000,0,3920,0,27,27,27,27,70,70,70,70,70,70,70,70,110,22.000,22.000,24.500,24.500,0,0,0,0
253.394,13859826608897719907,0,0.000,0.000,0.000,0,3920,0,27,27,27,27,70,70,70,70,70,70,70,70,110,22.000,22.000,24.500,24.500,0,0,0,0
253.421,13859826608897719907,0,0.000,0.000,0.000,0,3920,0,27,27,27,27,70,70,70,70,70,70,70,70,110,22.000,22.000,24.500,24.500,0,0,0,0
253.434,13859826608897719907,0,0.000,0.000,0.000,0,3920,0,27,27,27,27,70,70,70,70,70,70,70,70,110,22.000,22.000,24.500,24.500,0,0,0,0
253.448,13859826608897719907,0,0.000,0.000,0.000,0,3920,0,27,27,27,27,70,70,70,70,70,70,70,70,110,22.000,22.000,24.500,24.500,0,0,0,0
253.475,13859826608897719907,0,0.000,0.000,0.000,0,3920,0,27,27,27,27,70,70,70,70,70,70,70,70,110,22.000,22.000,24.500,24.500,0,0,0,0
253.489,13859826608897719907,0,0.000,0.000,0.000,0,3920,0,27,27,27,27,70,70,70,70,70,70,70,70,110,22.000,22.000,24.500,24.500,0,0,0,0
253.502,13859826608897719907,0,0.000,0.000,0.000,0,3920,0,27,27,27,27,70,70,70,70,70,70,70,70,110,22.000,22.000,24.500,24.500,0,0,0,0
253.516,13859826608897719907,0,0.000,0.000,0.000,0,3920,0,27,27,27,27,70,70,70,70,70,70,70,70,110,22.000,22.000,24.500,24.500,0,0,0,0
253.529,13859826608897719907,0,0.000,0.000,0.000,0,3920,0,27,27,27,27,70,70,70,70,70,70,70,70,110,22.000,22.000,24.500,24.500,0,0,0,0
253.557,13859826608897719907,0,0.000,0.000,0.000,0,3920,0,27,27,27,27,70,70,70,70,70,70,70,70,110,22.000,22.000,24.500,24.500,0,0,0,0
253.570,13859826608897719907,0,0.000,0.000,0.000,0,3920,0,27,27,27,27,70,70,70,70,70,70,70,70,110,22.000,22.000,24.500,24.500,0,0,0,0
253.584,13859826608897719907,0,0.000,0.000,0.000,0,3920,0,27,27,27,27,70,70,70,70,70,70,70,70,110,22.000,22.000,24.500,24.500,0,0,0,0
253.598,13859826608897719907,0,0.000,0.000,0.000,0,3920,0,27,27,27,27,70,70,70,70,70,70,70,70,110,22.000,22.000,24.500,24.500,0,0,0,0
253.612,13859826608897719907,0,0.000,0.000,0.000,0,3920,0,27,27,27,27,70,70,70,70,70,70,70,70,110,22.000,22.000,24.500,24.500,0,0,0,0
253.625,13859826608897719907,0,0.000,0.000,0.000,0,3920,0,27,27,27,27,70,70,70,70,70,70,70,70,110,22.000,22.000,24.500,24.500,0,0,0,0
253.653,13859826608897719907,0,0.000,0.000,0.000,0,3920,0,27,27,27,27,70,70,70,70,70,70,70,70,110,22.000,22.000,24.500,24.500,0,0,0,0
253.667,13859826608897719907,0,0.000,0.000,0.000,0,3920,0,27,27,27,27,70,70,70,70,70,70,70,70,110,22.000,22.000,24.500,24.500,0,0,0,0
253.681,13859826608897719907,0,0.000,0.000,0.000,0,3920,0,27,27,27,27,70,70,70,70,70,70,70,70,110,22.000,22.000,24.500,24.500,0,0,0,0
253.708,13859826608897719907,0,0.000,0.000,0.000,0,3920,0,27,27,27,27,70,70,70,70,70,70,70,70,110,22.000,22.000,24.500,24.500,0,0,0,0
253.722,13859826608897719907,0,0.000,0.000,0.000,0,3920,0,27,27,27,27,70,70,70,70,70,70,70,70,110,22.000,22.000,24.500,24.500,0,0,0,0
253.736,13859826608897719907,0,0.000,0.000,0.000,0,3920,0,27,27,27,27,70,70,70,70,70,70,70,70,110,22.000,22.000,24.500,24.500,0,0,0,0
253.749,13859826608897719907,0,0.000,0.000,0.000,0,3920,0,27,27,27,27,70,70,70,70,70,70,70,70,110,22.000,22.000,24.500,24.500,0,0,0,0
253.763,13859826608897719907,0,0.000,0.000,0.000,0,3920,0,27,27,27,27,70,70,70,70,70,70,70,70,110,22.000,22.000,24.500,24.500,0,0,0,0
253.790,13859826608897719907,0,0.000,0.000,0.000,0,3920,0,27,27,27,27,70,70,70,70,70,70,70,70,110,22.000,22.000,24.500,24.500,0,0,0,0
253.803,13859826608897719907,0,0.000,0.000,0.000,0,3920,0,27,27,27,27,70,70,70,70,70,70,70,70,110,22.000,22.000,24.500,24.500,0,0,0,0
253.817,13859826608897719907,0,0.000,0.000,0.000,0,3920,0,27,27,27,27,70,70,70,70,70,70,70,70,110,22.000,22.000,24.500,24.500,0,0,0,0
253.830,13859826608897719907,0,0.000,0.000,0.000,0,3920,0,27,27,27,27,70,70,70,70,70,70,70,70,110,22.000,22.000,24.500,24.500,0,0,0,0
253.857,13859826608897719907,0,0.000,0.000,0.000,0,3920,0,27,27,27,27,70,70,70,70,70,70,70,70,110,22.000,22.000,24.500,24.500,0,0,0,0
253.871,13859826608897719907,0,0.000,0.000,0.000,0,3920,0,27,27,27,27,70,70,70,70,70,70,70,70,110,22.000,22.000,24.500,24.500,0,0,0,0
253.884,13859826608897719907,0,0.000,0.000,0.000,0,3920,0,27,27,27,27,70,70,70,70,70,70,70,70,110,22.000,22.000,24.500,24.500,0,0,0,0
253.898,13859826608897719907,0,0.000,0.000,0.000,0,3920,0,27,27,27,27,70,70,70,70,70,70,70,70,110,22.000,22.000,24.500,24.500,0,0,0,0
253.925,13859826608897719907,0,0.000,0.000,0.000,0,3920,0,27,27,27,27,70,70,70,70,70,70,70,70,110,22.000,22.000,24.500,24.500,0,0,0,0
253.938,13859826608897719907,0,0.000,0.000,0.000,0,3920,0,27,27,27,27,70,70,70,70,70,70,70,70,110,22.000,22.000,24.500,24.500,0,0,0,0
253.952,13859826608897719907,0,0.000,0.000,0.000,0,3920,0,27,27,27,27,70,70,70,70,70,70,70,70,110,22.000,22.000,24.500,24.500,0,0,0,0
253.965,13859826608897719907,0,0.000,0.000,0.000,0,3920,0,27,27,27,27,70,70,70,70,70,70,70,70,110,22.000,22.000,24.500,24.500,0,0,0,0
253.992,13859826608897719907,0,0.000,0.000,0.000,0,3920,0,27,27,27,27,70,70,70,70,70,70,70,70,110,22.000,22.000,24.500,24.500,0,0,0,0
254.005,13859826608897719907,0,0.000,0.000,0.000,0,3920,0,27,27,27,27,70,70,70,70,70,70,70,70,110,22.000,22.000,24.500,24.500,0,0,0,0
254.019,13859826608897719907,0,0.000,0.000,0.000,0,3920,0,27,27,27,27,70,70,70,70,70,70,70,70,110,22.000,22.000,24.500,24.500,0,0,0,0
254.032,13859826608897719907,0,0.000,0.000,0.000,0,3920,0,27,27,27,27,70,70,70,70,70,70,70,70,110,22.000,22.000,24.500,24.500,0,0,0,0
254.059,13859826608897719907,0,0.000,0.000,0.000,0,3920,0,27,27,27,27,70,70,70,70,70,70,70,70,110,22.000,22.000,24.500,24.500,0,0,0,0
254.073,13859826608897719907,0,0.000,0.000,0.000,0,3920,0,27,27,27,27,70,70,70,70,70,70,70,70,110,22.000,22.000,24.500,24.500,0,0,0,0
254.086,13859826608897719907,0,0.000,0.000,0.000,0,3920,0,27,27,27,27,70,70,70,70,70,70,70,70,110,22.000,22.000,24.500,24.500,0,0,0,0
254.099,13859826608897719907,0,0.000,0.000,0.000,0,3920,0,27,27,27,27,70,70,70,70,70,70,70,70,110,22.000,22.000,24.500,24.500,0,0,0,0
254.113,13859826608897719907,0,0.000,0.000,0.000,0,3920,0,27,27,27,27,70,70,70,70,70,70,70,70,110,22.000,22.000,24.500,24.500,0,0,0,0
254.140,13859826608897719907,0,0.000,0.000,0.000,0,3920,0,27,27,27,27,70,70,70,70,70,70,70,70,110,22.000,22.000,24.500,24.500,0,0,0,0
254.153,13859826608897719907,0,0.000,0.000,0.000,0,3920,0,27,27,27,27,70,70,70,70,70,70,70,70,110,22.000,22.000,24.500,24.500,0,0,0,0
254.167,13859826608897719907,0,0.000,0.000,0.000,0,3920,0,27,27,27,27,70,70,70,70,70,70,70,70,110,22.000,22.000,24.500,24.500,0,0,0,0
254.181,13859826608897719907,0,0.000,0.000,0.000,0,3920,0,27,27,27,27,70,70,70,70,70,70,70,70,110,22.000,22.000,24.500,24.500,0,0,0,0
254.195,13859826608897719907,0,0.000,0.000,0.000,0,3920,0,27,27,27,27,70,70,70,70,70,70,70,70,110,22.000,22.000,24.500,24.500,0,0,0,0
254.208,13859826608897719907,0,0.000,0.000,0.000,0,3920,0,27,27,27,27,70,70,70,70,70,70,70,70,110,22.000,22.000,24.500,24.500,0,0,0,0
254.222,13859826608897719907,0,0.000,0.000,0.000,0,3920,0,27,27,27,27,70,70,70,70,70,70,70,70,110,22.000,22.000,24.500,24.500,0,0,0,0
254.238,13859826608897719907,0,0.000,0.000,0.000,0,3920,0,27,27,27,27,70,70,70,70,70,70,70,70,110,22.000,22.000,24.500,24.500,0,0,0,0
254.255,13859826608897719907,0,0.000,0.000,0.000,0,3920,0,27,27,27,27,70,70,70,70,70,70,70,70,110,22.000,22.000,24.500,24.500,0,0,0,0
254.273,13859826608897719907,0,0.000,0.000,0.000,0,3920,0,27,27,27,27,70,70,70,70,70,70,70,70,110,22.000,22.000,24.500,24.500,0,0,0,0
254.290,13859826608897719907,0,0.000,0.000,0.000,0,3920,0,27,27,27,27,70,70,70,70,70,70,70,70,110,22.000,22.000,24.500,24.500,0,0,0,0
254.308,13859826608897719907,0,0.000,0.000,0.000,0,3920,0,27,27,27,27,70,70,70,70,70,70,70,70,110,22.000,22.000,24.500,24.500,0,0,0,0
254.326,13859826608897719907,0,0.000,0.000,0.000,0,3920,0,27,27,27,27,70,70,70,70,70,70,70,70,110,22.000,22.000,24.500,24.500,0,0,0,0
254.343,13859826608897719907,0,0.000,0.000,0.000,0,3920,0,27,27,27,27,70,70,70,70,70,70,70,70,110,22.000,22.000,24.500,24.500,0,0,0,0
254.360,13859826608897719907,0,0.000,0.000,0.000,0,3920,0,27,27,27,27,70,70,70,70,70,70,70,70,110,22.000,22.000,24.500,24.500,0,0,0,0
254.387,13859826608897719907,0,0.000,0.000,0.000,0,3920,0,27,27,27,27,70,70,70,70,70,70,70,70,110,22.000,22.000,24.500,24.500,0,0,0,0
254.401,13859826608897719907,0,0.000,0.000,0.000,0,3920,0,27,27,27,27,70,70,70,70,70,70,70,70,110,22.000,22.000,24.500,24.500,0,0,0,0
254.416,13859826608897719907,0,0.000,0.000,0.000,0,3920,0,27,27,27,27,70,70,70,70,70,70,70,70,110,22.000,22.000,24.500,24.500,0,0,0,0
254.429,13859826608897719907,0,0.000,0.000,0.000,0,3920,0,27,27,27,27,70,70,70,70,70,70,70,70,110,22.000,22.000,24.500,24.500,0,0,0,0
254.456,13859826608897719907,0,0.000,0.000,0.000,0,3920,0,27,27,27,27,70,70,70,70,70,70,70,70,110,22.000,22.000,24.500,24.500,0,0,0,0
254.470,13859826608897719907,0,0.000,0.000,0.000,0,3920,0,27,27,27,27,70,70,70,70,70,70,70,70,110,22.000,22.000,24.500,24.500,0,0,0,0
254.484,13859826608897719907,0,0.000,0.000,0.000,0,3920,0,27,27,27,27,70,70,70,70,70,70,70,70,110,22.000,22.000,24.500,24.500,0,0,0,0
254.498,13859826608897719907,0,0.000,0.000,0.000,0,3920,0,27,27,27,27,70,70,70,70,70,70,70,70,110,22.000,22.000,24.500,24.500,0,0,0,0
254.525,13859826608897719907,0,0.000,0.000,0.000,0,3920,0,27,27,27,27,70,70,70,70,70,70,70,70,110,22.000,22.000,24.500,24.500,0,0,0,0
254.539,13859826608897719907,0,0.000,0.000,0.000,0,3920,0,27,27,27,27,70,70,70,70,70,70,70,70,110,22.000,22.000,24.500,24.500,0,0,0,0
254.552,13859826608897719907,0,0.000,0.000,0.000,0,3920,0,27,27,27,27,70,70,70,70,70,70,70,70,110,22.000,22.000,24.500,24.500,0,0,0,0
254.580,13859826608897719907,0,0.000,0.000,0.000,0,3920,0,27,27,27,27,70,70,70,70,70,70,70,70,110,22.000,22.000,24.500,24.500,0,0,0,0
254.622,13859826608897719907,0,0.000,0.000,0.000,0,3920,0,27,27,27,27,70,70,70,70,70,70,70,70,110,22.000,22.000,24.500,24.500,0,0,0,0
254.636,13859826608897719907,0,0.000,0.000,0.000,0,3920,0,27,27,27,27,70,70,70,70,70,70,70,70,110,22.000,22.000,24.500,24.500,0,0,0,0
254.650,13859826608897719907,0,0.000,0.000,0.000,0,3920,0,27,27,27,27,70,70,70,70,70,70,70,70,110,22.000,22.000,24.500,24.500,0,0,0,0
254.665,13859826608897719907,0,0.000,0.000,0.000,0,3920,0,27,27,27,27,70,70,70,70,70,70,70,70,110,22.000,22.000,24.500,24.500,0,0,0,0
254.692,13859826608897719907,0,0.000,0.000,0.000,0,3920,0,27,27,27,27,70,70,70,70,70,70,70,70,110,22.000,22.000,24.500,24.500,0,0,0,0
254.706,13859826608897719907,0,0.000,0.000,0.000,0,3920,0,27,27,27,27,70,70,70,70,70,70,70,70,110,22.000,22.000,24.500,24.500,0,0,0,0
254.720,13859826608897719907,0,0.000,0.000,0.000,0,3920,0,27,27,27,27,70,70,70,70,70,70,70,70,110,22.000,22.000,24.500,24.500,0,0,0,0
254.734,13859826608897719907,0,0.000,0.000,0.000,0,3920,0,27,27,27,27,70,70,70,70,70,70,70,70,110,22.000,22.000,24.500,24.500,0,0,0,0
254.748,13859826608897719907,0,0.000,0.000,0.000,0,3920,0,27,27,27,27,70,70,70,70,70,70,70,70,110,22.000,22.000,24.500,24.500,0,0,0,0
254.761,13859826608897719907,0,0.000,0.000,0.000,0,3920,0,27,27,27,27,70,70,70,70,70,70,70,70,110,22.000,22.000,24.500,24.500,0,0,0,0
254.802,13859826608897719907,0,0.000,0.000,0.000,0,3920,0,27,27,27,27,70,70,70,70,70,70,70,70,110,22.000,22.000,24.500,24.500,0,0,0,0
254.816,13859826608897719907,0,0.000,0.000,0.000,0,3920,0,27,27,27,27,70,70,70,70,70,70,70,70,110,22.000,22.000,24.500,24.500,0,0,0,0
254.830,13859826608897719907,0,0.000,0.000,0.000,0,3920,0,27,27,27,27,70,70,70,70,70,70,70,70,110,22.000,22.000,24.500,24.500,0,0,0,0
254.871,13859826608897719907,0,0.000,0.000,0.000,0,3920,0,27,27,27,27,70,70,70,70,70,70,70,70,110,22.000,22.000,24.500,24.500,0,0,0,0
254.885,13859826608897719907,0,0.000,0.000,0.000,0,3920,0,27,27,27,27,70,70,70,70,70,70,70,70,110,22.000,22.000,24.500,24.500,0,0,0,0
254.900,13859826608897719907,0,0.000,0.000,0.000,0,3920,0,27,27,27,27,70,70,70,70,70,70,70,70,110,22.000,22.000,24.500,24.500,0,0,0,0
254.914,13859826608897719907,0,0.000,0.000,0.000,0,3920,0,27,27,27,27,70,70,70,70,70,70,70,70,110,22.000,22.000,24.500,24.500,0,0,0,0
254.943,13859826608897719907,0,0.000,0.000,0.000,0,3920,0,27,27,27,27,70,70,70,70,70,70,70,70,110,22.000,22.000,24.500,24.500,0,0,0,0
254.986,13859826608897719907,0,0.000,0.000,0.000,0,3920,0,27,27,27,27,70,70,70,70,70,70,70,70,110,22.000,22.000,24.500,24.500,0,0,0,0
255.001,13859826608897719907,0,0.000,0.000,0.000,0,3920,0,27,27,27,27,70,70,70,70,70,70,70,70,110,22.000,22.000,24.500,24.500,0,0,0,0
255.016,13859826608897719907,0,0.000,0.000,0.000,0,3920,0,27,27,27,27,70,70,70,70,70,70,70,70,110,22.000,22.000,24.500,24.500,0,0,0,0
255.030,13859826608897719907,0,0.000,0.000,0.000,0,3920,0,27,27,27,27,70,70,70,70,70,70,70,70,110,22.000,22.000,24.500,24.500,0,0,0,0
255.045,13859826608897719907,0,0.000,0.000,0.000,0,3920,0,27,27,27,27,70,70,70,70,70,70,70,70,110,22.000,22.000,24.500,24.500,0,0,0,0
255.074,13859826608897719907,0,0.000,0.000,0.000,0,3920,0,27,27,27,27,70,70,70,70,70,70,70,70,110,22.000,22.000,24.500,24.500,0,0,0,0
255.088,13859826608897719907,0,0.000,0.000,0.000,0,3920,0,27,27,27,27,70,70,70,70,70,70,70,70,110,22.000,22.000,24.500,24.500,0,0,0,0
255.102,13859826608897719907,0,0.000,0.000,0.000,0,3920,0,27,27,27,27,70,70,70,70,70,70,70,70,110,22.000,22.000,24.500,24.500,0,0,0,0
255.116,13859826608897719907,0,0.000,0.000,0.000,0,3920,0,27,27,27,27,70,70,70,70,70,70,70,70,110,22.000,22.000,24.500,24.500,0,0,0,0
255.130,13859826608897719907,0,0.000,0.000,0.000,0,3920,0,27,27,27,27,70,70,70,70,70,70,70,70,110,22.000,22.000,24.500,24.500,0,0,0,0
255.144,13859826608897719907,0,0.000,0.000,0.000,0,3920,0,27,27,27,27,70,70,70,70,70,70,70,70,110,22.000,22.000,24.500,24.500,0,0,0,0
255.171,13859826608897719907,0,0.000,0.000,0.000,0,3920,0,27,27,27,27,70,70,70,70,70,70,70,70,110,22.000,22.000,24.500,24.500,0,0,0,0
255.185,13859826608897719907,0,0.000,0.000,0.000,0,3920,0,27,27,27,27,70,70,70,70,70,70,70,70,110,22.000,22.000,24.500,24.500,0,0,0,0
255.199,13859826608897719907,0,0.000,0.000,0.000,0,3920,0,27,27,27,27,70,70,70,70,70,70,70,70,110,22.000,22.000,24.500,24.500,0,0,0,0
255.213,13859826608897719907,0,0.000,0.000,0.000,0,3920,0,27,27,27,27,70,70,70,70,70,70,70,70,110,22.000,22.000,24.500,24.500,0,0,0,0
255.226,13859826608897719907,0,0.000,0.000,0.000,0,3920,0,27,27,27,27,70,70,70,70,70,70,70,70,110,22.000,22.000,24.500,24.500,0,0,0,0
255.254,13859826608897719907,0,0.000,0.000,0.000,0,3920,0,27,27,27,27,70,70,70,70,70,70,70,70,110,22.000,22.000,24.500,24.500,0,0,0,0
255.268,13859826608897719907,0,0.000,0.000,0.000,0,3920,0,27,27,27,27,70,70,70,70,70,70,70,70,110,22.000,22.000,24.500,24.500,0,0,0,0
255.282,13859826608897719907,0,0.000,0.000,0.000,0,3920,0,27,27,27,27,70,70,70,70,70,70,70,70,110,22.000,22.000,24.500,24.500,0,0,0,0
255.296,13859826608897719907,0,0.000,0.000,0.000,0,3920,0,27,27,27,27,70,70,70,70,70,70,70,70,110,22.000,22.000,24.500,24.500,0,0,0,0
255.323,13859826608897719907,0,0.000,0.000,0.000,0,3920,0,27,27,27,27,70,70,70,70,70,70,70,70,110,22.000,22.000,24.500,24.500,0,0,0,0
255.337,13859826608897719907,0,0.000,0.000,0.000,0,3920,0,27,27,27,27,70,70,70,70,70,70,70,70,110,22.000,22.000,24.500,24.500,0,0,0,0
255.350,13859826608897719907,0,0.000,0.000,0.000,0,3920,0,27,27,27,27,70,70,70,70,70,70,70,70,110,22.000,22.000,24.500,24.500,0,0,0,0
255.364,13859826608897719907,0,0.000,0.000,0.000,0,3920,0,27,27,27,27,70,70,70,70,70,70,70,70,110,22.000,22.000,24.500,24.500,0,0,0,0
255.390,13859826608897719907,0,0.000,0.000,0.000,0,3920,0,27,27,27,27,70,70,70,70,70,70,70,70,110,22.000,22.000,24.500,24.500,0,0,0,0
255.404,13859826608897719907,0,0.000,0.000,0.000,0,3920,0,27,27,27,27,70,70,70,70,70,70,70,70,110,22.000,22.000,24.500,24.500,0,0,0,0
255.417,13859826608897719907,0,0.000,0.000,0.000,0,3920,0,27,27,27,27,70,70,70,70,70,70,70,70,110,22.000,22.000,24.500,24.500,0,0,0,0
255.430,13859826608897719907,0,0.000,0.000,0.000,0,3920,0,27,27,27,27,70,70,70,70,70,70,70,70,110,22.000,22.000,24.500,24.500,0,0,0,0
255.457,13859826608897719907,0,0.000,0.000,0.000,0,3920,0,27,27,27,27,70,70,70,70,70,70,70,70,110,22.000,22.000,24.500,24.500,0,0,0,0
255.470,13859826608897719907,0,0.000,0.000,0.000,0,3920,0,27,27,27,27,70,70,70,70,70,70,70,70,110,22.000,22.000,24.500,24.500,0,0,0,0
255.524,13859826608897719907,0,0.000,0.000,0.000,0,3920,0,27,27,27,27,70,70,70,70,70,70,70,70,110,22.000,22.000,24.500,24.500,0,0,0,0
255.592,13859826608897719907,0,0.000,0.000,0.000,0,3920,0,27,27,27,27,70,70,70,70,70,70,70,70,110,22.000,22.000,24.500,24.500,0,0,0,0
255.619,13859826608897719907,0,0.000,0.000,0.000,0,3920,0,27,27,27,27,70,70,70,70,70,70,70,70,110,22.000,22.000,24.500,24.500,0,0,0,0
255.646,13859826608897719907,0,0.000,0.000,0.000,0,3920,0,27,27,27,27,70,70,70,70,70,70,70,70,110,22.000,22.000,24.500,24.500,0,0,0,0
255.674,13859826608897719907,0,0.000,0.000,0.000,0,3920,0,27,27,27,27,70,70,70,70,70,70,70,70,110,22.000,22.000,24.500,24.500,0,0,0,0
255.701,13859826608897719907,0,0.000,0.000,0.000,0,3920,0,27,27,27,27,70,70,70,70,70,70,70,70,110,22.000,22.000,24.500,24.500,0,0,0,0
255.770,13859826608897719907,0,0.000,0.000,0.000,0,3920,0,27,27,27,27,70,70,70,70,70,70,70,70,110,22.000,22.000,24.500,24.500,0,0,0,0
255.797,13859826608897719907,0,0.000,0.000,0.000,0,3920,0,27,27,27,27,70,70,70,70,70,70,70,70,110,22.000,22.000,24.500,24.500,0,0,0,0
255.824,13859826608897719907,0,0.000,0.000,0.000,0,3920,0,27,27,27,27,70,70,70,70,70,70,70,70,110,22.000,22.000,24.500,24.500,0,0,0,0
255.837,13859826608897719907,0,0.000,0.000,0.000,0,3920,0,27,27,27,27,70,70,70,70,70,70,70,70,110,22.000,22.000,24.500,24.500,0,0,0,0
255.851,13859826608897719907,0,0.000,0.000,0.000,0,3920,0,27,27,27,27,70,70,70,70,70,70,70,70,110,22.000,22.000,24.500,24.500,0,0,0,0
255.864,13859826608897719907,0,0.000,0.000,0.000,0,3920,0,27,27,27,27,70,70,70,70,70,70,70,70,110,22.000,22.000,24.500,24.500,0,0,0,0
255.891,13859826608897719907,0,0.000,0.000,0.000,0,3920,0,27,27,27,27,70,70,70,70,70,70,70,70,110,22.000,22.000,24.500,24.500,0,0,0,0
255.904,13859826608897719907,0,0.000,0.000,0.000,0,3920,0,27,27,27,27,70,70,70,70,70,70,70,70,110,22.000,22.000,24.500,24.500,0,0,0,0
255.918,13859826608897719907,0,0.000,0.000,0.000,0,3920,0,27,27,27,27,70,70,70,70,70,70,70,70,110,22.000,22.000,24.500,24.500,0,0,0,0
255.945,13859826608897719907,0,0.000,0.000,0.000,0,3920,0,27,27,27,27,70,70,70,70,70,70,70,70,110,22.000,22.000,24.500,24.500,0,0,0,0
255.972,13859826608897719907,0,0.000,0.000,0.000,0,3920,0,27,27,27,27,70,70,70,70,70,70,70,70,110,22.000,22.000,24.500,24.500,0,0,0,0
255.999,13859826608897719907,0,0.000,0.000,0.000,0,3920,0,27,27,27,27,70,70,70,70,70,70,70,70,110,22.000,22.000,24.500,24.500,0,0,0,0
256.013,13859826608897719907,0,0.000,0.000,0.000,0,3920,0,27,27,27,27,70,70,70,70,70,70,70,70,110,22.000,22.000,24.500,24.500,0,0,0,0
256.055,13859826608897719907,0,0.000,0.000,0.000,0,3920,0,27,27,27,27,70,70,70,70,70,70,70,70,110,22.000,22.000,24.500,24.500,0,0,0,0
256.069,13859826608897719907,0,0.000,0.000,0.000,0,3920,0,27,27,27,27,70,70,70,70,70,70,70,70,110,22.000,22.000,24.500,24.500,0,0,0,0
256.083,13859826608897719907,0,0.000,0.000,0.000,0,3920,0,27,27,27,27,70,70,70,70,70,70,70,70,110,22.000,22.000,24.500,24.500,0,0,0,0
256.098,13859826608897719907,0,0.000,0.000,0.000,0,3920,0,27,27,27,27,70,70,70,70,70,70,70,70,110,22.000,22.000,24.500,24.500,0,0,0,0
256.154,13859826608897719907,0,0.000,0.000,0.000,0,3920,0,27,27,27,27,70,70,70,70,70,70,70,70,110,22.000,22.000,24.500,24.500,0,0,0,0
256.168,13859826608897719907,0,0.000,0.000,0.000,0,3920,0,27,27,27,27,70,70,70,70,70,70,70,70,110,22.000,22.000,24.500,24.500,0,0,0,0
256.182,13859826608897719907,0,0.000,0.000,0.000,0,3920,0,27,27,27,27,70,70,70,70,70,70,70,70,110,22.000,22.000,24.500,24.500,0,0,0,0
256.196,13859826608897719907,0,0.000,0.000,0.000,0,3920,0,27,27,27,27,70,70,70,70,70,70,70,70,110,22.000,22.000,24.500,24.500,0,0,0,0
256.210,13859826608897719907,0,0.000,0.000,0.000,0,3920,0,27,27,27,27,70,70,70,70,70,70,70,70,110,22.000,22.000,24.500,24.500,0,0,0,0
256.224,13859826608897719907,0,0.000,0.000,0.000,0,3920,0,27,27,27,27,70,70,70,70,70,70,70,70,110,22.000,22.000,24.500,24.500,0,0,0,0
256.253,13859826608897719907,0,0.000,0.000,0.000,0,3920,0,27,27,27,27,70,70,70,70,70,70,70,70,110,22.000,22.000,24.500,24.500,0,0,0,0
256.294,13859826608897719907,0,0.000,0.000,0.000,0,3920,0,27,27,27,27,70,70,70,70,70,70,70,70,110,22.000,22.000,24.500,24.500,0,0,0,0
256.337,13859826608897719907,0,0.000,0.000,0.000,0,3920,0,27,27,27,27,70,70,70,70,70,70,70,70,110,22.000,22.000,24.500,24.500,0,0,0,0
256.401,13859826608897719907,0,0.000,0.000,0.000,0,3920,0,27,27,27,27,70,70,70,70,70,70,70,70,110,22.000,22.000,24.500,24.500,0,0,0,0
256.417,13859826608897719907,0,0.000,0.000,0.000,0,3920,0,27,27,27,27,70,70,70,70,70,70,70,70,110,22.000,22.000,24.500,24.500,0,0,0,0
256.462,13859826608897719907,0,0.000,0.000,0.000,0,3920,0,27,27,27,27,70,70,70,70,70,70,70,70,110,22.000,22.000,24.500,24.500,0,0,0,0
256.476,13859826608897719907,0,0.000,0.000,0.000,0,3920,0,27,27,27,27,70,70,70,70,70,70,70,70,110,22.000,22.000,24.500,24.500,0,0,0,0
256.504,13859826608897719907,0,0.000,0.000,0.000,0,3920,0,27,27,27,27,70,70,70,70,70,70,70,70,110,22.000,22.000,24.500,24.500,0,0,0,0
256.518,13859826608897719907,0,0.000,0.000,0.000,0,3920,0,27,27,27,27,70,70,70,70,70,70,70,70,110,22.000,22.000,24.500,24.500,0,0,0,0
256.533,13859826608897719907,0,0.000,0.000,0.000,0,3920,0,27,27,27,27,70,70,70,70,70,70,70,70,110,22.000,22.000,24.500,24.500,0,0,0,0
256.561,13859826608897719907,0,0.000,0.000,0.000,0,3920,0,27,27,27,27,70,70,70,70,70,70,70,70,110,22.000,22.000,24.500,24.500,0,0,0,0
256.589,13859826608897719907,0,0.000,0.000,0.000,0,3920,0,27,27,27,27,70,70,70,70,70,70,70,70,110,22.000,22.000,24.500,24.500,0,0,0,0
256.645,13859826608897719907,0,0.000,0.000,0.000,0,3920,0,27,27,27,27,70,70,70,70,70,70,70,70,110,22.000,22.000,24.500,24.500,0,0,0,0
256.687,13859826608897719907,0,0.000,0.000,0.000,0,3920,0,27,27,27,27,70,70,70,70,70,70,70,70,110,22.000,22.000,24.500,24.500,0,0,0,0
256.701,13859826608897719907,0,0.000,0.000,0.000,0,3920,0,27,27,27,27,70,70,70,70,70,70,70,70,110,22.000,22.000,24.500,24.500,0,0,0,0
256.715,13859826608897719907,0,0.000,0.000,0.000,0,3920,0,27,27,27,27,70,70,70,70,70,70,70,70,110,22.000,22.000,24.500,24.500,0,0,0,0
256.743,13859826608897719907,0,0.000,0.000,0.000,0,3920,0,27,27,27,27,70,70,70,70,70,70,70,70,110,22.000,22.000,24.500,24.500,0,0,0,0
256.757,13859826608897719907,0,0.000,0.000,0.000,0,3920,0,27,27,27,27,70,70,70,70,70,70,70,70,110,22.000,22.000,24.500,24.500,0,0,0,0
256.770,13859826608897719907,0,0.000,0.000,0.000,0,3920,0,27,27,27,27,70,70,70,70,70,70,70,70,110,22.000,22.000,24.500,24.500,0,0,0,0
256.811,13859826608897719907,0,0.000,0.000,0.000,0,3920,0,27,27,27,27,70,70,70,70,70,70,70,70,110,22.000,22.000,24.500,24.500,0,0,0,0
256.839,13859826608897719907,0,0.000,0.000,0.000,0,3920,0,27,27,27,27,70,70,70,70,70,70,70,70,110,22.000,22.000,24.500,24.500,0,0,0,0
256.853,13859826608897719907,0,0.000,0.000,0.000,0,3920,0,27,27,27,27,70,70,70,70,70,70,70,70,110,22.000,22.000,24.500,24.500,0,0,0,0
256.867,13859826608897719907,0,0.000,0.000,0.000,0,3920,0,27,27,27,27,70,70,70,70,70,70,70,70,110,22.000,22.000,24.500,24.500,0,0,0,0
256.881,13859826608897719907,0,0.000,0.000,0.000,0,3920,0,27,27,27,27,70,70,70,70,70,70,70,70,110,22.000,22.000,24.500,24.500,0,0,0,0
256.895,13859826608897719907,0,0.000,0.000,0.000,0,3920,0,27,27,27,27,70,70,70,70,70,70,70,70,110,22.000,22.000,24.500,24.500,0,0,0,0
256.910,13859826608897719907,0,0.000,0.000,0.000,0,3920,0,27,27,27,27,70,70,70,70,70,70,70,70,110,22.000,22.000,24.500,24.500,0,0,0,0
256.952,13859826608897719907,0,0.000,0.000,0.000,0,3920,0,27,27,27,27,70,70,70,70,70,70,70,70,110,22.000,22.000,24.500,24.500,0,0,0,0
256.966,13859826608897719907,0,0.000,0.000,0.000,0,3920,0,27,27,27,27,70,70,70,70,70,70,70,70,110,22.000,22.000,24.500,24.500,0,0,0,0
257.008,13859826608897719907,0,0.000,0.000,0.000,0,3920,0,27,27,27,27,70,70,70,70,70,70,70,70,110,22.000,22.000,24.500,24.500,0,0,0,0
257.022,13859826608897719907,0,0.000,0.000,0.000,0,3920,0,27,27,27,27,70,70,70,70,70,70,70,70,110,22.000,22.000,24.500,24.500,0,0,0,0
257.035,13859826608897719907,0,0.000,0.000,0.000,0,3920,0,27,27,27,27,70,70,70,70,70,70,70,70,110,22.000,22.000,24.500,24.500,0,0,0,0
257.049,13859826608897719907,0,0.000,0.000,0.000,0,3920,0,27,27,27,27,70,70,70,70,70,70,70,70,110,22.000,22.000,24.500,24.500,0,0,0,0
257.063,13859826608897719907,0,0.000,0.000,0.000,0,3920,0,27,27,27,27,70,70,70,70,70,70,70,70,110,22.000,22.000,24.500,24.500,0,0,0,0
257.077,13859826608897719907,0,0.000,0.000,0.000,0,3920,0,27,27,27,27,70,70,70,70,70,70,70,70,110,22.000,22.000,24.500,24.500,0,0,0,0
257.105,13859826608897719907,0,0.000,0.000,0.000,0,3920,0,27,27,27,27,70,70,70,70,70,70,70,70,110,22.000,22.000,24.500,24.500,0,0,0,0
257.119,13859826608897719907,0,0.000,0.000,0.000,0,3920,0,27,27,27,27,70,70,70,70,70,70,70,70,110,22.000,22.000,24.500,24.500,0,0,0,0
257.134,13859826608897719907,0,0.000,0.000,0.000,0,3920,0,27,27,27,27,70,70,70,70,70,70,70,70,110,22.000,22.000,24.500,24.500,0,0,0,0
257.148,13859826608897719907,0,0.000,0.000,0.000,0,3920,0,27,27,27,27,70,70,70,70,70,70,70,70,110,22.000,22.000,24.500,24.500,0,0,0,0
257.162,13859826608897719907,0,0.000,0.000,0.000,0,3920,0,27,27,27,27,70,70,70,70,70,70,70,70,110,22.000,22.000,24.500,24.500,0,0,0,0
257.177,13859826608897719907,0,0.000,0.000,0.000,0,3920,0,27,27,27,27,70,70,70,70,70,70,70,70,110,22.000,22.000,24.500,24.500,0,0,0,0
257.191,13859826608897719907,0,0.000,0.000,0.000,0,3920,0,27,27,27,27,70,70,70,70,70,70,70,70,110,22.000,22.000,24.500,24.500,0,0,0,0
257.221,13859826608897719907,0,0.000,0.000,0.000,0,3920,0,27,27,27,27,70,70,70,70,70,70,70,70,110,22.000,22.000,24.500,24.500,0,0,0,0
257.235,13859826608897719907,0,0.000,0.000,0.000,0,3920,0,27,27,27,27,70,70,70,70,70,70,70,70,110,22.000,22.000,24.500,24.500,0,0,0,0
257.250,13859826608897719907,0,0.000,0.000,0.000,0,3920,0,27,27,27,27,70,70,70,70,70,70,70,70,110,22.000,22.000,24.500,24.500,0,0,0,0
257.265,13859826608897719907,0,0.000,0.000,0.000,0,3920,0,27,27,27,27,70,70,70,70,70,70,70,70,110,22.000,22.000,24.500,24.500,0,0,0,0
257.279,13859826608897719907,0,0.000,0.000,0.000,0,3920,0,27,27,27,27,70,70,70,70,70,70,70,70,110,22.000,22.000,24.500,24.500,0,0,0,0
257.294,13859826608897719907,0,0.000,0.000,0.000,0,3920,0,27,27,27,27,70,70,70,70,70,70,70,70,110,22.000,22.000,24.500,24.500,0,0,0,0
257.309,13859826608897719907,0,0.000,0.000,0.000,0,3920,0,27,27,27,27,70,70,70,70,70,70,70,70,110,22.000,22.000,24.500,24.500,0,0,0,0
257.338,13859826608897719907,0,0.000,0.000,0.000,0,3920,0,27,27,27,27,70,70,70,70,70,70,70,70,110,22.000,22.000,24.500,24.500,0,0,0,0
257.353,13859826608897719907,0,0.000,0.000,0.000,0,3920,0,27,27,27,27,70,70,70,70,70,70,70,70,110,22.000,22.000,24.500,24.500,0,0,0,0
257.367,13859826608897719907,0,0.000,0.000,0.000,0,3920,0,27,27,27,27,70,70,70,70,70,70,70,70,110,22.000,22.000,24.500,24.500,0,0,0,0
257.382,13859826608897719907,0,0.000,0.000,0.000,0,3920,0,27,27,27,27,70,70,70,70,70,70,70,70,110,22.000,22.000,24.500,24.500,0,0,0,0
257.396,13859826608897719907,0,0.000,0.000,0.000,0,3920,0,27,27,27,27,70,70,70,70,70,70,70,70,110,22.000,22.000,24.500,24.500,0,0,0,0
257.411,13859826608897719907,0,0.000,0.000,0.000,0,3920,0,27,27,27,27,70,70,70,70,70,70,70,70,110,22.000,22.000,24.500,24.500,0,0,0,0
257.426,13859826608897719907,0,0.000,0.000,0.000,0,3920,0,27,27,27,27,70,70,70,70,70,70,70,70,110,22.000,22.000,24.500,24.500,0,0,0,0
257.454,13859826608897719907,0,0.000,0.000,0.000,0,3920,0,27,27,27,27,70,70,70,70,70,70,70,70,110,22.000,22.000,24.500,24.500,0,0,0,0
257.469,13859826608897719907,0,0.000,0.000,0.000,0,3920,0,27,27,27,27,70,70,70,70,70,70,70,70,110,22.000,22.000,24.500,24.500,0,0,0,0
257.483,13859826608897719907,0,0.000,0.000,0.000,0,3920,0,27,27,27,27,70,70,70,70,70,70,70,70,110,22.000,22.000,24.500,24.500,0,0,0,0
257.498,13859826608897719907,0,0.000,0.000,0.000,0,3920,0,27,27,27,27,70,70,70,70,70,70,70,70,110,22.000,22.000,24.500,24.500,0,0,0,0
257.512,13859826608897719907,0,0.000,0.000,0.000,0,3920,0,27,27,27,27,70,70,70,70,70,70,70,70,110,22.000,22.000,24.500,24.500,0,0,0,0
257.526,13859826608897719907,0,0.000,0.000,0.000,0,3920,0,27,27,27,27,70,70,70,70,70,70,70,70,110,22.000,22.000,24.500,24.500,0,0,0,0
257.556,13859826608897719907,0,0.000,0.000,0.000,0,3920,0,27,27,27,27,70,70,70,70,70,70,70,70,110,22.000,22.000,24.500,24.500,0,0,0,0
257.570,13859826608897719907,0,0.000,0.000,0.000,0,3920,0,27,27,27,27,70,70,70,70,70,70,70,70,110,22.000,22.000,24.500,24.500,0,0,0,0
257.585,13859826608897719907,0,0.000,0.000,0.000,0,3920,0,27,27,27,27,70,70,70,70,70,70,70,70,110,22.000,22.000,24.500,24.500,0,0,0,0
257.599,13859826608897719907,0,0.000,0.000,0.000,0,3920,0,27,27,27,27,70,70,70,70,70,70,70,70,110,22.000,22.000,24.500,24.500,0,0,0,0
257.614,13859826608897719907,0,0.000,0.000,0.000,0,3920,0,27,27,27,27,70,70,70,70,70,70,70,70,110,22.000,22.000,24.500,24.500,0,0,0,0
257.629,13859826608897719907,0,0.000,0.000,0.000,0,3920,0,27,27,27,27,70,70,70,70,70,70,70,70,110,22.000,22.000,24.500,24.500,0,0,0,0
257.643,13859826608897719907,0,0.000,0.000,0.000,0,3920,0,27,27,27,27,70,70,70,70,70,70,70,70,110,22.000,22.000,24.500,24.500,0,0,0,0
257.658,13859826608897719907,0,0.000,0.000,0.000,0,3920,0,27,27,27,27,70,70,70,70,70,70,70,70,110,22.000,22.000,24.500,24.500,0,0,0,0
257.687,13859826608897719907,0,0.000,0.000,0.000,0,3920,0,27,27,27,27,70,70,70,70,70,70,70,70,110,22.000,22.000,24.500,24.500,0,0,0,0
257.702,13859826608897719907,0,0.000,0.000,0.000,0,3920,0,27,27,27,27,70,70,70,70,70,70,70,70,110,22.000,22.000,24.500,24.500,0,0,0,0
257.717,13859826608897719907,0,0.000,0.000,0.000,0,3920,0,27,27,27,27,70,70,70,70,70,70,70,70,110,22.000,22.000,24.500,24.500,0,0,0,0
257.732,13859826608897719907,0,0.000,0.000,0.000,0,3920,0,27,27,27,27,70,70,70,70,70,70,70,70,110,22.000,22.000,24.500,24.500,0,0,0,0
257.746,13859826608897719907,0,0.000,0.000,0.000,0,3920,0,27,27,27,27,70,70,70,70,70,70,70,70,110,22.000,22.000,24.500,24.500,0,0,0,0
257.761,13859826608897719907,0,0.000,0.000,0.000,0,3920,0,27,27,27,27,70,70,70,70,70,70,70,70,110,22.000,22.000,24.500,24.500,0,0,0,0
257.776,13859826608897719907,0,0.000,0.000,0.000,0,3920,0,27,27,27,27,70,70,70,70,70,70,70,70,110,22.000,22.000,24.500,24.500,0,0,0,0
257.791,13859826608897719907,0,0.000,0.000,0.000,0,3920,0,27,27,27,27,70,70,70,70,70,70,70,70,110,22.000,22.000,24.500,24.500,0,0,0,0
257.820,13859826608897719907,0,0.000,0.000,0.000,0,3920,0,27,27,27,27,70,70,70,70,70,70,70,70,110,22.000,22.000,24.500,24.500,0,0,0,0
257.835,13859826608897719907,0,0.000,0.000,0.000,0,3920,0,27,27,27,27,70,70,70,70,70,70,70,70,110,22.000,22.000,24.500,24.500,0,0,0,0
257.849,13859826608897719907,0,0.000,0.000,0.000,0,3920,0,27,27,27,27,70,70,70,70,70,70,70,70,110,22.000,22.000,24.500,24.500,0,0,0,0
257.864,13859826608897719907,0,0.000,0.000,0.000,0,3920,0,27,27,27,27,70,70,70,70,70,70,70,70,110,22.000,22.000,24.500,24.500,0,0,0,0
257.879,13859826608897719907,0,0.000,0.000,0.000,0,3920,0,27,27,27,27,70,70,70,70,70,70,70,70,110,22.000,22.000,24.500,24.500,0,0,0,0
257.894,13859826608897719907,0,0.000,0.000,0.000,0,3920,0,27,27,27,27,70,70,70,70,70,70,70,70,110,22.000,22.000,24.500,24.500,0,0,0,0
257.909,13859826608897719907,0,0.000,0.000,0.000,0,3920,0,27,27,27,27,70,70,70,70,70,70,70,70,110,22.000,22.000,24.500,24.500,0,0,0,0
257.924,13859826608897719907,0,0.000,0.000,0.000,0,3920,0,27,27,27,27,70,70,70,70,70,70,70,70,110,22.000,22.000,24.500,24.500,0,0,0,0
257.953,13859826608897719907,0,0.000,0.000,0.000,0,3920,0,27,27,27,27,70,70,70,70,70,70,70,70,110,22.000,22.000,24.500,24.500,0,0,0,0
257.968,13859826608897719907,0,0.000,0.000,0.000,0,3920,0,27,27,27,27,70,70,70,70,70,70,70,70,110,22.000,22.000,24.500,24.500,0,0,0,0
257.982,13859826608897719907,0,0.000,0.000,0.000,0,3920,0,27,27,27,27,70,70,70,70,70,70,70,70,110,22.000,22.000,24.500,24.500,0,0,0,0
257.997,13859826608897719907,0,0.000,0.000,0.000,0,3920,0,27,27,27,27,70,70,70,70,70,70,70,70,110,22.000,22.000,24.500,24.500,0,0,0,0
258.012,13859826608897719907,0,0.000,0.000,0.000,0,3920,0,27,27,27,27,70,70,70,70,70,70,70,70,110,22.000,22.000,24.500,24.500,0,0,0,0
258.027,13859826608897719907,0,0.000,0.000,0.000,0,3920,0,27,27,27,27,70,70,70,70,70,70,70,70,110,22.000,22.000,24.500,24.500,0,0,0,0
258.056,13859826608897719907,0,0.000,0.000,0.000,0,3920,0,27,27,27,27,70,70,70,70,70,70,70,70,110,22.000,22.000,24.500,24.500,0,0,0,0
258.070,13859826608897719907,0,0.000,0.000,0.000,0,3920,0,27,27,27,27,70,70,70,70,70,70,70,70,110,22.000,22.000,24.500,24.500,0,0,0,0
258.085,13859826608897719907,0,0.000,0.000,0.000,0,3920,0,27,27,27,27,70,70,70,70,70,70,70,70,110,22.000,22.000,24.500,24.500,0,0,0,0
258.099,13859826608897719907,0,0.000,0.000,0.000,0,3920,0,27,27,27,27,70,70,70,70,70,70,70,70,110,22.000,22.000,24.500,24.500,0,0,0,0
258.113,13859826608897719907,0,0.000,0.000,0.000,0,3920,0,27,27,27,27,70,70,70,70,70,70,70,70,110,22.000,22.000,24.500,24.500,0,0,0,0
258.128,13859826608897719907,0,0.000,0.000,0.000,0,3920,0,27,27,27,27,70,70,70,70,70,70,70,70,110,22.000,22.000,24.500,24.500,0,0,0,0
258.142,13859826608897719907,0,0.000,0.000,0.000,0,3920,0,27,27,27,27,70,70,70,70,70,70,70,70,110,22.000,22.000,24.500,24.500,0,0,0,0
258.171,13859826608897719907,0,0.000,0.000,0.000,0,3920,0,27,27,27,27,70,70,70,70,70,70,70,70,110,22.000,22.000,24.500,24.500,0,0,0,0
258.185,13859826608897719907,0,0.000,0.000,0.000,0,3920,0,27,27,27,27,70,70,70,70,70,70,70,70,110,22.000,22.000,24.500,24.500,0,0,0,0
258.200,13859826608897719907,0,0.000,0.000,0.000,0,3920,0,27,27,27,27,70,70,70,70,70,70,70,70,110,22.000,22.000,24.500,24.500,0,0,0,0
258.214,13859826608897719907,0,0.000,0.000,0.000,0,3920,0,27,27,27,27,70,70,70,70,70,70,70,70,110,22.000,22.000,24.500,24.500,0,0,0,0
258.229,13859826608897719907,0,0.000,0.000,0.000,0,3920,0,27,27,27,27,70,70,70,70,70,70,70,70,110,22.000,22.000,24.500,24.500,0,0,0,0
258.243,13859826608897719907,0,0.000,0.000,0.000,0,3920,0,27,27,27,27,70,70,70,70,70,70,70,70,110,22.000,22.000,24.500,24.500,0,0,0,0
258.258,13859826608897719907,0,0.000,0.000,0.000,0,3920,0,27,27,27,27,70,70,70,70,70,70,70,70,110,22.000,22.000,24.500,24.500,0,0,0,0
258.273,13859826608897719907,0,0.000,0.000,0.000,0,3920,0,27,27,27,27,70,70,70,70,70,70,70,70,110,22.000,22.000,24.500,24.500,0,0,0,0
258.288,13859826608897719907,0,0.000,0.000,0.000,0,3920,0,27,27,27,27,70,70,70,70,70,70,70,70,110,22.000,22.000,24.500,24.500,0,0,0,0
258.303,13859826608897719907,0,0.000,0.000,0.000,0,3920,0,27,27,27,27,70,70,70,70,70,70,70,70,110,22.000,22.000,24.500,24.500,0,0,0,0
258.334,13859826608897719907,0,0.000,0.000,0.000,0,3920,0,27,27,27,27,70,70,70,70,70,70,70,70,110,22.000,22.000,24.500,24.500,0,0,0,0
258.352,13859826608897719907,0,0.000,0.000,0.000,0,3920,0,27,27,27,27,70,70,70,70,70,70,70,70,110,22.000,22.000,24.500,24.500,0,0,0,0
258.370,13859826608897719907,0,0.000,0.000,0.000,0,3920,0,27,27,27,27,70,70,70,70,70,70,70,70,110,22.000,22.000,24.500,24.500,0,0,0,0
258.389,13859826608897719907,0,0.000,0.000,0.000,0,3920,0,27,27,27,27,70,70,70,70,70,70,70,70,110,22.000,22.000,24.500,24.500,0,0,0,0
258.407,13859826608897719907,0,0.000,0.000,0.000,0,3920,0,27,27,27,27,70,70,70,70,70,70,70,70,110,22.000,22.000,24.500,24.500,0,0,0,0
258.425,13859826608897719907,0,0.000,0.000,0.000,0,3920,0,27,27,27,27,70,70,70,70,70,70,70,70,110,22.000,22.000,24.500,24.500,0,0,0,0
258.444,13859826608897719907,0,0.000,0.000,0.000,0,3920,0,27,27,27,27,70,70,70,70,70,70,70,70,110,22.000,22.000,24.500,24.500,0,0,0,0
258.462,13859826608897719907,0,0.000,0.000,0.000,0,3920,0,27,27,27,27,70,70,70,70,70,70,70,70,110,22.000,22.000,24.500,24.500,0,0,0,0
258.494,13859826608897719907,0,0.000,0.000,0.000,0,3920,0,27,27,27,27,70,70,70,70,70,70,70,70,110,22.000,22.000,24.500,24.500,0,0,0,0
258.509,13859826608897719907,0,0.000,0.000,0.000,0,3920,0,27,27,27,27,70,70,70,70,70,70,70,70,110,22.000,22.000,24.500,24.500,0,0,0,0
258.524,13859826608897719907,0,0.000,0.000,0.000,0,3920,0,27,27,27,27,70,70,70,70,70,70,70,70,110,22.000,22.000,24.500,24.500,0,0,0,0
258.555,13859826608897719907,0,0.000,0.000,0.000,0,3920,0,27,27,27,27,70,70,70,70,70,70,70,70,110,22.000,22.000,24.500,24.500,0,0,0,0
258.570,13859826608897719907,0,0.000,0.000,0.000,0,3920,0,27,27,27,27,70,70,70,70,70,70,70,70,110,22.000,22.000,24.500,24.500,0,0,0,0
258.586,13859826608897719907,0,0.000,0.000,0.000,0,3920,0,27,27,27,27,70,70,70,70,70,70,70,70,110,22.000,22.000,24.500,24.500,0,0,0,0
258.601,13859826608897719907,0,0.000,0.000,0.000,0,3920,0,27,27,27,27,70,70,70,70,70,70,70,70,110,22.000,22.000,24.500,24.500,0,0,0,0
258.616,13859826608897719907,0,0.000,0.000,0.000,0,3920,0,27,27,27,27,70,70,70,70,70,70,70,70,110,22.000,22.000,24.500,24.500,0,0,0,0
258.647,13859826608897719907,0,0.000,0.000,0.000,0,3920,0,27,27,27,27,70,70,70,70,70,70,70,70,110,22.000,22.000,24.500,24.500,0,0,0,0
258.663,13859826608897719907,0,0.000,0.000,0.000,0,3920,0,27,27,27,27,70,70,70,70,70,70,70,70,110,22.000,22.000,24.500,24.500,0,0,0,0
258.678,13859826608897719907,0,0.000,0.000,0.000,0,3920,0,27,27,27,27,70,70,70,70,70,70,70,70,110,22.000,22.000,24.500,24.500,0,0,0,0
258.693,13859826608897719907,0,0.000,0.000,0.000,0,3920,0,27,27,27,27,70,70,70,70,70,70,70,70,110,22.000,22.000,24.500,24.500,0,0,0,0
258.709,13859826608897719907,0,0.000,0.000,0.000,0,3920,0,27,27,27,27,70,70,70,70,70,70,70,70,110,22.000,22.000,24.500,24.500,0,0,0,0
258.724,13859826608897719907,0,0.000,0.000,0.000,0,3920,0,27,27,27,27,70,70,70,70,70,70,70,70,110,22.000,22.000,24.500,24.500,0,0,0,0
258.740,13859826608897719907,0,0.000,0.000,0.000,0,3920,0,27,27,27,27,70,70,70,70,70,70,70,70,110,22.000,22.000,24.500,24.500,0,0,0,0
258.755,13859826608897719907,0,0.000,0.000,0.000,0,3920,0,27,27,27,27,70,70,70,70,70,70,70,70,110,22.000,22.000,24.500,24.500,0,0,0,0
258.785,13859826608897719907,0,0.000,0.000,0.000,0,3920,0,27,27,27,27,70,70,70,70,70,70,70,70,110,22.000,22.000,24.500,24.500,0,0,0,0
258.800,13859826608897719907,0,0.000,0.000,0.000,0,3920,0,27,27,27,27,70,70,70,70,70,70,70,70,110,22.000,22.000,24.500,24.500,0,0,0,0
258.815,13859826608897719907,0,0.000,0.000,0.000,0,3920,0,27,27,27,27,70,70,70,70,70,70,70,70,110,22.000,22.000,24.500,24.500,0,0,0,0
258.830,13859826608897719907,0,0.000,0.000,0.000,0,3920,0,27,27,27,27,70,70,70,70,70,70,70,70,110,22.000,22.000,24.500,24.500,0,0,0,0
258.860,13859826608897719907,0,0.000,0.000,0.000,0,3920,0,27,27,27,27,70,70,70,70,70,70,70,70,110,22.000,22.000,24.500,24.500,0,0,0,0
258.876,13859826608897719907,0,0.000,0.000,0.000,0,3920,0,27,27,27,27,70,70,70,70,70,70,70,70,110,22.000,22.000,24.500,24.500,0,0,0,0
258.907,13859826608897719907,0,0.000,0.000,0.000,0,3920,0,27,27,27,27,70,70,70,70,70,70,70,70,110,22.000,22.000,24.500,24.500,0,0,0,0
258.952,13859826608897719907,0,0.000,0.000,0.000,0,3920,0,27,27,27,27,70,70,70,70,70,70,70,70,110,22.000,22.000,24.500,24.500,0,0,0,0
258.968,13859826608897719907,0,0.000,0.000,0.000,0,3920,0,27,27,27,27,70,70,70,70,70,70,70,70,110,22.000,22.000,24.500,24.500,0,0,0,0
258.983,13859826608897719907,0,0.000,0.000,0.000,0,3920,0,27,27,27,27,70,70,70,70,70,70,70,70,110,22.000,22.000,24.500,24.500,0,0,0,0
258.998,13859826608897719907,0,0.000,0.000,0.000,0,3920,0,27,27,27,27,70,70,70,70,70,70,70,70,110,22.000,22.000,24.500,24.500,0,0,0,0
259.013,13859826608897719907,0,0.000,0.000,0.000,0,3920,0,27,27,27,27,70,70,70,70,70,70,70,70,110,22.000,22.000,24.500,24.500,0,0,0,0
259.044,13859826608897719907,0,0.000,0.000,0.000,0,3920,0,27,27,27,27,70,70,70,70,70,70,70,70,110,22.000,22.000,24.500,24.500,0,0,0,0
259.075,13859826608897719907,0,0.000,0.000,0.000,0,3920,0,27,27,27,27,70,70,70,70,70,70,70,70,110,22.000,22.000,24.500,24.500,0,0,0,0
259.090,13859826608897719907,0,0.000,0.000,0.000,0,3920,0,27,27,27,27,70,70,70,70,70,70,70,70,110,22.000,22.000,24.500,24.500,0,0,0,0
259.106,13859826608897719907,0,0.000,0.000,0.000,0,3920,0,27,27,27,27,70,70,70,70,70,70,70,70,110,22.000,22.000,24.500,24.500,0,0,0,0
259.136,13859826608897719907,0,0.000,0.000,0.000,0,3920,0,27,27,27,27,70,70,70,70,70,70,70,70,110,22.000,22.000,24.500,24.500,0,0,0,0
259.151,13859826608897719907,0,0.000,0.000,0.000,0,3920,0,27,27,27,27,70,70,70,70,70,70,70,70,110,22.000,22.000,24.500,24.500,0,0,0,0
259.166,13859826608897719907,0,0.000,0.000,0.000,0,3920,0,27,27,27,27,70,70,70,70,70,70,70,70,110,22.000,22.000,24.500,24.500,0,0,0,0
259.180,13859826608897719907,0,0.000,0.000,0.000,0,3920,0,27,27,27,27,70,70,70,70,70,70,70,70,110,22.000,22.000,24.500,24.500,0,0,0,0
259.343,13859826608897719907,0,0.000,0.000,0.000,0,3920,0,27,27,27,27,70,70,70,70,70,70,70,70,110,22.000,22.000,24.500,24.500,0,0,0,0
259.372,13859826608897719907,0,0.000,0.000,0.000,0,3920,0,27,27,27,27,70,70,70,70,70,70,70,70,110,22.000,22.000,24.500,24.500,0,0,0,0
259.401,13859826608897719907,0,0.000,0.000,0.000,0,3920,0,27,27,27,27,70,70,70,70,70,70,70,70,110,22.000,22.000,24.500,24.500,0,0,0,0
259.415,13859826608897719907,0,0.000,0.000,0.000,0,3920,0,27,27,27,27,70,70,70,70,70,70,70,70,110,22.000,22.000,24.500,24.500,0,0,0,0
259.444,13859826608897719907,0,0.000,0.000,0.000,0,3920,0,27,27,27,27,70,70,70,70,70,70,70,70,110,22.000,22.000,24.500,24.500,0,0,0,0
259.459,13859826608897719907,0,0.000,0.000,0.000,0,3920,0,27,27,27,27,70,70,70,70,70,70,70,70,110,22.000,22.000,24.500,24.500,0,0,0,0
259.502,13859826608897719907,0,0.000,0.000,0.000,0,3920,0,27,27,27,27,70,70,70,70,70,70,70,70,110,22.000,22.000,24.500,24.500,0,0,0,0
259.517,13859826608897719907,0,0.000,0.000,0.000,0,3920,0,27,27,27,27,70,70,70,70,70,70,70,70,110,22.000,22.000,24.500,24.500,0,0,0,0
259.531,13859826608897719907,0,0.000,0.000,0.000,0,3920,0,27,27,27,27,70,70,70,70,70,70,70,70,110,22.000,22.000,24.500,24.500,0,0,0,0
259.546,13859826608897719907,0,0.000,0.000,0.000,0,3920,0,27,27,27,27,70,70,70,70,70,70,70,70,110,22.000,22.000,24.500,24.500,0,0,0,0
259.560,13859826608897719907,0,0.000,0.000,0.000,0,3920,0,27,27,27,27,70,70,70,70,70,70,70,70,110,22.000,22.000,24.500,24.500,0,0,0,0
259.589,13859826608897719907,0,0.000,0.000,0.000,0,3920,0,27,27,27,27,70,70,70,70,70,70,70,70,110,22.000,22.000,24.500,24.500,0,0,0,0
259.603,13859826608897719907,0,0.000,0.000,0.000,0,3920,0,27,27,27,27,70,70,70,70,70,70,70,70,110,22.000,22.000,24.500,24.500,0,0,0,0
259.618,13859826608897719907,0,0.000,0.000,0.000,0,3920,0,27,27,27,27,70,70,70,70,70,70,70,70,110,22.000,22.000,24.500,24.500,0,0,0,0
259.632,13859826608897719907,0,0.000,0.000,0.000,0,3920,0,27,27,27,27,70,70,70,70,70,70,70,70,110,22.000,22.000,24.500,24.500,0,0,0,0
259.647,13859826608897719907,0,0.000,0.000,0.000,0,3920,0,27,27,27,27,70,70,70,70,70,70,70,70,110,22.000,22.000,24.500,24.500,0,0,0,0
259.661,13859826608897719907,0,0.000,0.000,0.000,0,3920,0,27,27,27,27,70,70,70,70,70,70,70,70,110,22.000,22.000,24.500,24.500,0,0,0,0
259.689,13859826608897719907,0,0.000,0.000,0.000,0,3920,0,27,27,27,27,70,70,70,70,70,70,70,70,110,22.000,22.000,24.500,24.500,0,0,0,0
259.704,13859826608897719907,0,0.000,0.000,0.000,0,3920,0,27,27,27,27,70,70,70,70,70,70,70,70,110,22.000,22.000,24.500,24.500,0,0,0,0
259.718,13859826608897719907,0,0.000,0.000,0.000,0,3920,0,27,27,27,27,70,70,70,70,70,70,70,70,110,22.000,22.000,24.500,24.500,0,0,0,0
259.732,13859826608897719907,0,0.000,0.000,0.000,0,3920,0,27,27,27,27,70,70,70,70,70,70,70,70,110,22.000,22.000,24.500,24.500,0,0,0,0
259.746,13859826608897719907,0,0.000,0.000,0.000,0,3920,0,27,27,27,27,70,70,70,70,70,70,70,70,110,22.000,22.000,24.500,24.500,0,0,0,0
259.760,13859826608897719907,0,0.000,0.000,0.000,0,3920,0,27,27,27,27,70,70,70,70,70,70,70,70,110,22.000,22.000,24.500,24.500,0,0,0,0
259.789,13859826608897719907,0,0.000,0.000,0.000,0,3920,0,27,27,27,27,70,70,70,70,70,70,70,70,110,22.000,22.000,24.500,24.500,0,0,0,0
259.804,13859826608897719907,0,0.000,0.000,0.000,0,3920,0,27,27,27,27,70,70,70,70,70,70,70,70,110,22.000,22.000,24.500,24.500,0,0,0,0
259.818,13859826608897719907,0,0.000,0.000,0.000,0,3920,0,27,27,27,27,70,70,70,70,70,70,70,70,110,22.000,22.000,24.500,24.500,0,0,0,0
259.833,13859826608897719907,0,0.000,0.000,0.000,0,3920,0,27,27,27,27,70,70,70,70,70,70,70,70,110,22.000,22.000,24.500,24.500,0,0,0,0
259.847,13859826608897719907,0,0.000,0.000,0.000,0,3920,0,27,27,27,27,70,70,70,70,70,70,70,70,110,22.000,22.000,24.500,24.500,0,0,0,0
259.862,13859826608897719907,0,0.000,0.000,0.000,0,3920,0,27,27,27,27,70,70,70,70,70,70,70,70,110,22.000,22.000,24.500,24.500,0,0,0,0
259.876,13859826608897719907,0,0.000,0.000,0.000,0,3920,0,27,27,27,27,70,70,70,70,70,70,70,70,110,22.000,22.000,24.500,24.500,0,0,0,0
259.905,13859826608897719907,0,0.000,0.000,0.000,0,3920,0,27,27,27,27,70,70,70,70,70,70,70,70,110,22.000,22.000,24.500,24.500,0,0,0,0
259.920,13859826608897719907,0,0.000,0.000,0.000,0,3920,0,27,27,27,27,70,70,70,70,70,70,70,70,110,22.000,22.000,24.500,24.500,0,0,0,0
259.934,13859826608897719907,0,0.000,0.000,0.000,0,3920,0,27,27,27,27,70,70,70,70,70,70,70,70,110,22.000,22.000,24.500,24.500,0,0,0,0
259.948,13859826608897719907,0,0.000,0.000,0.000,0,3920,0,27,27,27,27,70,70,70,70,70,70,70,70,110,22.000,22.000,24.500,24.500,0,0,0,0
259.962,13859826608897719907,0,0.000,0.000,0.000,0,3920,0,27,27,27,27,70,70,70,70,70,70,70,70,110,22.000,22.000,24.500,24.500,0,0,0,0
259.977,13859826608897719907,0,0.000,0.000,0.000,0,3920,0,27,27,27,27,70,70,70,70,70,70,70,70,110,22.000,22.000,24.500,24.500,0,0,0,0
260.006,13859826608897719907,0,0.000,0.000,0.000,0,3920,0,27,27,27,27,70,70,70,70,70,70,70,70,110,22.000,22.000,24.500,24.500,0,0,0,0
260.020,13859826608897719907,0,0.000,0.000,0.000,0,3920,0,27,27,27,27,70,70,70,70,70,70,70,70,110,22.000,22.000,24.500,24.500,0,0,0,0
260.034,13859826608897719907,0,0.000,0.000,0.000,0,3920,0,27,27,27,27,70,70,70,70,70,70,70,70,110,22.000,22.000,24.500,24.500,0,0,0,0
260.049,13859826608897719907,0,0.000,0.000,0.000,0,3920,0,27,27,27,27,70,70,70,70,70,70,70,70,110,22.000,22.000,24.500,24.500,0,0,0,0
260.063,13859826608897719907,0,0.000,0.000,0.000,0,3920,0,27,27,27,27,70,70,70,70,70,70,70,70,110,22.000,22.000,24.500,24.500,0,0,0,0
260.078,13859826608897719907,0,0.000,0.000,0.000,0,3920,0,27,27,27,27,70,70,70,70,70,70,70,70,110,22.000,22.000,24.500,24.500,0,0,0,0
260.107,13859826608897719907,0,0.000,0.000,0.000,0,3920,0,27,27,27,27,70,70,70,70,70,70,70,70,110,22.000,22.000,24.500,24.500,0,0,0,0
260.121,13859826608897719907,0,0.000,0.000,0.000,0,3920,0,27,27,27,27,70,70,70,70,70,70,70,70,110,22.000,22.000,24.500,24.500,0,0,0,0
260.135,13859826608897719907,0,0.000,0.000,0.000,0,3920,0,27,27,27,27,70,70,70,70,70,70,70,70,110,22.000,22.000,24.500,24.500,0,0,0,0
260.150,13859826608897719907,0,0.000,0.000,0.000,0,3920,0,27,27,27,27,70,70,70,70,70,70,70,70,110,22.000,22.000,24.500,24.500,0,0,0,0
260.164,13859826608897719907,0,0.000,0.000,0.000,0,3920,0,27,27,27,27,70,70,70,70,70,70,70,70,110,22.000,22.000,24.500,24.500,0,0,0,0
260.179,13859826608897719907,0,0.000,0.000,0.000,0,3920,0,27,27,27,27,70,70,70,70,70,70,70,70,110,22.000,22.000,24.500,24.500,0,0,0,0
260.193,13859826608897719907,0,0.000,0.000,0.000,0,3920,0,27,27,27,27,70,70,70,70,70,70,70,70,110,22.000,22.000,24.500,24.500,0,0,0,0
260.222,13859826608897719907,0,0.000,0.000,0.000,0,3920,0,27,27,27,27,70,70,70,70,70,70,70,70,110,22.000,22.000,24.500,24.500,0,0,0,0
260.236,13859826608897719907,0,0.000,0.000,0.000,0,3920,0,27,27,27,27,70,70,70,70,70,70,70,70,110,22.000,22.000,24.500,24.500,0,0,0,0
260.250,13859826608897719907,0,0.000,0.000,0.000,0,3920,0,27,27,27,27,70,70,70,70,70,70,70,70,110,22.000,22.000,24.500,24.500,0,0,0,0
260.265,13859826608897719907,0,0.000,0.000,0.000,0,3920,0,27,27,27,27,70,70,70,70,70,70,70,70,110,22.000,22.000,24.500,24.500,0,0,0,0
260.279,13859826608897719907,0,0.000,0.000,0.000,0,3920,0,27,27,27,27,70,70,70,70,70,70,70,70,110,22.000,22.000,24.500,24.500,0,0,0,0
260.293,13859826608897719907,0,0.000,0.000,0.000,0,3920,0,27,27,27,27,70,70,70,70,70,70,70,70,110,22.000,22.000,24.500,24.500,0,0,0,0
260.322,13859826608897719907,0,0.000,0.000,0.000,0,3920,0,27,27,27,27,70,70,70,70,70,70,70,70,110,22.000,22.000,24.500,24.500,0,0,0,0
260.337,13859826608897719907,0,0.000,0.000,0.000,0,3920,0,27,27,27,27,70,70,70,70,70,70,70,70,110,22.000,22.000,24.500,24.500,0,0,0,0
260.351,13859826608897719907,0,0.000,0.000,0.000,0,3920,0,27,27,27,27,70,70,70,70,70,70,70,70,110,22.000,22.000,24.500,24.500,0,0,0,0
260.365,13859826608897719907,0,0.000,0.000,0.000,0,3920,0,27,27,27,27,70,70,70,70,70,70,70,70,110,22.000,22.000,24.500,24.500,0,0,0,0
260.380,13859826608897719907,0,0.000,0.000,0.000,0,3920,0,27,27,27,27,70,70,70,70,70,70,70,70,110,22.000,22.000,24.500,24.500,0,0,0,0
260.394,13859826608897719907,0,0.000,0.000,0.000,0,3920,0,27,27,27,27,70,70,70,70,70,70,70,70,110,22.000,22.000,24.500,24.500,0,0,0,0
260.423,13859826608897719907,0,0.000,0.000,0.000,0,3920,0,27,27,27,27,70,70,70,70,70,70,70,70,110,22.000,22.000,24.500,24.500,0,0,0,0
260.437,13859826608897719907,0,0.000,0.000,0.000,0,3920,0,27,27,27,27,70,70,70,70,70,70,70,70,110,22.000,22.000,24.500,24.500,0,0,0,0
260.452,13859826608897719907,0,0.000,0.000,0.000,0,3920,0,27,27,27,27,70,70,70,70,70,70,70,70,110,22.000,22.000,24.500,24.500,0,0,0,0
260.466,13859826608897719907,0,0.000,0.000,0.000,0,3920,0,27,27,27,27,70,70,70,70,70,70,70,70,110,22.000,22.000,24.500,24.500,0,0,0,0
260.480,13859826608897719907,0,0.000,0.000,0.000,0,3920,0,27,27,27,27,70,70,70,70,70,70,70,70,110,22.000,22.000,24.500,24.500,0,0,0,0
260.495,13859826608897719907,0,0.000,0.000,0.000,0,3920,0,27,27,27,27,70,70,70,70,70,70,70,70,110,22.000,22.000,24.500,24.500,0,0,0,0
260.509,13859826608897719907,0,0.000,0.000,0.000,0,3920,0,27,27,27,27,70,70,70,70,70,70,70,70,110,22.000,22.000,24.500,24.500,0,0,0,0
260.538,13859826608897719907,0,0.000,0.000,0.000,0,3920,0,27,27,27,27,70,70,70,70,70,70,70,70,110,22.000,22.000,24.500,24.500,0,0,0,0
260.552,13859826608897719907,0,0.000,0.000,0.000,0,3920,0,27,27,27,27,70,70,70,70,70,70,70,70,110,22.000,22.000,24.500,24.500,0,0,0,0
260.566,13859826608897719907,0,0.000,0.000,0.000,0,3920,0,27,27,27,27,70,70,70,70,70,70,70,70,110,22.000,22.000,24.500,24.500,0,0,0,0
260.580,13859826608897719907,0,0.000,0.000,0.000,0,3920,0,27,27,27,27,70,70,70,70,70,70,70,70,110,22.000,22.000,24.500,24.500,0,0,0,0
260.595,13859826608897719907,0,0.000,0.000,0.000,0,3920,0,27,27,27,27,70,70,70,70,70,70,70,70,110,22.000,22.000,24.500,24.500,0,0,0,0
260.609,13859826608897719907,0,0.000,0.000,0.000,0,3920,0,27,27,27,27,70,70,70,70,70,70,70,70,110,22.000,22.000,24.500,24.500,0,0,0,0
260.637,13859826608897719907,0,0.000,0.000,0.000,0,3920,0,27,27,27,27,70,70,70,70,70,70,70,70,110,22.000,22.000,24.500,24.500,0,0,0,0
260.652,13859826608897719907,0,0.000,0.000,0.000,0,3920,0,27,27,27,27,70,70,70,70,70,70,70,70,110,22.000,22.000,24.500,24.500,0,0,0,0
260.666,13859826608897719907,0,0.000,0.000,0.000,0,3920,0,27,27,27,27,70,70,70,70,70,70,70,70,110,22.000,22.000,24.500,24.500,0,0,0,0
260.680,13859826608897719907,0,0.000,0.000,0.000,0,3920,0,27,27,27,27,70,70,70,70,70,70,70,70,110,22.000,22.000,24.500,24.500,0,0,0,0
260.695,13859826608897719907,0,0.000,0.000,0.000,0,3920,0,27,27,27,27,70,70,70,70,70,70,70,70,110,22.000,22.000,24.500,24.500,0,0,0,0
260.709,13859826608897719907,0,0.000,0.000,0.000,0,3920,0,27,27,27,27,70,70,70,70,70,70,70,70,110,22.000,22.000,24.500,24.500,0,0,0,0
260.737,13859826608897719907,0,0.000,0.000,0.000,0,3920,0,27,27,27,27,70,70,70,70,70,70,70,70,110,22.000,22.000,24.500,24.500,0,0,0,0
260.751,13859826608897719907,0,0.000,0.000,0.000,0,3920,0,27,27,27,27,70,70,70,70,70,70,70,70,110,22.000,22.000,24.500,24.500,0,0,0,0
260.765,13859826608897719907,0,0.000,0.000,0.000,0,3920,0,27,27,27,27,70,70,70,70,70,70,70,70,110,22.000,22.000,24.500,24.500,0,0,0,0
260.779,13859826608897719907,0,0.000,0.000,0.000,0,3920,0,27,27,27,27,70,70,70,70,70,70,70,70,110,22.000,22.000,24.500,24.500,0,0,0,0
260.807,13859826608897719907,0,0.000,0.000,0.000,0,3920,0,27,27,27,27,70,70,70,70,70,70,70,70,110,22.000,22.000,24.500,24.500,0,0,0,0
260.821,13859826608897719907,0,0.000,0.000,0.000,0,3920,0,27,27,27,27,70,70,70,70,70,70,70,70,110,22.000,22.000,24.500,24.500,0,0,0,0
260.835,13859826608897719907,0,0.000,0.000,0.000,0,3920,0,27,27,27,27,70,70,70,70,70,70,70,70,110,22.000,22.000,24.500,24.500,0,0,0,0
260.850,13859826608897719907,0,0.000,0.000,0.000,0,3920,0,27,27,27,27,70,70,70,70,70,70,70,70,110,22.000,22.000,24.500,24.500,0,0,0,0
260.864,13859826608897719907,0,0.000,0.000,0.000,0,3920,0,27,27,27,27,70,70,70,70,70,70,70,70,110,22.000,22.000,24.500,24.500,0,0,0,0
260.878,13859826608897719907,0,0.000,0.000,0.000,0,3920,0,27,27,27,27,70,70,70,70,70,70,70,70,110,22.000,22.000,24.500,24.500,0,0,0,0
260.907,13859826608897719907,0,0.000,0.000,0.000,0,3920,0,27,27,27,27,70,70,70,70,70,70,70,70,110,22.000,22.000,24.500,24.500,0,0,0,0
260.921,13859826608897719907,0,0.000,0.000,0.000,0,3920,0,27,27,27,27,70,70,70,70,70,70,70,70,110,22.000,22.000,24.500,24.500,0,0,0,0
260.935,13859826608897719907,0,0.000,0.000,0.000,0,3920,0,27,27,27,27,70,70,70,70,70,70,70,70,110,22.000,22.000,24.500,24.500,0,0,0,0
260.950,13859826608897719907,0,0.000,0.000,0.000,0,3920,0,27,27,27,27,70,70,70,70,70,70,70,70,110,22.000,22.000,24.500,24.500,0,0,0,0
260.964,13859826608897719907,0,0.000,0.000,0.000,0,3920,0,27,27,27,27,70,70,70,70,70,70,70,70,110,22.000,22.000,24.500,24.500,0,0,0,0
260.978,13859826608897719907,0,0.000,0.000,0.000,0,3920,0,27,27,27,27,70,70,70,70,70,70,70,70,110,22.000,22.000,24.500,24.500,0,0,0,0
260.993,13859826608897719907,0,0.000,0.000,0.000,0,3920,0,27,27,27,27,70,70,70,70,70,70,70,70,110,22.000,22.000,24.500,24.500,0,0,0,0
261.022,13859826608897719907,0,0.000,0.000,0.000,0,3920,0,27,27,27,27,70,70,70,70,70,70,70,70,110,22.000,22.000,24.500,24.500,0,0,0,0
261.036,13859826608897719907,0,0.000,0.000,0.000,0,3920,0,27,27,27,27,70,70,70,70,70,70,70,70,110,22.000,22.000,24.500,24.500,0,0,0,0
261.050,13859826608897719907,0,0.000,0.000,0.000,0,3920,0,27,27,27,27,70,70,70,70,70,70,70,70,110,22.000,22.000,24.500,24.500,0,0,0,0
261.064,13859826608897719907,0,0.000,0.000,0.000,0,3920,0,27,27,27,27,70,70,70,70,70,70,70,70,110,22.000,22.000,24.500,24.500,0,0,0,0
261.078,13859826608897719907,0,0.000,0.000,0.000,0,3920,0,27,27,27,27,70,70,70,70,70,70,70,70,110,22.000,22.000,24.500,24.500,0,0,0,0
261.106,13859826608897719907,0,0.000,0.000,0.000,0,3920,0,27,27,27,27,70,70,70,70,70,70,70,70,110,22.000,22.000,24.500,24.500,0,0,0,0
261.120,13859826608897719907,0,0.000,0.000,0.000,0,3920,0,27,27,27,27,70,70,70,70,70,70,70,70,110,22.000,22.000,24.500,24.500,0,0,0,0
261.134,13859826608897719907,0,0.000,0.000,0.000,0,3920,0,27,27,27,27,70,70,70,70,70,70,70,70,110,22.000,22.000,24.500,24.500,0,0,0,0
261.148,13859826608897719907,0,0.000,0.000,0.000,0,3920,0,27,27,27,27,70,70,70,70,70,70,70,70,110,22.000,22.000,24.500,24.500,0,0,0,0
261.162,13859826608897719907,0,0.000,0.000,0.000,0,3920,0,27,27,27,27,70,70,70,70,70,70,70,70,110,22.000,22.000,24.500,24.500,0,0,0,0
261.190,13859826608897719907,0,0.000,0.000,0.000,0,3920,0,27,27,27,27,70,70,70,70,70,70,70,70,110,22.000,22.000,24.500,24.500,0,0,0,0
261.204,13859826608897719907,0,0.000,0.000,0.000,0,3920,0,27,27,27,27,70,70,70,70,70,70,70,70,110,22.000,22.000,24.500,24.500,0,0,0,0
261.219,13859826608897719907,0,0.000,0.000,0.000,0,3920,0,27,27,27,27,70,70,70,70,70,70,70,70,110,22.000,22.000,24.500,24.500,0,0,0,0
261.233,13859826608897719907,0,0.000,0.000,0.000,0,3920,0,27,27,27,27,70,70,70,70,70,70,70,70,110,22.000,22.000,24.500,24.500,0,0,0,0
261.247,13859826608897719907,0,0.000,0.000,0.000,0,3920,0,27,27,27,27,70,70,70,70,70,70,70,70,110,22.000,22.000,24.500,24.500,0,0,0,0
261.261,13859826608897719907,0,0.000,0.000,0.000,0,3920,0,27,27,27,27,70,70,70,70,70,70,70,70,110,22.000,22.000,24.500,24.500,0,0,0,0
261.275,13859826608897719907,0,0.000,0.000,0.000,0,3920,0,27,27,27,27,70,70,70,70,70,70,70,70,110,22.000,22.000,24.500,24.500,0,0,0,0
261.303,13859826608897719907,0,0.000,0.000,0.000,0,3920,0,27,27,27,27,70,70,70,70,70,70,70,70,110,22.000,22.000,24.500,24.500,0,0,0,0
261.317,13859826608897719907,0,0.000,0.000,0.000,0,3920,0,27,27,27,27,70,70,70,70,70,70,70,70,110,22.000,22.000,24.500,24.500,0,0,0,0
261.331,13859826608897719907,0,0.000,0.000,0.000,0,3920,0,27,27,27,27,70,70,70,70,70,70,70,70,110,22.000,22.000,24.500,24.500,0,0,0,0
261.359,13859826608897719907,0,0.000,0.000,0.000,0,3920,0,27,27,27,27,70,70,70,70,70,70,70,70,110,22.000,22.000,24.500,24.500,0,0,0,0
261.373,13859826608897719907,0,0.000,0.000,0.000,0,3920,0,27,27,27,27,70,70,70,70,70,70,70,70,110,22.000,22.000,24.500,24.500,0,0,0,0
261.387,13859826608897719907,0,0.000,0.000,0.000,0,3920,0,27,27,27,27,70,70,70,70,70,70,70,70,110,22.000,22.000,24.500,24.500,0,0,0,0
261.401,13859826608897719907,0,0.000,0.000,0.000,0,3920,0,27,27,27,27,70,70,70,70,70,70,70,70,110,22.000,22.000,24.500,24.500,0,0,0,0
261.414,13859826608897719907,0,0.000,0.000,0.000,0,3920,0,27,27,27,27,70,70,70,70,70,70,70,70,110,22.000,22.000,24.500,24.500,0,0,0,0
261.428,13859826608897719907,0,0.000,0.000,0.000,0,3920,0,27,27,27,27,70,70,70,70,70,70,70,70,110,22.000,22.000,24.500,24.500,0,0,0,0
261.442,13859826608897719907,0,0.000,0.000,0.000,0,3920,0,27,27,27,27,70,70,70,70,70,70,70,70,110,22.000,22.000,24.500,24.500,0,0,0,0
261.470,13859826608897719907,0,0.000,0.000,0.000,0,3920,0,27,27,27,27,70,70,70,70,70,70,70,70,110,22.000,22.000,24.500,24.500,0,0,0,0
261.484,13859826608897719907,0,0.000,0.000,0.000,0,3920,0,27,27,27,27,70,70,70,70,70,70,70,70,110,22.000,22.000,24.500,24.500,0,0,0,0
261.498,13859826608897719907,0,0.000,0.000,0.000,0,3920,0,27,27,27,27,70,70,70,70,70,70,70,70,110,22.000,22.000,24.500,24.500,0,0,0,0
261.526,13859826608897719907,0,0.000,0.000,0.000,0,3920,0,27,27,27,27,70,70,70,70,70,70,70,70,110,22.000,22.000,24.500,24.500,0,0,0,0
261.540,13859826608897719907,0,0.000,0.000,0.000,0,3920,0,27,27,27,27,70,70,70,70,70,70,70,70,110,22.000,22.000,24.500,24.500,0,0,0,0
261.554,13859826608897719907,0,0.000,0.000,0.000,0,3920,0,27,27,27,27,70,70,70,70,70,70,70,70,110,22.000,22.000,24.500,24.500,0,0,0,0
261.568,13859826608897719907,0,0.000,0.000,0.000,0,3920,0,27,27,27,27,70,70,70,70,70,70,70,70,110,22.000,22.000,24.500,24.500,0,0,0,0
261.582,13859826608897719907,0,0.000,0.000,0.000,0,3920,0,27,27,27,27,70,70,70,70,70,70,70,70,110,22.000,22.000,24.500,24.500,0,0,0,0
261.596,13859826608897719907,0,0.000,0.000,0.000,0,3920,0,27,27,27,27,70,70,70,70,70,70,70,70,110,22.000,22.000,24.500,24.500,0,0,0,0
261.610,13859826608897719907,0,0.000,0.000,0.000,0,3920,0,27,27,27,27,70,70,70,70,70,70,70,70,110,22.000,22.000,24.500,24.500,0,0,0,0
261.639,13859826608897719907,0,0.000,0.000,0.000,0,3920,0,27,27,27,27,70,70,70,70,70,70,70,70,110,22.000,22.000,24.500,24.500,0,0,0,0
261.653,13859826608897719907,0,0.000,0.000,0.000,0,3920,0,27,27,27,27,70,70,70,70,70,70,70,70,110,22.000,22.000,24.500,24.500,0,0,0,0
261.667,13859826608897719907,0,0.000,0.000,0.000,0,3920,0,27,27,27,27,70,70,70,70,70,70,70,70,110,22.000,22.000,24.500,24.500,0,0,0,0
261.681,13859826608897719907,0,0.000,0.000,0.000,0,3920,0,27,27,27,27,70,70,70,70,70,70,70,70,110,22.000,22.000,24.500,24.500,0,0,0,0
261.709,13859826608897719907,0,0.000,0.000,0.000,0,3920,0,27,27,27,27,70,70,70,70,70,70,70,70,110,22.000,22.000,24.500,24.500,0,0,0,0
261.723,13859826608897719907,0,0.000,0.000,0.000,0,3920,0,27,27,27,27,70,70,70,70,70,70,70,70,110,22.000,22.000,24.500,24.500,0,0,0,0
261.764,13859826608897719907,0,0.000,0.000,0.000,0,3920,0,27,27,27,27,70,70,70,70,70,70,70,70,110,22.000,22.000,24.500,24.500,0,0,0,0
261.806,13859826608897719907,0,0.000,0.000,0.000,0,3920,0,27,27,27,27,70,70,70,70,70,70,70,70,110,22.000,22.000,24.500,24.500,0,0,0,0
261.820,13859826608897719907,0,0.000,0.000,0.000,0,3920,0,27,27,27,27,70,70,70,70,70,70,70,70,110,22.000,22.000,24.500,24.500,0,0,0,0
261.834,13859826608897719907,0,0.000,0.000,0.000,0,3920,0,27,27,27,27,70,70,70,70,70,70,70,70,110,22.000,22.000,24.500,24.500,0,0,0,0
261.848,13859826608897719907,0,0.000,0.000,0.000,0,3920,0,27,27,27,27,70,70,70,70,70,70,70,70,110,22.000,22.000,24.500,24.500,0,0,0,0
261.863,13859826608897719907,0,0.000,0.000,0.000,0,3920,0,27,27,27,27,70,70,70,70,70,70,70,70,110,22.000,22.000,24.500,24.500,0,0,0,0
261.877,13859826608897719907,0,0.000,0.000,0.000,0,3920,0,27,27,27,27,70,70,70,70,70,70,70,70,110,22.000,22.000,24.500,24.500,0,0,0,0
261.905,13859826608897719907,0,0.000,0.000,0.000,0,3920,0,27,27,27,27,70,70,70,70,70,70,70,70,110,22.000,22.000,24.500,24.500,0,0,0,0
261.919,13859826608897719907,0,0.000,0.000,0.000,0,3920,0,27,27,27,27,70,70,70,70,70,70,70,70,110,22.000,22.000,24.500,24.500,0,0,0,0
261.934,13859826608897719907,0,0.000,0.000,0.000,0,3920,0,27,27,27,27,70,70,70,70,70,70,70,70,110,22.000,22.000,24.500,24.500,0,0,0,0
261.948,13859826608897719907,0,0.000,0.000,0.000,0,3920,0,27,27,27,27,70,70,70,70,70,70,70,70,110,22.000,22.000,24.500,24.500,0,0,0,0
261.962,13859826608897719907,0,0.000,0.000,0.000,0,3920,0,27,27,27,27,70,70,70,70,70,70,70,70,110,22.000,22.000,24.500,24.500,0,0,0,0
261.977,13859826608897719907,0,0.000,0.000,0.000,0,3920,0,27,27,27,27,70,70,70,70,70,70,70,70,110,22.000,22.000,24.500,24.500,0,0,0,0
262.006,13859826608897719907,0,0.000,0.000,0.000,0,3920,0,27,27,27,27,70,70,70,70,70,70,70,70,110,22.000,22.000,24.500,24.500,0,0,0,0
262.020,13859826608897719907,0,0.000,0.000,0.000,0,3920,0,27,27,27,27,70,70,70,70,70,70,70,70,110,22.000,22.000,24.500,24.500,0,0,0,0
262.035,13859826608897719907,0,0.000,0.000,0.000,0,3920,0,27,27,27,27,70,70,70,70,70,70,70,70,110,22.000,22.000,24.500,24.500,0,0,0,0
262.049,13859826608897719907,0,0.000,0.000,0.000,0,3920,0,27,27,27,27,70,70,70,70,70,70,70,70,110,22.000,22.000,24.500,24.500,0,0,0,0
262.063,13859826608897719907,0,0.000,0.000,0.000,0,3920,0,27,27,27,27,70,70,70,70,70,70,70,70,110,22.000,22.000,24.500,24.500,0,0,0,0
262.078,13859826608897719907,0,0.000,0.000,0.000,0,3920,0,27,27,27,27,70,70,70,70,70,70,70,70,110,22.000,22.000,24.500,24.500,0,0,0,0
262.107,13859826608897719907,0,0.000,0.000,0.000,0,3920,0,27,27,27,27,70,70,70,70,70,70,70,70,110,22.000,22.000,24.500,24.500,0,0,0,0
262.121,13859826608897719907,0,0.000,0.000,0.000,0,3920,0,27,27,27,27,70,70,70,70,70,70,70,70,110,22.000,22.000,24.500,24.500,0,0,0,0
262.135,13859826608897719907,0,0.000,0.000,0.000,0,3920,0,27,27,27,27,70,70,70,70,70,70,70,70,110,22.000,22.000,24.500,24.500,0,0,0,0
262.150,13859826608897719907,0,0.000,0.000,0.000,0,3920,0,27,27,27,27,70,70,70,70,70,70,70,70,110,22.000,22.000,24.500,24.500,0,0,0,0
262.164,13859826608897719907,0,0.000,0.000,0.000,0,3920,0,27,27,27,27,70,70,70,70,70,70,70,70,110,22.000,22.000,24.500,24.500,0,0,0,0
262.178,13859826608897719907,0,0.000,0.000,0.000,0,3920,0,27,27,27,27,70,70,70,70,70,70,70,70,110,22.000,22.000,24.500,24.500,0,0,0,0
262.207,13859826608897719907,0,0.000,0.000,0.000,0,3920,0,27,27,27,27,70,70,70,70,70,70,70,70,110,22.000,22.000,24.500,24.500,0,0,0,0
262.221,13859826608897719907,0,0.000,0.000,0.000,0,3920,0,27,27,27,27,70,70,70,70,70,70,70,70,110,22.000,22.000,24.500,24.500,0,0,0,0
262.235,13859826608897719907,0,0.000,0.000,0.000,0,3920,0,27,27,27,27,70,70,70,70,70,70,70,70,110,22.000,22.000,24.500,24.500,0,0,0,0
262.250,13859826608897719907,0,0.000,0.000,0.000,0,3920,0,27,27,27,27,70,70,70,70,70,70,70,70,110,22.000,22.000,24.500,24.500,0,0,0,0
262.264,13859826608897719907,0,0.000,0.000,0.000,0,3920,0,27,27,27,27,70,70,70,70,70,70,70,70,110,22.000,22.000,24.500,24.500,0,0,0,0
262.278,13859826608897719907,0,0.000,0.000,0.000,0,3920,0,27,27,27,27,70,70,70,70,70,70,70,70,110,22.000,22.000,24.500,24.500,0,0,0,0
262.307,13859826608897719907,0,0.000,0.000,0.000,0,3920,0,27,27,27,27,70,70,70,70,70,70,70,70,110,22.000,22.000,24.500,24.500,0,0,0,0
262.321,13859826608897719907,0,0.000,0.000,0.000,0,3920,0,27,27,27,27,70,70,70,70,70,70,70,70,110,22.000,22.000,24.500,24.500,0,0,0,0
262.335,13859826608897719907,0,0.000,0.000,0.000,0,3920,0,27,27,27,27,70,70,70,70,70,70,70,70,110,22.000,22.000,24.500,24.500,0,0,0,0
262.350,13859826608897719907,0,0.000,0.000,0.000,0,3920,0,27,27,27,27,70,70,70,70,70,70,70,70,110,22.000,22.000,24.500,24.500,0,0,0,0
262.365,13859826608897719907,0,0.000,0.000,0.000,0,3920,0,27,27,27,27,70,70,70,70,70,70,70,70,110,22.000,22.000,24.500,24.500,0,0,0,0
262.380,13859826608897719907,0,0.000,0.000,0.000,0,3920,0,27,27,27,27,70,70,70,70,70,70,70,70,110,22.000,22.000,24.500,24.500,0,0,0,0
262.486,13859826608897719907,0,0.000,0.000,0.000,0,3920,0,27,27,27,27,70,70,70,70,70,70,70,70,110,22.000,22.000,24.500,24.500,0,0,0,0
262.502,13859826608897719907,0,0.000,0.000,0.000,0,3920,0,27,27,27,27,70,70,70,70,70,70,70,70,110,22.000,22.000,24.500,24.500,0,0,0,0
262.517,13859826608897719907,0,0.000,0.000,0.000,0,3920,0,27,27,27,27,70,70,70,70,70,70,70,70,110,22.000,22.000,24.500,24.500,0,0,0,0
262.547,13859826608897719907,0,0.000,0.000,0.000,0,3920,0,27,27,27,27,70,70,70,70,70,70,70,70,110,22.000,22.000,24.500,24.500,0,0,0,0
262.575,13859826608897719907,0,0.000,0.000,0.000,0,3920,0,27,27,27,27,70,70,70,70,70,70,70,70,110,22.000,22.000,24.500,24.500,0,0,0,0
262.588,13859826608897719907,0,0.000,0.000,0.000,0,3920,0,27,27,27,27,70,70,70,70,70,70,70,70,110,22.000,22.000,24.500,24.500,0,0,0,0
262.602,13859826608897719907,0,0.000,0.000,0.000,0,3920,0,27,27,27,27,70,70,70,70,70,70,70,70,110,22.000,22.000,24.500,24.500,0,0,0,0
262.616,13859826608897719907,0,0.000,0.000,0.000,0,3920,0,27,27,27,27,70,70,70,70,70,70,70,70,110,22.000,22.000,24.500,24.500,0,0,0,0
262.657,13859826608897719907,0,0.000,0.000,0.000,0,3920,0,27,27,27,27,70,70,70,70,70,70,70,70,110,22.000,22.000,24.500,24.500,0,0,0,0
262.670,13859826608897719907,0,0.000,0.000,0.000,0,3920,0,27,27,27,27,70,70,70,70,70,70,70,70,110,22.000,22.000,24.500,24.500,0,0,0,0
262.684,13859826608897719907,0,0.000,0.000,0.000,0,3920,0,27,27,27,27,70,70,70,70,70,70,70,70,110,22.000,22.000,24.500,24.500,0,0,0,0
262.698,13859826608897719907,0,0.000,0.000,0.000,0,3920,0,27,27,27,27,70,70,70,70,70,70,70,70,110,22.000,22.000,24.500,24.500,0,0,0,0
262.725,13859826608897719907,0,0.000,0.000,0.000,0,3920,0,27,27,27,27,70,70,70,70,70,70,70,70,110,22.000,22.000,24.500,24.500,0,0,0,0
262.739,13859826608897719907,0,0.000,0.000,0.000,0,3920,0,27,27,27,27,70,70,70,70,70,70,70,70,110,22.000,22.000,24.500,24.500,0,0,0,0
262.753,13859826608897719907,0,0.000,0.000,0.000,0,3920,0,27,27,27,27,70,70,70,70,70,70,70,70,110,22.000,22.000,24.500,24.500,0,0,0,0
262.767,13859826608897719907,0,0.000,0.000,0.000,0,3920,0,27,27,27,27,70,70,70,70,70,70,70,70,110,22.000,22.000,24.500,24.500,0,0,0,0
262.781,13859826608897719907,0,0.000,0.000,0.000,0,3920,0,27,27,27,27,70,70,70,70,70,70,70,70,110,22.000,22.000,24.500,24.500,0,0,0,0
262.808,13859826608897719907,0,0.000,0.000,0.000,0,3920,0,27,27,27,27,70,70,70,70,70,70,70,70,110,22.000,22.000,24.500,24.500,0,0,0,0
262.822,13859826608897719907,0,0.000,0.000,0.000,0,3920,0,27,27,27,27,70,70,70,70,70,70,70,70,110,22.000,22.000,24.500,24.500,0,0,0,0
262.837,13859826608897719907,0,0.000,0.000,0.000,0,3920,0,27,27,27,27,70,70,70,70,70,70,70,70,110,22.000,22.000,24.500,24.500,0,0,0,0
262.851,13859826608897719907,0,0.000,0.000,0.000,0,3920,0,27,27,27,27,70,70,70,70,70,70,70,70,110,22.000,22.000,24.500,24.500,0,0,0,0
262.865,13859826608897719907,0,0.000,0.000,0.000,0,3920,0,27,27,27,27,70,70,70,70,70,70,70,70,110,22.000,22.000,24.500,24.500,0,0,0,0
262.879,13859826608897719907,0,0.000,0.000,0.000,0,3920,0,27,27,27,27,70,70,70,70,70,70,70,70,110,22.000,22.000,24.500,24.500,0,0,0,0
262.894,13859826608897719907,0,0.000,0.000,0.000,0,3920,0,27,27,27,27,70,70,70,70,70,70,70,70,110,22.000,22.000,24.500,24.500,0,0,0,0
262.923,13859826608897719907,0,0.000,0.000,0.000,0,3920,0,27,27,27,27,70,70,70,70,70,70,70,70,110,22.000,22.000,24.500,24.500,0,0,0,0
262.937,13859826608897719907,0,0.000,0.000,0.000,0,3920,0,27,27,27,27,70,70,70,70,70,70,70,70,110,22.000,22.000,24.500,24.500,0,0,0,0
263.023,13859826608897719907,0,0.000,0.000,0.000,0,3920,0,27,27,27,27,70,70,70,70,70,70,70,70,110,22.000,22.000,24.500,24.500,0,0,0,0
263.037,13859826608897719907,0,0.000,0.000,0.000,0,3920,0,27,27,27,27,70,70,70,70,70,70,70,70,110,22.000,22.000,24.500,24.500,0,0,0,0
263.051,13859826608897719907,0,0.000,0.000,0.000,0,3920,0,27,27,27,27,70,70,70,70,70,70,70,70,110,22.000,22.000,24.500,24.500,0,0,0,0
263.065,13859826608897719907,0,0.000,0.000,0.000,0,3920,0,27,27,27,27,70,70,70,70,70,70,70,70,110,22.000,22.000,24.500,24.500,0,0,0,0
263.080,13859826608897719907,0,0.000,0.000,0.000,0,3920,0,27,27,27,27,70,70,70,70,70,70,70,70,110,22.000,22.000,24.500,24.500,0,0,0,0
263.094,13859826608897719907,0,0.000,0.000,0.000,0,3920,0,27,27,27,27,70,70,70,70,70,70,70,70,110,22.000,22.000,24.500,24.500,0,0,0,0
263.122,13859826608897719907,0,0.000,0.000,0.000,0,3920,0,27,27,27,27,70,70,70,70,70,70,70,70,110,22.000,22.000,24.500,24.500,0,0,0,0
263.136,13859826608897719907,0,0.000,0.000,0.000,0,3920,0,27,27,27,27,70,70,70,70,70,70,70,70,110,22.000,22.000,24.500,24.500,0,0,0,0
263.151,13859826608897719907,0,0.000,0.000,0.000,0,3920,0,27,27,27,27,70,70,70,70,70,70,70,70,110,22.000,22.000,24.500,24.500,0,0,0,0
263.165,13859826608897719907,0,0.000,0.000,0.000,0,3920,0,27,27,27,27,70,70,70,70,70,70,70,70,110,22.000,22.000,24.500,24.500,0,0,0,0
263.179,13859826608897719907,0,0.000,0.000,0.000,0,3920,0,27,27,27,27,70,70,70,70,70,70,70,70,110,22.000,22.000,24.500,24.500,0,0,0,0
263.194,13859826608897719907,0,0.000,0.000,0.000,0,3920,0,27,27,27,27,70,70,70,70,70,70,70,70,110,22.000,22.000,24.500,24.500,0,0,0,0
263.222,13859826608897719907,0,0.000,0.000,0.000,0,3920,0,27,27,27,27,70,70,70,70,70,70,70,70,110,22.000,22.000,24.500,24.500,0,0,0,0
263.236,13859826608897719907,0,0.000,0.000,0.000,0,3920,0,27,27,27,27,70,70,70,70,70,70,70,70,110,22.000,22.000,24.500,24.500,0,0,0,0
263.251,13859826608897719907,0,0.000,0.000,0.000,0,3920,0,27,27,27,27,70,70,70,70,70,70,70,70,110,22.000,22.000,24.500,24.500,0,0,0,0
263.265,13859826608897719907,0,0.000,0.000,0.000,0,3920,0,27,27,27,27,70,70,70,70,70,70,70,70,110,22.000,22.000,24.500,24.500,0,0,0,0
263.293,13859826608897719907,0,0.000,0.000,0.000,0,3920,0,27,27,27,27,70,70,70,70,70,70,70,70,110,22.000,22.000,24.500,24.500,0,0,0,0
263.321,13859826608897719907,0,0.000,0.000,0.000,0,3920,0,27,27,27,27,70,70,70,70,70,70,70,70,110,22.000,22.000,24.500,24.500,0,0,0,0
263.392,13859826608897719907,0,0.000,0.000,0.000,0,3920,0,27,27,27,27,70,70,70,70,70,70,70,70,110,22.000,22.000,24.500,24.500,0,0,0,0
263.421,13859826608897719907,0,0.000,0.000,0.000,0,3920,0,27,27,27,27,70,70,70,70,70,70,70,70,110,22.000,22.000,24.500,24.500,0,0,0,0
263.449,13859826608897719907,0,0.000,0.000,0.000,0,3920,0,27,27,27,27,70,70,70,70,70,70,70,70,110,22.000,22.000,24.500,24.500,0,0,0,0
263.477,13859826608897719907,0,0.000,0.000,0.000,0,3920,0,27,27,27,27,70,70,70,70,70,70,70,70,110,22.000,22.000,24.500,24.500,0,0,0,0
263.520,13859826608897719907,0,0.000,0.000,0.000,0,3920,0,27,27,27,27,70,70,70,70,70,70,70,70,110,22.000,22.000,24.500,24.500,0,0,0,0
263.578,13859826608897719907,0,0.000,0.000,0.000,0,3920,0,27,27,27,27,70,70,70,70,70,70,70,70,110,22.000,22.000,24.500,24.500,0,0,0,0
263.606,13859826608897719907,0,0.000,0.000,0.000,0,3920,0,27,27,27,27,70,70,70,70,70,70,70,70,110,22.000,22.000,24.500,24.500,0,0,0,0
263.620,13859826608897719907,0,0.000,0.000,0.000,0,3920,0,27,27,27,27,70,70,70,70,70,70,70,70,110,22.000,22.000,24.500,24.500,0,0,0,0
263.649,13859826608897719907,0,0.000,0.000,0.000,0,3920,0,27,27,27,27,70,70,70,70,70,70,70,70,110,22.000,22.000,24.500,24.500,0,0,0,0
263.678,13859826608897719907,0,0.000,0.000,0.000,0,3920,0,27,27,27,27,70,70,70,70,70,70,70,70,110,22.000,22.000,24.500,24.500,0,0,0,0
263.707,13859826608897719907,0,0.000,0.000,0.000,0,3920,0,27,27,27,27,70,70,70,70,70,70,70,70,110,22.000,22.000,24.500,24.500,0,0,0,0
263.721,13859826608897719907,0,0.000,0.000,0.000,0,3920,0,27,27,27,27,70,70,70,70,70,70,70,70,110,22.000,22.000,24.500,24.500,0,0,0,0
263.750,13859826608897719907,0,0.000,0.000,0.000,0,3920,0,27,27,27,27,70,70,70,70,70,70,70,70,110,22.000,22.000,24.500,24.500,0,0,0,0
263.764,13859826608897719907,0,0.000,0.000,0.000,0,3920,0,27,27,27,27,70,70,70,70,70,70,70,70,110,22.000,22.000,24.500,24.500,0,0,0,0
263.779,13859826608897719907,0,0.000,0.000,0.000,0,3920,0,27,27,27,27,70,70,70,70,70,70,70,70,110,22.000,22.000,24.500,24.500,0,0,0,0
263.793,13859826608897719907,0,0.000,0.000,0.000,0,3920,0,27,27,27,27,70,70,70,70,70,70,70,70,110,22.000,22.000,24.500,24.500,0,0,0,0
263.822,13859826608897719907,0,0.000,0.000,0.000,0,3920,0,27,27,27,27,70,70,70,70,70,70,70,70,110,22.000,22.000,24.500,24.500,0,0,0,0
263.836,13859826608897719907,0,0.000,0.000,0.000,0,3920,0,27,27,27,27,70,70,70,70,70,70,70,70,110,22.000,22.000,24.500,24.500,0,0,0,0
263.850,13859826608897719907,0,0.000,0.000,0.000,0,3920,0,27,27,27,27,70,70,70,70,70,70,70,70,110,22.000,22.000,24.500,24.500,0,0,0,0
263.865,13859826608897719907,0,0.000,0.000,0.000,0,3920,0,27,27,27,27,70,70,70,70,70,70,70,70,110,22.000,22.000,24.500,24.500,0,0,0,0
263.879,13859826608897719907,0,0.000,0.000,0.000,0,3920,0,27,27,27,27,70,70,70,70,70,70,70,70,110,22.000,22.000,24.500,24.500,0,0,0,0
263.907,13859826608897719907,0,0.000,0.000,0.000,0,3920,0,27,27,27,27,70,70,70,70,70,70,70,70,110,22.000,22.000,24.500,24.500,0,0,0,0
263.921,13859826608897719907,0,0.000,0.000,0.000,0,3920,0,27,27,27,27,70,70,70,70,70,70,70,70,110,22.000,22.000,24.500,24.500,0,0,0,0
263.935,13859826608897719907,0,0.000,0.000,0.000,0,3920,0,27,27,27,27,70,70,70,70,70,70,70,70,110,22.000,22.000,24.500,24.500,0,0,0,0
263.949,13859826608897719907,0,0.000,0.000,0.000,0,3920,0,27,27,27,27,70,70,70,70,70,70,70,70,110,22.000,22.000,24.500,24.500,0,0,0,0
263.964,13859826608897719907,0,0.000,0.000,0.000,0,3920,0,27,27,27,27,70,70,70,70,70,70,70,70,110,22.000,22.000,24.500,24.500,0,0,0,0
263.978,13859826608897719907,0,0.000,0.000,0.000,0,3920,0,27,27,27,27,70,70,70,70,70,70,70,70,110,22.000,22.000,24.500,24.500,0,0,0,0
264.006,13859826608897719907,0,0.000,0.000,0.000,0,3920,0,27,27,27,27,70,70,70,70,70,70,70,70,110,22.000,22.000,24.500,24.500,0,0,0,0
264.020,13859826608897719907,0,0.000,0.000,0.000,0,3920,0,27,27,27,27,70,70,70,70,70,70,70,70,110,22.000,22.000,24.500,24.500,0,0,0,0
264.034,13859826608897719907,0,0.000,0.000,0.000,0,3920,0,27,27,27,27,70,70,70,70,70,70,70,70,110,22.000,22.000,24.500,24.500,0,0,0,0
264.048,13859826608897719907,0,0.000,0.000,0.000,0,3920,0,27,27,27,27,70,70,70,70,70,70,70,70,110,22.000,22.000,24.500,24.500,0,0,0,0
264.062,13859826608897719907,0,0.000,0.000,0.000,0,3920,0,27,27,27,27,70,70,70,70,70,70,70,70,110,22.000,22.000,24.500,24.500,0,0,0,0
264.090,13859826608897719907,0,0.000,0.000,0.000,0,3920,0,27,27,27,27,70,70,70,70,70,70,70,70,110,22.000,22.000,24.500,24.500,0,0,0,0
264.119,13859826608897719907,0,0.000,0.000,0.000,0,3920,0,27,27,27,27,70,70,70,70,70,70,70,70,110,22.000,22.000,24.500,24.500,0,0,0,0
264.134,13859826608897719907,0,0.000,0.000,0.000,0,3920,0,27,27,27,27,70,70,70,70,70,70,70,70,110,22.000,22.000,24.500,24.500,0,0,0,0
264.177,13859826608897719907,0,0.000,0.000,0.000,0,3920,0,27,27,27,27,70,70,70,70,70,70,70,70,110,22.000,22.000,24.500,24.500,0,0,0,0
264.192,13859826608897719907,0,0.000,0.000,0.000,0,3920,0,27,27,27,27,70,70,70,70,70,70,70,70,110,22.000,22.000,24.500,24.500,0,0,0,0
264.220,13859826608897719907,0,0.000,0.000,0.000,0,3920,0,27,27,27,27,70,70,70,70,70,70,70,70,110,22.000,22.000,24.500,24.500,0,0,0,0
264.235,13859826608897719907,0,0.000,0.000,0.000,0,3920,0,27,27,27,27,70,70,70,70,70,70,70,70,110,22.000,22.000,24.500,24.500,0,0,0,0
264.249,13859826608897719907,0,0.000,0.000,0.000,0,3920,0,27,27,27,27,70,70,70,70,70,70,70,70,110,22.000,22.000,24.500,24.500,0,0,0,0
264.263,13859826608897719907,0,0.000,0.000,0.000,0,3920,0,27,27,27,27,70,70,70,70,70,70,70,70,110,22.000,22.000,24.500,24.500,0,0,0,0
264.277,13859826608897719907,0,0.000,0.000,0.000,0,3920,0,27,27,27,27,70,70,70,70,70,70,70,70,110,22.000,22.000,24.500,24.500,0,0,0,0
264.305,13859826608897719907,0,0.000,0.000,0.000,0,3920,0,27,27,27,27,70,70,70,70,70,70,70,70,110,22.000,22.000,24.500,24.500,0,0,0,0
264.319,13859826608897719907,0,0.000,0.000,0.000,0,3920,0,27,27,27,27,70,70,70,70,70,70,70,70,110,22.000,22.000,24.500,24.500,0,0,0,0
264.334,13859826608897719907,0,0.000,0.000,0.000,0,3920,0,27,27,27,27,70,70,70,70,70,70,70,70,110,22.000,22.000,24.500,24.500,0,0,0,0
264.348,13859826608897719907,0,0.000,0.000,0.000,0,3920,0,27,27,27,27,70,70,70,70,70,70,70,70,110,22.000,22.000,24.500,24.500,0,0,0,0
264.362,13859826608897719907,0,0.000,0.000,0.000,0,3920,0,27,27,27,27,70,70,70,70,70,70,70,70,110,22.000,22.000,24.500,24.500,0,0,0,0
264.376,13859826608897719907,0,0.000,0.000,0.000,0,3920,0,27,27,27,27,70,70,70,70,70,70,70,70,110,22.000,22.000,24.500,24.500,0,0,0,0
264.405,13859826608897719907,0,0.000,0.000,0.000,0,3920,0,27,27,27,27,70,70,70,70,70,70,70,70,110,22.000,22.000,24.500,24.500,0,0,0,0
264.419,13859826608897719907,0,0.000,0.000,0.000,0,3920,0,27,27,27,27,70,70,70,70,70,70,70,70,110,22.000,22.000,24.500,24.500,0,0,0,0
264.434,13859826608897719907,0,0.000,0.000,0.000,0,3920,0,27,27,27,27,70,70,70,70,70,70,70,70,110,22.000,22.000,24.500,24.500,0,0,0,0
264.448,13859826608897719907,0,0.000,0.000,0.000,0,3920,0,27,27,27,27,70,70,70,70,70,70,70,70,110,22.000,22.000,24.500,24.500,0,0,0,0
264.462,13859826608897719907,0,0.000,0.000,0.000,0,3920,0,27,27,27,27,70,70,70,70,70,70,70,70,110,22.000,22.000,24.500,24.500,0,0,0,0
264.477,13859826608897719907,0,0.000,0.000,0.000,0,3920,0,27,27,27,27,70,70,70,70,70,70,70,70,110,22.000,22.000,24.500,24.500,0,0,0,0
264.505,13859826608897719907,0,0.000,0.000,0.000,0,3920,0,27,27,27,27,70,70,70,70,70,70,70,70,110,22.000,22.000,24.500,24.500,0,0,0,0
264.520,13859826608897719907,0,0.000,0.000,0.000,0,3920,0,27,27,27,27,70,70,70,70,70,70,70,70,110,22.000,22.000,24.500,24.500,0,0,0,0
264.534,13859826608897719907,0,0.000,0.000,0.000,0,3920,0,27,27,27,27,70,70,70,70,70,70,70,70,110,22.000,22.000,24.500,24.500,0,0,0,0
264.549,13859826608897719907,0,0.000,0.000,0.000,0,3920,0,27,27,27,27,70,70,70,70,70,70,70,70,110,22.000,22.000,24.500,24.500,0,0,0,0
264.563,13859826608897719907,0,0.000,0.000,0.000,0,3920,0,27,27,27,27,70,70,70,70,70,70,70,70,110,22.000,22.000,24.500,24.500,0,0,0,0
264.578,13859826608897719907,0,0.000,0.000,0.000,0,3920,0,27,27,27,27,70,70,70,70,70,70,70,70,110,22.000,22.000,24.500,24.500,0,0,0,0
264.593,13859826608897719907,0,0.000,0.000,0.000,0,3920,0,27,27,27,27,70,70,70,70,70,70,70,70,110,22.000,22.000,24.500,24.500,0,0,0,0
264.607,13859826608897719907,0,0.000,0.000,0.000,0,3920,0,27,27,27,27,70,70,70,70,70,70,70,70,110,22.000,22.000,24.500,24.500,0,0,0,0
264.636,13859826608897719907,0,0.000,0.000,0.000,0,3920,0,27,27,27,27,70,70,70,70,70,70,70,70,110,22.000,22.000,24.500,24.500,0,0,0,0
264.651,13859826608897719907,0,0.000,0.000,0.000,0,3920,0,27,27,27,27,70,70,70,70,70,70,70,70,110,22.000,22.000,24.500,24.500,0,0,0,0
264.665,13859826608897719907,0,0.000,0.000,0.000,0,3920,0,27,27,27,27,70,70,70,70,70,70,70,70,110,22.000,22.000,24.500,24.500,0,0,0,0
264.680,13859826608897719907,0,0.000,0.000,0.000,0,3920,0,27,27,27,27,70,70,70,70,70,70,70,70,110,22.000,22.000,24.500,24.500,0,0,0,0
264.694,13859826608897719907,0,0.000,0.000,0.000,0,3920,0,27,27,27,27,70,70,70,70,70,70,70,70,110,22.000,22.000,24.500,24.500,0,0,0,0
264.709,13859826608897719907,0,0.000,0.000,0.000,0,3920,0,27,27,27,27,70,70,70,70,70,70,70,70,110,22.000,22.000,24.500,24.500,0,0,0,0
264.723,13859826608897719907,0,0.000,0.000,0.000,0,3920,0,27,27,27,27,70,70,70,70,70,70,70,70,110,22.000,22.000,24.500,24.500,0,0,0,0
264.752,13859826608897719907,0,0.000,0.000,0.000,0,3920,0,27,27,27,27,70,70,70,70,70,70,70,70,110,22.000,22.000,24.500,24.500,0,0,0,0
264.766,13859826608897719907,0,0.000,0.000,0.000,0,3920,0,27,27,27,27,70,70,70,70,70,70,70,70,110,22.000,22.000,24.500,24.500,0,0,0,0
264.781,13859826608897719907,0,0.000,0.000,0.000,0,3920,0,27,27,27,27,70,70,70,70,70,70,70,70,110,22.000,22.000,24.500,24.500,0,0,0,0
264.795,13859826608897719907,0,0.000,0.000,0.000,0,3920,0,27,27,27,27,70,70,70,70,70,70,70,70,110,22.000,22.000,24.500,24.500,0,0,0,0
264.823,13859826608897719907,0,0.000,0.000,0.000,0,3920,0,27,27,27,27,70,70,70,70,70,70,70,70,110,22.000,22.000,24.500,24.500,0,0,0,0
264.837,13859826608897719907,0,0.000,0.000,0.000,0,3920,0,27,27,27,27,70,70,70,70,70,70,70,70,110,22.000,22.000,24.500,24.500,0,0,0,0
264.851,13859826608897719907,0,0.000,0.000,0.000,0,3920,0,27,27,27,27,70,70,70,70,70,70,70,70,110,22.000,22.000,24.500,24.500,0,0,0,0
264.865,13859826608897719907,0,0.000,0.000,0.000,0,3920,0,27,27,27,27,70,70,70,70,70,70,70,70,110,22.000,22.000,24.500,24.500,0,0,0,0
264.879,13859826608897719907,0,0.000,0.000,0.000,0,3920,0,27,27,27,27,70,70,70,70,70,70,70,70,110,22.000,22.000,24.500,24.500,0,0,0,0
264.893,13859826608897719907,0,0.000,0.000,0.000,0,3920,0,27,27,27,27,70,70,70,70,70,70,70,70,110,22.000,22.000,24.500,24.500,0,0,0,0
264.921,13859826608897719907,0,0.000,0.000,0.000,0,3920,0,27,27,27,27,70,70,70,70,70,70,70,70,110,22.000,22.000,24.500,24.500,0,0,0,0
264.935,13859826608897719907,0,0.000,0.000,0.000,0,3920,0,27,27,27,27,70,70,70,70,70,70,70,70,110,22.000,22.000,24.500,24.500,0,0,0,0
264.949,13859826608897719907,0,0.000,0.000,0.000,0,3920,0,27,27,27,27,70,70,70,70,70,70,70,70,110,22.000,22.000,24.500,24.500,0,0,0,0
264.963,13859826608897719907,0,0.000,0.000,0.000,0,3920,0,27,27,27,27,70,70,70,70,70,70,70,70,110,22.000,22.000,24.500,24.500,0,0,0,0
264.991,13859826608897719907,0,0.000,0.000,0.000,0,3920,0,27,27,27,27,70,70,70,70,70,70,70,70,110,22.000,22.000,24.500,24.500,0,0,0,0
265.005,13859826608897719907,0,0.000,0.000,0.000,0,3920,0,27,27,27,27,70,70,70,70,70,70,70,70,110,22.000,22.000,24.500,24.500,0,0,0,0
265.019,13859826608897719907,0,0.000,0.000,0.000,0,3920,0,27,27,27,27,70,70,70,70,70,70,70,70,110,22.000,22.000,24.500,24.500,0,0,0,0
265.033,13859826608897719907,0,0.000,0.000,0.000,0,3920,0,27,27,27,27,70,70,70,70,70,70,70,70,110,22.000,22.000,24.500,24.500,0,0,0,0
265.047,13859826608897719907,0,0.000,0.000,0.000,0,3920,0,27,27,27,27,70,70,70,70,70,70,70,70,110,22.000,22.000,24.500,24.500,0,0,0,0
265.075,13859826608897719907,0,0.000,0.000,0.000,0,3920,0,27,27,27,27,70,70,70,70,70,70,70,70,110,22.000,22.000,24.500,24.500,0,0,0,0
265.089,13859826608897719907,0,0.000,0.000,0.000,0,3920,0,27,27,27,27,70,70,70,70,70,70,70,70,110,22.000,22.000,24.500,24.500,0,0,0,0
265.103,13859826608897719907,0,0.000,0.000,0.000,0,3920,0,27,27,27,27,70,70,70,70,70,70,70,70,110,22.000,22.000,24.500,24.500,0,0,0,0
265.117,13859826608897719907,0,0.000,0.000,0.000,0,3920,0,27,27,27,27,70,70,70,70,70,70,70,70,110,22.000,22.000,24.500,24.500,0,0,0,0
265.131,13859826608897719907,0,0.000,0.000,0.000,0,3920,0,27,27,27,27,70,70,70,70,70,70,70,70,110,22.000,22.000,24.500,24.500,0,0,0,0
265.145,13859826608897719907,0,0.000,0.000,0.000,0,3920,0,27,27,27,27,70,70,70,70,70,70,70,70,110,22.000,22.000,24.500,24.500,0,0,0,0
265.174,13859826608897719907,0,0.000,0.000,0.000,0,3920,0,27,27,27,27,70,70,70,70,70,70,70,70,110,22.000,22.000,24.500,24.500,0,0,0,0
265.188,13859826608897719907,0,0.000,0.000,0.000,0,3920,0,27,27,27,27,70,70,70,70,70,70,70,70,110,22.000,22.000,24.500,24.500,0,0,0,0
265.202,13859826608897719907,0,0.000,0.000,0.000,0,3920,0,27,27,27,27,70,70,70,70,70,70,70,70,110,22.000,22.000,24.500,24.500,0,0,0,0
265.216,13859826608897719907,0,0.000,0.000,0.000,0,3920,0,27,27,27,27,70,70,70,70,70,70,70,70,110,22.000,22.000,24.500,24.500,0,0,0,0
265.230,13859826608897719907,0,0.000,0.000,0.000,0,3920,0,27,27,27,27,70,70,70,70,70,70,70,70,110,22.000,22.000,24.500,24.500,0,0,0,0
265.244,13859826608897719907,0,0.000,0.000,0.000,0,3920,0,27,27,27,27,70,70,70,70,70,70,70,70,110,22.000,22.000,24.500,24.500,0,0,0,0
265.273,13859826608897719907,0,0.000,0.000,0.000,0,3920,0,27,27,27,27,70,70,70,70,70,70,70,70,110,22.000,22.000,24.500,24.500,0,0,0,0
265.287,13859826608897719907,0,0.000,0.000,0.000,0,3920,0,27,27,27,27,70,70,70,70,70,70,70,70,110,22.000,22.000,24.500,24.500,0,0,0,0
265.302,13859826608897719907,0,0.000,0.000,0.000,0,3920,0,27,27,27,27,70,70,70,70,70,70,70,70,110,22.000,22.000,24.500,24.500,0,0,0,0
265.317,13859826608897719907,0,0.000,0.000,0.000,0,3920,0,27,27,27,27,70,70,70,70,70,70,70,70,110,22.000,22.000,24.500,24.500,0,0,0,0
265.332,13859826608897719907,0,0.000,0.000,0.000,0,3920,0,27,27,27,27,70,70,70,70,70,70,70,70,110,22.000,22.000,24.500,24.500,0,0,0,0
265.347,13859826608897719907,0,0.000,0.000,0.000,0,3920,0,27,27,27,27,70,70,70,70,70,70,70,70,110,22.000,22.000,24.500,24.500,0,0,0,0
265.363,13859826608897719907,0,0.000,0.000,0.000,0,3920,0,27,27,27,27,70,70,70,70,70,70,70,70,110,22.000,22.000,24.500,24.500,0,0,0,0
265.379,13859826608897719907,0,0.000,0.000,0.000,0,3920,0,27,27,27,27,70,70,70,70,70,70,70,70,110,22.000,22.000,24.500,24.500,0,0,0,0
265.394,13859826608897719907,0,0.000,0.000,0.000,0,3920,0,27,27,27,27,70,70,70,70,70,70,70,70,110,22.000,22.000,24.500,24.500,0,0,0,0
265.410,13859826608897719907,0,0.000,0.000,0.000,0,3920,0,27,27,27,27,70,70,70,70,70,70,70,70,110,22.000,22.000,24.500,24.500,0,0,0,0
265.426,13859826608897719907,0,0.000,0.000,0.000,0,3920,0,27,27,27,27,70,70,70,70,70,70,70,70,110,22.000,22.000,24.500,24.500,0,0,0,0
265.441,13859826608897719907,0,0.000,0.000,0.000,0,3920,0,27,27,27,27,70,70,70,70,70,70,70,70,110,22.000,22.000,24.500,24.500,0,0,0,0
265.471,13859826608897719907,0,0.000,0.000,0.000,0,3920,0,27,27,27,27,70,70,70,70,70,70,70,70,110,22.000,22.000,24.500,24.500,0,0,0,0
265.486,13859826608897719907,0,0.000,0.000,0.000,0,3920,0,27,27,27,27,70,70,70,70,70,70,70,70,110,22.000,22.000,24.500,24.500,0,0,0,0
265.502,13859826608897719907,0,0.000,0.000,0.000,0,3920,0,27,27,27,27,70,70,70,70,70,70,70,70,110,22.000,22.000,24.500,24.500,0,0,0,0
265.517,13859826608897719907,0,0.000,0.000,0.000,0,3920,0,27,27,27,27,70,70,70,70,70,70,70,70,110,22.000,22.000,24.500,24.500,0,0,0,0
265.532,13859826608897719907,0,0.000,0.000,0.000,0,3920,0,27,27,27,27,70,70,70,70,70,70,70,70,110,22.000,22.000,24.500,24.500,0,0,0,0
265.548,13859826608897719907,0,0.000,0.000,0.000,0,3920,0,27,27,27,27,70,70,70,70,70,70,70,70,110,22.000,22.000,24.500,24.500,0,0,0,0
265.563,13859826608897719907,0,0.000,0.000,0.000,0,3920,0,27,27,27,27,70,70,70,70,70,70,70,70,110,22.000,22.000,24.500,24.500,0,0,0,0
265.579,13859826608897719907,0,0.000,0.000,0.000,0,3920,0,27,27,27,27,70,70,70,70,70,70,70,70,110,22.000,22.000,24.500,24.500,0,0,0,0
265.594,13859826608897719907,0,0.000,0.000,0.000,0,3920,0,27,27,27,27,70,70,70,70,70,70,70,70,110,22.000,22.000,24.500,24.500,0,0,0,0
265.610,13859826608897719907,0,0.000,0.000,0.000,0,3920,0,27,27,27,27,70,70,70,70,70,70,70,70,110,22.000,22.000,24.500,24.500,0,0,0,0
265.626,13859826608897719907,0,0.000,0.000,0.000,0,3920,0,27,27,27,27,70,70,70,70,70,70,70,70,110,22.000,22.000,24.500,24.500,0,0,0,0
265.641,13859826608897719907,0,0.000,0.000,0.000,0,3920,0,27,27,27,27,70,70,70,70,70,70,70,70,110,22.000,22.000,24.500,24.500,0,0,0,0
265.657,13859826608897719907,0,0.000,0.000,0.000,0,3920,0,27,27,27,27,70,70,70,70,70,70,70,70,110,22.000,22.000,24.500,24.500,0,0,0,0
265.688,13859826608897719907,0,0.000,0.000,0.000,0,3920,0,27,27,27,27,70,70,70,70,70,70,70,70,110,22.000,22.000,24.500,24.500,0,0,0,0
265.703,13859826608897719907,0,0.000,0.000,0.000,0,3920,0,27,27,27,27,70,70,70,70,70,70,70,70,110,22.000,22.000,24.500,24.500,0,0,0,0
265.718,13859826608897719907,0,0.000,0.000,0.000,0,3920,0,27,27,27,27,70,70,70,70,70,70,70,70,110,22.000,22.000,24.500,24.500,0,0,0,0
265.733,13859826608897719907,0,0.000,0.000,0.000,0,3920,0,27,27,27,27,70,70,70,70,70,70,70,70,110,22.000,22.000,24.500,24.500,0,0,0,0
265.748,13859826608897719907,0,0.000,0.000,0.000,0,3920,0,27,27,27,27,70,70,70,70,70,70,70,70,110,22.000,22.000,24.500,24.500,0,0,0,0
265.763,13859826608897719907,0,0.000,0.000,0.000,0,3920,0,27,27,27,27,70,70,70,70,70,70,70,70,110,22.000,22.000,24.500,24.500,0,0,0,0
265.778,13859826608897719907,0,0.000,0.000,0.000,0,3920,0,27,27,27,27,70,70,70,70,70,70,70,70,110,22.000,22.000,24.500,24.500,0,0,0,0
265.793,13859826608897719907,0,0.000,0.000,0.000,0,3920,0,27,27,27,27,70,70,70,70,70,70,70,70,110,22.000,22.000,24.500,24.500,0,0,0,0
265.808,13859826608897719907,0,0.000,0.000,0.000,0,3920,0,27,27,27,27,70,70,70,70,70,70,70,70,110,22.000,22.000,24.500,24.500,0,0,0,0
265.838,13859826608897719907,0,0.000,0.000,0.000,0,3920,0,27,27,27,27,70,70,70,70,70,70,70,70,110,22.000,22.000,24.500,24.500,0,0,0,0
265.853,13859826608897719907,0,0.000,0.000,0.000,0,3920,0,27,27,27,27,70,70,70,70,70,70,70,70,110,22.000,22.000,24.500,24.500,0,0,0,0
265.868,13859826608897719907,0,0.000,0.000,0.000,0,3920,0,27,27,27,27,70,70,70,70,70,70,70,70,110,22.000,22.000,24.500,24.500,0,0,0,0
265.882,13859826608897719907,0,0.000,0.000,0.000,0,3920,0,27,27,27,27,70,70,70,70,70,70,70,70,110,22.000,22.000,24.500,24.500,0,0,0,0
265.897,13859826608897719907,0,0.000,0.000,0.000,0,3920,0,27,27,27,27,70,70,70,70,70,70,70,70,110,22.000,22.000,24.500,24.500,0,0,0,0
265.912,13859826608897719907,0,0.000,0.000,0.000,0,3920,0,27,27,27,27,70,70,70,70,70,70,70,70,110,22.000,22.000,24.500,24.500,0,0,0,0
265.927,13859826608897719907,0,0.000,0.000,0.000,0,3920,0,27,27,27,27,70,70,70,70,70,70,70,70,110,22.000,22.000,24.500,24.500,0,0,0,0
265.942,13859826608897719907,0,0.000,0.000,0.000,0,3920,0,27,27,27,27,70,70,70,70,70,70,70,70,110,22.000,22.000,24.500,24.500,0,0,0,0
265.972,13859826608897719907,0,0.000,0.000,0.000,0,3920,0,27,27,27,27,70,70,70,70,70,70,70,70,110,22.000,22.000,24.500,24.500,0,0,0,0
265.987,13859826608897719907,0,0.000,0.000,0.000,0,3920,0,27,27,27,27,70,70,70,70,70,70,70,70,110,22.000,22.000,24.500,24.500,0,0,0,0
266.001,13859826608897719907,0,0.000,0.000,0.000,0,3920,0,27,27,27,27,70,70,70,70,70,70,70,70,110,22.000,22.000,24.500,24.500,0,0,0,0
266.016,13859826608897719907,0,0.000,0.000,0.000,0,3920,0,27,27,27,27,70,70,70,70,70,70,70,70,110,22.000,22.000,24.500,24.500,0,0,0,0
266.031,13859826608897719907,0,0.000,0.000,0.000,0,3920,0,27,27,27,27,70,70,70,70,70,70,70,70,110,22.000,22.000,24.500,24.500,0,0,0,0
266.046,13859826608897719907,0,0.000,0.000,0.000,0,3920,0,27,27,27,27,70,70,70,70,70,70,70,70,110,22.000,22.000,24.500,24.500,0,0,0,0
266.061,13859826608897719907,0,0.000,0.000,0.000,0,3920,0,27,27,27,27,70,70,70,70,70,70,70,70,110,22.000,22.000,24.500,24.500,0,0,0,0
266.077,13859826608897719907,0,0.000,0.000,0.000,0,3920,0,27,27,27,27,70,70,70,70,70,70,70,70,110,22.000,22.000,24.500,24.500,0,0,0,0
266.092,13859826608897719907,0,0.000,0.000,0.000,0,3920,0,27,27,27,27,70,70,70,70,70,70,70,70,110,22.000,22.000,24.500,24.500,0,0,0,0
266.121,13859826608897719907,0,0.000,0.000,0.000,0,3920,0,27,27,27,27,70,70,70,70,70,70,70,70,110,22.000,22.000,24.500,24.500,0,0,0,0
266.136,13859826608897719907,0,0.000,0.000,0.000,0,3920,0,27,27,27,27,70,70,70,70,70,70,70,70,110,22.000,22.000,24.500,24.500,0,0,0,0
266.151,13859826608897719907,0,0.000,0.000,0.000,0,3920,0,27,27,27,27,70,70,70,70,70,70,70,70,110,22.000,22.000,24.500,24.500,0,0,0,0
266.166,13859826608897719907,0,0.000,0.000,0.000,0,3920,0,27,27,27,27,70,70,70,70,70,70,70,70,110,22.000,22.000,24.500,24.500,0,0,0,0
266.181,13859826608897719907,0,0.000,0.000,0.000,0,3920,0,27,27,27,27,70,70,70,70,70,70,70,70,110,22.000,22.000,24.500,24.500,0,0,0,0
266.195,13859826608897719907,0,0.000,0.000,0.000,0,3920,0,27,27,27,27,70,70,70,70,70,70,70,70,110,22.000,22.000,24.500,24.500,0,0,0,0
266.211,13859826608897719907,0,0.000,0.000,0.000,0,3920,0,27,27,27,27,70,70,70,70,70,70,70,70,110,22.000,22.000,24.500,24.500,0,0,0,0
266.225,13859826608897719907,0,0.000,0.000,0.000,0,3920,0,27,27,27,27,70,70,70,70,70,70,70,70,110,22.000,22.000,24.500,24.500,0,0,0,0
266.240,13859826608897719907,0,0.000,0.000,0.000,0,3920,0,27,27,27,27,70,70,70,70,70,70,70,70,110,22.000,22.000,24.500,24.500,0,0,0,0
266.270,13859826608897719907,0,0.000,0.000,0.000,0,3920,0,27,27,27,27,70,70,70,70,70,70,70,70,110,22.000,22.000,24.500,24.500,0,0,0,0
266.285,13859826608897719907,0,0.000,0.000,0.000,0,3920,0,27,27,27,27,70,70,70,70,70,70,70,70,110,22.000,22.000,24.500,24.500,0,0,0,0
266.300,13859826608897719907,0,0.000,0.000,0.000,0,3920,0,27,27,27,27,70,70,70,70,70,70,70,70,110,22.000,22.000,24.500,24.500,0,0,0,0
266.315,13859826608897719907,0,0.000,0.000,0.000,0,3920,0,27,27,27,27,70,70,70,70,70,70,70,70,110,22.000,22.000,24.500,24.500,0,0,0,0
266.330,13859826608897719907,0,0.000,0.000,0.000,0,3920,0,27,27,27,27,70,70,70,70,70,70,70,70,110,22.000,22.000,24.500,24.500,0,0,0,0
266.345,13859826608897719907,0,0.000,0.000,0.000,0,3920,0,27,27,27,27,70,70,70,70,70,70,70,70,110,22.000,22.000,24.500,24.500,0,0,0,0
266.361,13859826608897719907,0,0.000,0.000,0.000,0,3920,0,27,27,27,27,70,70,70,70,70,70,70,70,110,22.000,22.000,24.500,24.500,0,0,0,0
266.377,13859826608897719907,0,0.000,0.000,0.000,0,3920,0,27,27,27,27,70,70,70,70,70,70,70,70,110,22.000,22.000,24.500,24.500,0,0,0,0
266.453,13859826608897719907,0,0.000,0.000,0.000,0,3920,0,27,27,27,27,70,70,70,70,70,70,70,70,110,22.000,22.000,24.500,24.500,0,0,0,0
266.468,13859826608897719907,0,0.000,0.000,0.000,0,3920,0,27,27,27,27,70,70,70,70,70,70,70,70,110,22.000,22.000,24.500,24.500,0,0,0,0
266.482,13859826608897719907,0,0.000,0.000,0.000,0,3920,0,27,27,27,27,70,70,70,70,70,70,70,70,110,22.000,22.000,24.500,24.500,0,0,0,0
266.512,13859826608897719907,0,0.000,0.000,0.000,0,3920,0,27,27,27,27,70,70,70,70,70,70,70,70,110,22.000,22.000,24.500,24.500,0,0,0,0
266.528,13859826608897719907,0,0.000,0.000,0.000,0,3920,0,27,27,27,27,70,70,70,70,70,70,70,70,110,22.000,22.000,24.500,24.500,0,0,0,0
266.543,13859826608897719907,0,0.000,0.000,0.000,0,3920,0,27,27,27,27,70,70,70,70,70,70,70,70,110,22.000,22.000,24.500,24.500,0,0,0,0
266.573,13859826608897719907,0,0.000,0.000,0.000,0,3920,0,27,27,27,27,70,70,70,70,70,70,70,70,110,22.000,22.000,24.500,24.500,0,0,0,0
266.588,13859826608897719907,0,0.000,0.000,0.000,0,3920,0,27,27,27,27,70,70,70,70,70,70,70,70,110,22.000,22.000,24.500,24.500,0,0,0,0
266.603,13859826608897719907,0,0.000,0.000,0.000,0,3920,0,27,27,27,27,70,70,70,70,70,70,70,70,110,22.000,22.000,24.500,24.500,0,0,0,0
266.618,13859826608897719907,0,0.000,0.000,0.000,0,3920,0,27,27,27,27,70,70,70,70,70,70,70,70,110,22.000,22.000,24.500,24.500,0,0,0,0
266.633,13859826608897719907,0,0.000,0.000,0.000,0,3920,0,27,27,27,27,70,70,70,70,70,70,70,70,110,22.000,22.000,24.500,24.500,0,0,0,0
266.648,13859826608897719907,0,0.000,0.000,0.000,0,3920,0,27,27,27,27,70,70,70,70,70,70,70,70,110,22.000,22.000,24.500,24.500,0,0,0,0
266.663,13859826608897719907,0,0.000,0.000,0.000,0,3920,0,27,27,27,27,70,70,70,70,70,70,70,70,110,22.000,22.000,24.500,24.500,0,0,0,0
266.678,13859826608897719907,0,0.000,0.000,0.000,0,3920,0,27,27,27,27,70,70,70,70,70,70,70,70,110,22.000,22.000,24.500,24.500,0,0,0,0
266.693,13859826608897719907,0,0.000,0.000,0.000,0,3920,0,27,27,27,27,70,70,70,70,70,70,70,70,110,22.000,22.000,24.500,24.500,0,0,0,0
266.709,13859826608897719907,0,0.000,0.000,0.000,0,3920,0,27,27,27,27,70,70,70,70,70,70,70,70,110,22.000,22.000,24.500,24.500,0,0,0,0
266.724,13859826608897719907,0,0.000,0.000,0.000,0,3920,0,27,27,27,27,70,70,70,70,70,70,70,70,110,22.000,22.000,24.500,24.500,0,0,0,0
266.739,13859826608897719907,0,0.000,0.000,0.000,0,3920,0,27,27,27,27,70,70,70,70,70,70,70,70,110,22.000,22.000,24.500,24.500,0,0,0,0
266.769,13859826608897719907,0,0.000,0.000,0.000,0,3920,0,27,27,27,27,70,70,70,70,70,70,70,70,110,22.000,22.000,24.500,24.500,0,0,0,0
266.784,13859826608897719907,0,0.000,0.000,0.000,0,3920,0,27,27,27,27,70,70,70,70,70,70,70,70,110,22.000,22.000,24.500,24.500,0,0,0,0
266.799,13859826608897719907,0,0.000,0.000,0.000,0,3920,0,27,27,27,27,70,70,70,70,70,70,70,70,110,22.000,22.000,24.500,24.500,0,0,0,0
266.814,13859826608897719907,0,0.000,0.000,0.000,0,3920,0,27,27,27,27,70,70,70,70,70,70,70,70,110,22.000,22.000,24.500,24.500,0,0,0,0
266.829,13859826608897719907,0,0.000,0.000,0.000,0,3920,0,27,27,27,27,70,70,70,70,70,70,70,70,110,22.000,22.000,24.500,24.500,0,0,0,0
266.844,13859826608897719907,0,0.000,0.000,0.000,0,3920,0,27,27,27,27,70,70,70,70,70,70,70,70,110,22.000,22.000,24.500,24.500,0,0,0,0
266.859,13859826608897719907,0,0.000,0.000,0.000,0,3920,0,27,27,27,27,70,70,70,70,70,70,70,70,110,22.000,22.000,24.500,24.500,0,0,0,0
266.874,13859826608897719907,0,0.000,0.000,0.000,0,3920,0,27,27,27,27,70,70,70,70,70,70,70,70,110,22.000,22.000,24.500,24.500,0,0,0,0
266.903,13859826608897719907,0,0.000,0.000,0.000,0,3920,0,27,27,27,27,70,70,70,70,70,70,70,70,110,22.000,22.000,24.500,24.500,0,0,0,0
266.918,13859826608897719907,0,0.000,0.000,0.000,0,3920,0,27,27,27,27,70,70,70,70,70,70,70,70,110,22.000,22.000,24.500,24.500,0,0,0,0
266.934,13859826608897719907,0,0.000,0.000,0.000,0,3920,0,27,27,27,27,70,70,70,70,70,70,70,70,110,22.000,22.000,24.500,24.500,0,0,0,0
266.949,13859826608897719907,0,0.000,0.000,0.000,0,3920,0,27,27,27,27,70,70,70,70,70,70,70,70,110,22.000,22.000,24.500,24.500,0,0,0,0
266.965,13859826608897719907,0,0.000,0.000,0.000,0,3920,0,27,27,27,27,70,70,70,70,70,70,70,70,110,22.000,22.000,24.500,24.500,0,0,0,0
266.980,13859826608897719907,0,0.000,0.000,0.000,0,3920,0,27,27,27,27,70,70,70,70,70,70,70,70,110,22.000,22.000,24.500,24.500,0,0,0,0
266.996,13859826608897719907,0,0.000,0.000,0.000,0,3920,0,27,27,27,27,70,70,70,70,70,70,70,70,110,22.000,22.000,24.500,24.500,0,0,0,0
267.011,13859826608897719907,0,0.000,0.000,0.000,0,3920,0,27,27,27,27,70,70,70,70,70,70,70,70,110,22.000,22.000,24.500,24.500,0,0,0,0
267.026,13859826608897719907,0,0.000,0.000,0.000,0,3920,0,27,27,27,27,70,70,70,70,70,70,70,70,110,22.000,22.000,24.500,24.500,0,0,0,0
267.055,13859826608897719907,0,0.000,0.000,0.000,0,3920,0,27,27,27,27,70,70,70,70,70,70,70,70,110,22.000,22.000,24.500,24.500,0,0,0,0
267.070,13859826608897719907,0,0.000,0.000,0.000,0,3920,0,27,27,27,27,70,70,70,70,70,70,70,70,110,22.000,22.000,24.500,24.500,0,0,0,0
267.085,13859826608897719907,0,0.000,0.000,0.000,0,3920,0,27,27,27,27,70,70,70,70,70,70,70,70,110,22.000,22.000,24.500,24.500,0,0,0,0
267.100,13859826608897719907,0,0.000,0.000,0.000,0,3920,0,27,27,27,27,70,70,70,70,70,70,70,70,110,22.000,22.000,24.500,24.500,0,0,0,0
267.115,13859826608897719907,0,0.000,0.000,0.000,0,3920,0,27,27,27,27,70,70,70,70,70,70,70,70,110,22.000,22.000,24.500,24.500,0,0,0,0
267.129,13859826608897719907,0,0.000,0.000,0.000,0,3920,0,27,27,27,27,70,70,70,70,70,70,70,70,110,22.000,22.000,24.500,24.500,0,0,0,0
267.144,13859826608897719907,0,0.000,0.000,0.000,0,3920,0,27,27,27,27,70,70,70,70,70,70,70,70,110,22.000,22.000,24.500,24.500,0,0,0,0
267.159,13859826608897719907,0,0.000,0.000,0.000,0,3920,0,27,27,27,27,70,70,70,70,70,70,70,70,110,22.000,22.000,24.500,24.500,0,0,0,0
267.174,13859826608897719907,0,0.000,0.000,0.000,0,3920,0,27,27,27,27,70,70,70,70,70,70,70,70,110,22.000,22.000,24.500,24.500,0,0,0,0
267.204,13859826608897719907,0,0.000,0.000,0.000,0,3920,0,27,27,27,27,70,70,70,70,70,70,70,70,110,22.000,22.000,24.500,24.500,0,0,0,0
267.219,13859826608897719907,0,0.000,0.000,0.000,0,3920,0,27,27,27,27,70,70,70,70,70,70,70,70,110,22.000,22.000,24.500,24.500,0,0,0,0
267.234,13859826608897719907,0,0.000,0.000,0.000,0,3920,0,27,27,27,27,70,70,70,70,70,70,70,70,110,22.000,22.000,24.500,24.500,0,0,0,0
267.249,13859826608897719907,0,0.000,0.000,0.000,0,3920,0,27,27,27,27,70,70,70,70,70,70,70,70,110,22.000,22.000,24.500,24.500,0,0,0,0
267.263,13859826608897719907,0,0.000,0.000,0.000,0,3920,0,27,27,27,27,70,70,70,70,70,70,70,70,110,22.000,22.000,24.500,24.500,0,0,0,0
267.278,13859826608897719907,0,0.000,0.000,0.000,0,3920,0,27,27,27,27,70,70,70,70,70,70,70,70,110,22.000,22.000,24.500,24.500,0,0,0,0
267.293,13859826608897719907,0,0.000,0.000,0.000,0,3920,0,27,27,27,27,70,70,70,70,70,70,70,70,110,22.000,22.000,24.500,24.500,0,0,0,0
267.308,13859826608897719907,0,0.000,0.000,0.000,0,3920,0,27,27,27,27,70,70,70,70,70,70,70,70,110,22.000,22.000,24.500,24.500,0,0,0,0
267.322,13859826608897719907,0,0.000,0.000,0.000,0,3920,0,27,27,27,27,70,70,70,70,70,70,70,70,110,22.000,22.000,24.500,24.500,0,0,0,0
267.352,13859826608897719907,0,0.000,0.000,0.000,0,3920,0,27,27,27,27,70,70,70,70,70,70,70,70,110,22.000,22.000,24.500,24.500,0,0,0,0
267.367,13859826608897719907,0,0.000,0.000,0.000,0,3920,0,27,27,27,27,70,70,70,70,70,70,70,70,110,22.000,22.000,24.500,24.500,0,0,0,0
267.382,13859826608897719907,0,0.000,0.000,0.000,0,3920,0,27,27,27,27,70,70,70,70,70,70,70,70,110,22.000,22.000,24.500,24.500,0,0,0,0
267.397,13859826608897719907,0,0.000,0.000,0.000,0,3920,0,27,27,27,27,70,70,70,70,70,70,70,70,110,22.000,22.000,24.500,24.500,0,0,0,0
267.411,13859826608897719907,0,0.000,0.000,0.000,0,3920,0,27,27,27,27,70,70,70,70,70,70,70,70,110,22.000,22.000,24.500,24.500,0,0,0,0
267.426,13859826608897719907,0,0.000,0.000,0.000,0,3920,0,27,27,27,27,70,70,70,70,70,70,70,70,110,22.000,22.000,24.500,24.500,0,0,0,0
267.441,13859826608897719907,0,0.000,0.000,0.000,0,3920,0,27,27,27,27,70,70,70,70,70,70,70,70,110,22.000,22.000,24.500,24.500,0,0,0,0
267.471,13859826608897719907,0,0.000,0.000,0.000,0,3920,0,27,27,27,27,70,70,70,70,70,70,70,70,110,22.000,22.000,24.500,24.500,0,0,0,0
267.486,13859826608897719907,0,0.000,0.000,0.000,0,3920,0,27,27,27,27,70,70,70,70,70,70,70,70,110,22.000,22.000,24.500,24.500,0,0,0,0
267.501,13859826608897719907,0,0.000,0.000,0.000,0,3920,0,27,27,27,27,70,70,70,70,70,70,70,70,110,22.000,22.000,24.500,24.500,0,0,0,0
267.516,13859826608897719907,0,0.000,0.000,0.000,0,3920,0,27,27,27,27,70,70,70,70,70,70,70,70,110,22.000,22.000,24.500,24.500,0,0,0,0
267.531,13859826608897719907,0,0.000,0.000,0.000,0,3920,0,27,27,27,27,70,70,70,70,70,70,70,70,110,22.000,22.000,24.500,24.500,0,0,0,0
267.546,13859826608897719907,0,0.000,0.000,0.000,0,3920,0,27,27,27,27,70,70,70,70,70,70,70,70,110,22.000,22.000,24.500,24.500,0,0,0,0
267.561,13859826608897719907,0,0.000,0.000,0.000,0,3920,0,27,27,27,27,70,70,70,70,70,70,70,70,110,22.000,22.000,24.500,24.500,0,0,0,0
267.576,13859826608897719907,0,0.000,0.000,0.000,0,3920,0,27,27,27,27,70,70,70,70,70,70,70,70,110,22.000,22.000,24.500,24.500,0,0,0,0
267.591,13859826608897719907,0,0.000,0.000,0.000,0,3920,0,27,27,27,27,70,70,70,70,70,70,70,70,110,22.000,22.000,24.500,24.500,0,0,0,0
267.606,13859826608897719907,0,0.000,0.000,0.000,0,3920,0,27,27,27,27,70,70,70,70,70,70,70,70,110,22.000,22.000,24.500,24.500,0,0,0,0
267.636,13859826608897719907,0,0.000,0.000,0.000,0,3920,0,27,27,27,27,70,70,70,70,70,70,70,70,110,22.000,22.000,24.500,24.500,0,0,0,0
267.651,13859826608897719907,0,0.000,0.000,0.000,0,3920,0,27,27,27,27,70,70,70,70,70,70,70,70,110,22.000,22.000,24.500,24.500,0,0,0,0
267.666,13859826608897719907,0,0.000,0.000,0.000,0,3920,0,27,27,27,27,70,70,70,70,70,70,70,70,110,22.000,22.000,24.500,24.500,0,0,0,0
267.681,13859826608897719907,0,0.000,0.000,0.000,0,3920,0,27,27,27,27,70,70,70,70,70,70,70,70,110,22.000,22.000,24.500,24.500,0,0,0,0
267.696,13859826608897719907,0,0.000,0.000,0.000,0,3920,0,27,27,27,27,70,70,70,70,70,70,70,70,110,22.000,22.000,24.500,24.500,0,0,0,0
267.711,13859826608897719907,0,0.000,0.000,0.000,0,3920,0,27,27,27,27,70,70,70,70,70,70,70,70,110,22.000,22.000,24.500,24.500,0,0,0,0
267.726,13859826608897719907,0,0.000,0.000,0.000,0,3920,0,27,27,27,27,70,70,70,70,70,70,70,70,110,22.000,22.000,24.500,24.500,0,0,0,0
267.741,13859826608897719907,0,0.000,0.000,0.000,0,3920,0,27,27,27,27,70,70,70,70,70,70,70,70,110,22.000,22.000,24.500,24.500,0,0,0,0
267.756,13859826608897719907,0,0.000,0.000,0.000,0,3920,0,27,27,27,27,70,70,70,70,70,70,70,70,110,22.000,22.000,24.500,24.500,0,0,0,0
267.771,13859826608897719907,0,0.000,0.000,0.000,0,3920,0,27,27,27,27,70,70,70,70,70,70,70,70,110,22.000,22.000,24.500,24.500,0,0,0,0
267.802,13859826608897719907,0,0.000,0.000,0.000,0,3920,0,27,27,27,27,70,70,70,70,70,70,70,70,110,22.000,22.000,24.500,24.500,0,0,0,0
267.817,13859826608897719907,0,0.000,0.000,0.000,0,3920,0,27,27,27,27,70,70,70,70,70,70,70,70,110,22.000,22.000,24.500,24.500,0,0,0,0
267.832,13859826608897719907,0,0.000,0.000,0.000,0,3920,0,27,27,27,27,70,70,70,70,70,70,70,70,110,22.000,22.000,24.500,24.500,0,0,0,0
267.847,13859826608897719907,0,0.000,0.000,0.000,0,3920,0,27,27,27,27,70,70,70,70,70,70,70,70,110,22.000,22.000,24.500,24.500,0,0,0,0
267.863,13859826608897719907,0,0.000,0.000,0.000,0,3920,0,27,27,27,27,70,70,70,70,70,70,70,70,110,22.000,22.000,24.500,24.500,0,0,0,0
267.878,13859826608897719907,0,0.000,0.000,0.000,0,3920,0,27,27,27,27,70,70,70,70,70,70,70,70,110,22.000,22.000,24.500,24.500,0,0,0,0
267.893,13859826608897719907,0,0.000,0.000,0.000,0,3920,0,27,27,27,27,70,70,70,70,70,70,70,70,110,22.000,22.000,24.500,24.500,0,0,0,0
267.908,13859826608897719907,0,0.000,0.000,0.000,0,3920,0,27,27,27,27,70,70,70,70,70,70,70,70,110,22.000,22.000,24.500,24.500,0,0,0,0
267.938,13859826608897719907,0,0.000,0.000,0.000,0,3920,0,27,27,27,27,70,70,70,70,70,70,70,70,110,22.000,22.000,24.500,24.500,0,0,0,0
267.953,13859826608897719907,0,0.000,0.000,0.000,0,3920,0,27,27,27,27,70,70,70,70,70,70,70,70,110,22.000,22.000,24.500,24.500,0,0,0,0
267.968,13859826608897719907,0,0.000,0.000,0.000,0,3920,0,27,27,27,27,70,70,70,70,70,70,70,70,110,22.000,22.000,24.500,24.500,0,0,0,0
267.983,13859826608897719907,0,0.000,0.000,0.000,0,3920,0,27,27,27,27,70,70,70,70,70,70,70,70,110,22.000,22.000,24.500,24.500,0,0,0,0
267.998,13859826608897719907,0,0.000,0.000,0.000,0,3920,0,27,27,27,27,70,70,70,70,70,70,70,70,110,22.000,22.000,24.500,24.500,0,0,0,0
268.013,13859826608897719907,0,0.000,0.000,0.000,0,3920,0,27,27,27,27,70,70,70,70,70,70,70,70,110,22.000,22.000,24.500,24.500,0,0,0,0
268.027,13859826608897719907,0,0.000,0.000,0.000,0,3920,0,27,27,27,27,70,70,70,70,70,70,70,70,110,22.000,22.000,24.500,24.500,0,0,0,0
268.043,13859826608897719907,0,0.000,0.000,0.000,0,3920,0,27,27,27,27,70,70,70,70,70,70,70,70,110,22.000,22.000,24.500,24.500,0,0,0,0
268.072,13859826608897719907,0,0.000,0.000,0.000,0,3920,0,27,27,27,27,70,70,70,70,70,70,70,70,110,22.000,22.000,24.500,24.500,0,0,0,0
268.087,13859826608897719907,0,0.000,0.000,0.000,0,3920,0,27,27,27,27,70,70,70,70,70,70,70,70,110,22.000,22.000,24.500,24.500,0,0,0,0
268.101,13859826608897719907,0,0.000,0.000,0.000,0,3920,0,27,27,27,27,70,70,70,70,70,70,70,70,110,22.000,22.000,24.500,24.500,0,0,0,0
268.116,13859826608897719907,0,0.000,0.000,0.000,0,3920,0,27,27,27,27,70,70,70,70,70,70,70,70,110,22.000,22.000,24.500,24.500,0,0,0,0
268.131,13859826608897719907,0,0.000,0.000,0.000,0,3920,0,27,27,27,27,70,70,70,70,70,70,70,70,110,22.000,22.000,24.500,24.500,0,0,0,0
268.145,13859826608897719907,0,0.000,0.000,0.000,0,3920,0,27,27,27,27,70,70,70,70,70,70,70,70,110,22.000,22.000,24.500,24.500,0,0,0,0
268.160,13859826608897719907,0,0.000,0.000,0.000,0,3920,0,27,27,27,27,70,70,70,70,70,70,70,70,110,22.000,22.000,24.500,24.500,0,0,0,0
268.175,13859826608897719907,0,0.000,0.000,0.000,0,3920,0,27,27,27,27,70,70,70,70,70,70,70,70,110,22.000,22.000,24.500,24.500,0,0,0,0
268.190,13859826608897719907,0,0.000,0.000,0.000,0,3920,0,27,27,27,27,70,70,70,70,70,70,70,70,110,22.000,22.000,24.500,24.500,0,0,0,0
268.220,13859826608897719907,0,0.000,0.000,0.000,0,3920,0,27,27,27,27,70,70,70,70,70,70,70,70,110,22.000,22.000,24.500,24.500,0,0,0,0
268.235,13859826608897719907,0,0.000,0.000,0.000,0,3920,0,27,27,27,27,70,70,70,70,70,70,70,70,110,22.000,22.000,24.500,24.500,0,0,0,0
268.250,13859826608897719907,0,0.000,0.000,0.000,0,3920,0,27,27,27,27,70,70,70,70,70,70,70,70,110,22.000,22.000,24.500,24.500,0,0,0,0
268.265,13859826608897719907,0,0.000,0.000,0.000,0,3920,0,27,27,27,27,70,70,70,70,70,70,70,70,110,22.000,22.000,24.500,24.500,0,0,0,0
268.280,13859826608897719907,0,0.000,0.000,0.000,0,3920,0,27,27,27,27,70,70,70,70,70,70,70,70,110,22.000,22.000,24.500,24.500,0,0,0,0
268.295,13859826608897719907,0,0.000,0.000,0.000,0,3920,0,27,27,27,27,70,70,70,70,70,70,70,70,110,22.000,22.000,24.500,24.500,0,0,0,0
268.310,13859826608897719907,0,0.000,0.000,0.000,0,3920,0,27,27,27,27,70,70,70,70,70,70,70,70,110,22.000,22.000,24.500,24.500,0,0,0,0
268.325,13859826608897719907,0,0.000,0.000,0.000,0,3920,0,27,27,27,27,70,70,70,70,70,70,70,70,110,22.000,22.000,24.500,24.500,0,0,0,0
268.354,13859826608897719907,0,0.000,0.000,0.000,0,3920,0,27,27,27,27,70,70,70,70,70,70,70,70,110,22.000,22.000,24.500,24.500,0,0,0,0
268.369,13859826608897719907,0,0.000,0.000,0.000,0,3920,0,27,27,27,27,70,70,70,70,70,70,70,70,110,22.000,22.000,24.500,24.500,0,0,0,0
268.384,13859826608897719907,0,0.000,0.000,0.000,0,3920,0,27,27,27,27,70,70,70,70,70,70,70,70,110,22.000,22.000,24.500,24.500,0,0,0,0
268.399,13859826608897719907,0,0.000,0.000,0.000,0,3920,0,27,27,27,27,70,70,70,70,70,70,70,70,110,22.000,22.000,24.500,24.500,0,0,0,0
268.414,13859826608897719907,0,0.000,0.000,0.000,0,3920,0,27,27,27,27,70,70,70,70,70,70,70,70,110,22.000,22.000,24.500,24.500,0,0,0,0
268.428,13859826608897719907,0,0.000,0.000,0.000,0,3920,0,27,27,27,27,70,70,70,70,70,70,70,70,110,22.000,22.000,24.500,24.500,0,0,0,0
268.443,13859826608897719907,0,0.000,0.000,0.000,0,3920,0,27,27,27,27,70,70,70,70,70,70,70,70,110,22.000,22.000,24.500,24.500,0,0,0,0
268.458,13859826608897719907,0,0.000,0.000,0.000,0,3920,0,27,27,27,27,70,70,70,70,70,70,70,70,110,22.000,22.000,24.500,24.500,0,0,0,0
268.473,13859826608897719907,0,0.000,0.000,0.000,0,3920,0,27,27,27,27,70,70,70,70,70,70,70,70,110,22.000,22.000,24.500,24.500,0,0,0,0
268.503,13859826608897719907,0,0.000,0.000,0.000,0,3920,0,27,27,27,27,70,70,70,70,70,70,70,70,110,22.000,22.000,24.500,24.500,0,0,0,0
268.517,13859826608897719907,0,0.000,0.000,0.000,0,3920,0,27,27,27,27,70,70,70,70,70,70,70,70,110,22.000,22.000,24.500,24.500,0,0,0,0
268.532,13859826608897719907,0,0.000,0.000,0.000,0,3920,0,27,27,27,27,70,70,70,70,70,70,70,70,110,22.000,22.000,24.500,24.500,0,0,0,0
268.547,13859826608897719907,0,0.000,0.000,0.000,0,3920,0,27,27,27,27,70,70,70,70,70,70,70,70,110,22.000,22.000,24.500,24.500,0,0,0,0
268.562,13859826608897719907,0,0.000,0.000,0.000,0,3920,0,27,27,27,27,70,70,70,70,70,70,70,70,110,22.000,22.000,24.500,24.500,0,0,0,0
268.577,13859826608897719907,0,0.000,0.000,0.000,0,3920,0,27,27,27,27,70,70,70,70,70,70,70,70,110,22.000,22.000,24.500,24.500,0,0,0,0
268.592,13859826608897719907,0,0.000,0.000,0.000,0,3920,0,27,27,27,27,70,70,70,70,70,70,70,70,110,22.000,22.000,24.500,24.500,0,0,0,0
268.621,13859826608897719907,0,0.000,0.000,0.000,0,3920,0,27,27,27,27,70,70,70,70,70,70,70,70,110,22.000,22.000,24.500,24.500,0,0,0,0
268.636,13859826608897719907,0,0.000,0.000,0.000,0,3920,0,27,27,27,27,70,70,70,70,70,70,70,70,110,22.000,22.000,24.500,24.500,0,0,0,0
268.650,13859826608897719907,0,0.000,0.000,0.000,0,3920,0,27,27,27,27,70,70,70,70,70,70,70,70,110,22.000,22.000,24.500,24.500,0,0,0,0
268.665,13859826608897719907,0,0.000,0.000,0.000,0,3920,0,27,27,27,27,70,70,70,70,70,70,70,70,110,22.000,22.000,24.500,24.500,0,0,0,0
268.680,13859826608897719907,0,0.000,0.000,0.000,0,3920,0,27,27,27,27,70,70,70,70,70,70,70,70,110,22.000,22.000,24.500,24.500,0,0,0,0
268.694,13859826608897719907,0,0.000,0.000,0.000,0,3920,0,27,27,27,27,70,70,70,70,70,70,70,70,110,22.000,22.000,24.500,24.500,0,0,0,0
268.709,13859826608897719907,0,0.000,0.000,0.000,0,3920,0,27,27,27,27,70,70,70,70,70,70,70,70,110,22.000,22.000,24.500,24.500,0,0,0,0
268.739,13859826608897719907,0,0.000,0.000,0.000,0,3920,0,27,27,27,27,70,70,70,70,70,70,70,70,110,22.000,22.000,24.500,24.500,0,0,0,0
268.754,13859826608897719907,0,0.000,0.000,0.000,0,3920,0,27,27,27,27,70,70,70,70,70,70,70,70,110,22.000,22.000,24.500,24.500,0,0,0,0
268.768,13859826608897719907,0,0.000,0.000,0.000,0,3920,0,27,27,27,27,70,70,70,70,70,70,70,70,110,22.000,22.000,24.500,24.500,0,0,0,0
268.783,13859826608897719907,0,0.000,0.000,0.000,0,3920,0,27,27,27,27,70,70,70,70,70,70,70,70,110,22.000,22.000,24.500,24.500,0,0,0,0
268.798,13859826608897719907,0,0.000,0.000,0.000,0,3920,0,27,27,27,27,70,70,70,70,70,70,70,70,110,22.000,22.000,24.500,24.500,0,0,0,0
268.812,13859826608897719907,0,0.000,0.000,0.000,0,3920,0,27,27,27,27,70,70,70,70,70,70,70,70,110,22.000,22.000,24.500,24.500,0,0,0,0
268.827,13859826608897719907,0,0.000,0.000,0.000,0,3920,0,27,27,27,27,70,70,70,70,70,70,70,70,110,22.000,22.000,24.500,24.500,0,0,0,0
268.856,13859826608897719907,0,0.000,0.000,0.000,0,3920,0,27,27,27,27,70,70,70,70,70,70,70,70,110,22.000,22.000,24.500,24.500,0,0,0,0
268.871,13859826608897719907,0,0.000,0.000,0.000,0,3920,0,27,27,27,27,70,70,70,70,70,70,70,70,110,22.000,22.000,24.500,24.500,0,0,0,0
268.886,13859826608897719907,0,0.000,0.000,0.000,0,3920,0,27,27,27,27,70,70,70,70,70,70,70,70,110,22.000,22.000,24.500,24.500,0,0,0,0
268.900,13859826608897719907,0,0.000,0.000,0.000,0,3920,0,27,27,27,27,70,70,70,70,70,70,70,70,110,22.000,22.000,24.500,24.500,0,0,0,0
268.915,13859826608897719907,0,0.000,0.000,0.000,0,3920,0,27,27,27,27,70,70,70,70,70,70,70,70,110,22.000,22.000,24.500,24.500,0,0,0,0
268.929,13859826608897719907,0,0.000,0.000,0.000,0,3920,0,27,27,27,27,70,70,70,70,70,70,70,70,110,22.000,22.000,24.500,24.500,0,0,0,0
268.944,13859826608897719907,0,0.000,0.000,0.000,0,3920,0,27,27,27,27,70,70,70,70,70,70,70,70,110,22.000,22.000,24.500,24.500,0,0,0,0
268.958,13859826608897719907,0,0.000,0.000,0.000,0,3920,0,27,27,27,27,70,70,70,70,70,70,70,70,110,22.000,22.000,24.500,24.500,0,0,0,0
268.987,13859826608897719907,0,0.000,0.000,0.000,0,3920,0,27,27,27,27,70,70,70,70,70,70,70,70,110,22.000,22.000,24.500,24.500,0,0,0,0
269.002,13859826608897719907,0,0.000,0.000,0.000,0,3920,0,27,27,27,27,70,70,70,70,70,70,70,70,110,22.000,22.000,24.500,24.500,0,0,0,0
269.017,13859826608897719907,0,0.000,0.000,0.000,0,3920,0,27,27,27,27,70,70,70,70,70,70,70,70,110,22.000,22.000,24.500,24.500,0,0,0,0
269.031,13859826608897719907,0,0.000,0.000,0.000,0,3920,0,27,27,27,27,70,70,70,70,70,70,70,70,110,22.000,22.000,24.500,24.500,0,0,0,0
269.046,13859826608897719907,0,0.000,0.000,0.000,0,3920,0,27,27,27,27,70,70,70,70,70,70,70,70,110,22.000,22.000,24.500,24.500,0,0,0,0
269.060,13859826608897719907,0,0.000,0.000,0.000,0,3920,0,27,27,27,27,70,70,70,70,70,70,70,70,110,22.000,22.000,24.500,24.500,0,0,0,0
269.089,13859826608897719907,0,0.000,0.000,0.000,0,3920,0,27,27,27,27,70,70,70,70,70,70,70,70,110,22.000,22.000,24.500,24.500,0,0,0,0
269.103,13859826608897719907,0,0.000,0.000,0.000,0,3920,0,27,27,27,27,70,70,70,70,70,70,70,70,110,22.000,22.000,24.500,24.500,0,0,0,0
269.118,13859826608897719907,0,0.000,0.000,0.000,0,3920,0,27,27,27,27,70,70,70,70,70,70,70,70,110,22.000,22.000,24.500,24.500,0,0,0,0
269.132,13859826608897719907,0,0.000,0.000,0.000,0,3920,0,27,27,27,27,70,70,70,70,70,70,70,70,110,22.000,22.000,24.500,24.500,0,0,0,0
269.147,13859826608897719907,0,0.000,0.000,0.000,0,3920,0,27,27,27,27,70,70,70,70,70,70,70,70,110,22.000,22.000,24.500,24.500,0,0,0,0
269.162,13859826608897719907,0,0.000,0.000,0.000,0,3920,0,27,27,27,27,70,70,70,70,70,70,70,70,110,22.000,22.000,24.500,24.500,0,0,0,0
269.176,13859826608897719907,0,0.000,0.000,0.000,0,3920,0,27,27,27,27,70,70,70,70,70,70,70,70,110,22.000,22.000,24.500,24.500,0,0,0,0
269.191,13859826608897719907,0,0.000,0.000,0.000,0,3920,0,27,27,27,27,70,70,70,70,70,70,70,70,110,22.000,22.000,24.500,24.500,0,0,0,0
269.220,13859826608897719907,0,0.000,0.000,0.000,0,3920,0,27,27,27,27,70,70,70,70,70,70,70,70,110,22.000,22.000,24.500,24.500,0,0,0,0
269.234,13859826608897719907,0,0.000,0.000,0.000,0,3920,0,27,27,27,27,70,70,70,70,70,70,70,70,110,22.000,22.000,24.500,24.500,0,0,0,0
269.249,13859826608897719907,0,0.000,0.000,0.000,0,3920,0,27,27,27,27,70,70,70,70,70,70,70,70,110,22.000,22.000,24.500,24.500,0,0,0,0
269.263,13859826608897719907,0,0.000,0.000,0.000,0,3920,0,27,27,27,27,70,70,70,70,70,70,70,70,110,22.000,22.000,24.500,24.500,0,0,0,0
269.277,13859826608897719907,0,0.000,0.000,0.000,0,3920,0,27,27,27,27,70,70,70,70,70,70,70,70,110,22.000,22.000,24.500,24.500,0,0,0,0
269.306,13859826608897719907,0,0.000,0.000,0.000,0,3920,0,27,27,27,27,70,70,70,70,70,70,70,70,110,22.000,22.000,24.500,24.500,0,0,0,0
269.321,13859826608897719907,0,0.000,0.000,0.000,0,3920,0,27,27,27,27,70,70,70,70,70,70,70,70,110,22.000,22.000,24.500,24.500,0,0,0,0
269.335,13859826608897719907,0,0.000,0.000,0.000,0,3920,0,27,27,27,27,70,70,70,70,70,70,70,70,110,22.000,22.000,24.500,24.500,0,0,0,0
269.349,13859826608897719907,0,0.000,0.000,0.000,0,3920,0,27,27,27,27,70,70,70,70,70,70,70,70,110,22.000,22.000,24.500,24.500,0,0,0,0
269.363,13859826608897719907,0,0.000,0.000,0.000,0,3920,0,27,27,27,27,70,70,70,70,70,70,70,70,110,22.000,22.000,24.500,24.500,0,0,0,0
269.378,13859826608897719907,0,0.000,0.000,0.000,0,3920,0,27,27,27,27,70,70,70,70,70,70,70,70,110,22.000,22.000,24.500,24.500,0,0,0,0
269.406,13859826608897719907,0,0.000,0.000,0.000,0,3920,0,27,27,27,27,70,70,70,70,70,70,70,70,110,22.000,22.000,24.500,24.500,0,0,0,0
269.420,13859826608897719907,0,0.000,0.000,0.000,0,3920,0,27,27,27,27,70,70,70,70,70,70,70,70,110,22.000,22.000,24.500,24.500,0,0,0,0
269.435,13859826608897719907,0,0.000,0.000,0.000,0,3920,0,27,27,27,27,70,70,70,70,70,70,70,70,110,22.000,22.000,24.500,24.500,0,0,0,0
269.449,13859826608897719907,0,0.000,0.000,0.000,0,3920,0,27,27,27,27,70,70,70,70,70,70,70,70,110,22.000,22.000,24.500,24.500,0,0,0,0
269.463,13859826608897719907,0,0.000,0.000,0.000,0,3920,0,27,27,27,27,70,70,70,70,70,70,70,70,110,22.000,22.000,24.500,24.500,0,0,0,0
269.477,13859826608897719907,0,0.000,0.000,0.000,0,3920,0,27,27,27,27,70,70,70,70,70,70,70,70,110,22.000,22.000,24.500,24.500,0,0,0,0
269.505,13859826608897719907,0,0.000,0.000,0.000,0,3920,0,27,27,27,27,70,70,70,70,70,70,70,70,110,22.000,22.000,24.500,24.500,0,0,0,0
269.519,13859826608897719907,0,0.000,0.000,0.000,0,3920,0,27,27,27,27,70,70,70,70,70,70,70,70,110,22.000,22.000,24.500,24.500,0,0,0,0
269.533,13859826608897719907,0,0.000,0.000,0.000,0,3920,0,27,27,27,27,70,70,70,70,70,70,70,70,110,22.000,22.000,24.500,24.500,0,0,0,0
269.547,13859826608897719907,0,0.000,0.000,0.000,0,3920,0,27,27,27,27,70,70,70,70,70,70,70,70,110,22.000,22.000,24.500,24.500,0,0,0,0
269.561,13859826608897719907,0,0.000,0.000,0.000,0,3920,0,27,27,27,27,70,70,70,70,70,70,70,70,110,22.000,22.000,24.500,24.500,0,0,0,0
269.575,13859826608897719907,0,0.000,0.000,0.000,0,3920,0,27,27,27,27,70,70,70,70,70,70,70,70,110,22.000,22.000,24.500,24.500,0,0,0,0
269.603,13859826608897719907,0,0.000,0.000,0.000,0,3920,0,27,27,27,27,70,70,70,70,70,70,70,70,110,22.000,22.000,24.500,24.500,0,0,0,0
269.617,13859826608897719907,0,0.000,0.000,0.000,0,3920,0,27,27,27,27,70,70,70,70,70,70,70,70,110,22.000,22.000,24.500,24.500,0,0,0,0
269.631,13859826608897719907,0,0.000,0.000,0.000,0,3920,0,27,27,27,27,70,70,70,70,70,70,70,70,110,22.000,22.000,24.500,24.500,0,0,0,0
269.645,13859826608897719907,0,0.000,0.000,0.000,0,3920,0,27,27,27,27,70,70,70,70,70,70,70,70,110,22.000,22.000,24.500,24.500,0,0,0,0
269.659,13859826608897719907,0,0.000,0.000,0.000,0,3920,0,27,27,27,27,70,70,70,70,70,70,70,70,110,22.000,22.000,24.500,24.500,0,0,0,0
269.687,13859826608897719907,0,0.000,0.000,0.000,0,3920,0,27,27,27,27,70,70,70,70,70,70,70,70,110,22.000,22.000,24.500,24.500,0,0,0,0
269.701,13859826608897719907,0,0.000,0.000,0.000,0,3920,0,27,27,27,27,70,70,70,70,70,70,70,70,110,22.000,22.000,24.500,24.500,0,0,0,0
269.715,13859826608897719907,0,0.000,0.000,0.000,0,3920,0,27,27,27,27,70,70,70,70,70,70,70,70,110,22.000,22.000,24.500,24.500,0,0,0,0
269.729,13859826608897719907,0,0.000,0.000,0.000,0,3920,0,27,27,27,27,70,70,70,70,70,70,70,70,110,22.000,22.000,24.500,24.500,0,0,0,0
269.743,13859826608897719907,0,0.000,0.000,0.000,0,3920,0,27,27,27,27,70,70,70,70,70,70,70,70,110,22.000,22.000,24.500,24.500,0,0,0,0
269.770,13859826608897719907,0,0.000,0.000,0.000,0,3920,0,27,27,27,27,70,70,70,70,70,70,70,70,110,22.000,22.000,24.500,24.500,0,0,0,0
269.784,13859826608897719907,0,0.000,0.000,0.000,0,3920,0,27,27,27,27,70,70,70,70,70,70,70,70,110,22.000,22.000,24.500,24.500,0,0,0,0
269.798,13859826608897719907,0,0.000,0.000,0.000,0,3920,0,27,27,27,27,70,70,70,70,70,70,70,70,110,22.000,22.000,24.500,24.500,0,0,0,0
269.812,13859826608897719907,0,0.000,0.000,0.000,0,3920,0,27,27,27,27,70,70,70,70,70,70,70,70,110,22.000,22.000,24.500,24.500,0,0,0,0
269.826,13859826608897719907,0,0.000,0.000,0.000,0,3920,0,27,27,27,27,70,70,70,70,70,70,70,70,110,22.000,22.000,24.500,24.500,0,0,0,0
269.854,13859826608897719907,0,0.000,0.000,0.000,0,3920,0,27,27,27,27,70,70,70,70,70,70,70,70,110,22.000,22.000,24.500,24.500,0,0,0,0
269.868,13859826608897719907,0,0.000,0.000,0.000,0,3920,0,27,27,27,27,70,70,70,70,70,70,70,70,110,22.000,22.000,24.500,24.500,0,0,0,0
269.881,13859826608897719907,0,0.000,0.000,0.000,0,3920,0,27,27,27,27,70,70,70,70,70,70,70,70,110,22.000,22.000,24.500,24.500,0,0,0,0
269.909,13859826608897719907,0,0.000,0.000,0.000,0,3920,0,27,27,27,27,70,70,70,70,70,70,70,70,110,22.000,22.000,24.500,24.500,0,0,0,0
269.922,13859826608897719907,0,0.000,0.000,0.000,0,3920,0,27,27,27,27,70,70,70,70,70,70,70,70,110,22.000,22.000,24.500,24.500,0,0,0,0
269.936,13859826608897719907,0,0.000,0.000,0.000,0,3920,0,27,27,27,27,70,70,70,70,70,70,70,70,110,22.000,22.000,24.500,24.500,0,0,0,0
269.950,13859826608897719907,0,0.000,0.000,0.000,0,3920,0,27,27,27,27,70,70,70,70,70,70,70,70,110,22.000,22.000,24.500,24.500,0,0,0,0
269.963,13859826608897719907,0,0.000,0.000,0.000,0,3920,0,27,27,27,27,70,70,70,70,70,70,70,70,110,22.000,22.000,24.500,24.500,0,0,0,0
269.977,13859826608897719907,0,0.000,0.000,0.000,0,3920,0,27,27,27,27,70,70,70,70,70,70,70,70,110,22.000,22.000,24.500,24.500,0,0,0,0
270.004,13859826608897719907,0,0.000,0.000,0.000,0,3920,0,27,27,27,27,70,70,70,70,70,70,70,70,110,22.000,22.000,24.500,24.500,0,0,0,0
270.017,13859826608897719907,0,0.000,0.000,0.000,0,3920,0,27,27,27,27,70,70,70,70,70,70,70,70,110,22.000,22.000,24.500,24.500,0,0,0,0
270.031,13859826608897719907,0,0.000,0.000,0.000,0,3920,0,27,27,27,27,70,70,70,70,70,70,70,70,110,22.000,22.000,24.500,24.500,0,0,0,0
270.045,13859826608897719907,0,0.000,0.000,0.000,0,3920,0,27,27,27,27,70,70,70,70,70,70,70,70,110,22.000,22.000,24.500,24.500,0,0,0,0
270.059,13859826608897719907,0,0.000,0.000,0.000,0,3920,0,27,27,27,27,70,70,70,70,70,70,70,70,110,22.000,22.000,24.500,24.500,0,0,0,0
270.087,13859826608897719907,0,0.000,0.000,0.000,0,3920,0,27,27,27,27,70,70,70,70,70,70,70,70,110,22.000,22.000,24.500,24.500,0,0,0,0
270.100,13859826608897719907,0,0.000,0.000,0.000,0,3920,0,27,27,27,27,70,70,70,70,70,70,70,70,110,22.000,22.000,24.500,24.500,0,0,0,0
270.114,13859826608897719907,0,0.000,0.000,0.000,0,3920,0,27,27,27,27,70,70,70,70,70,70,70,70,110,22.000,22.000,24.500,24.500,0,0,0,0
270.141,13859826608897719907,0,0.000,0.000,0.000,0,3920,0,27,27,27,27,70,70,70,70,70,70,70,70,110,22.000,22.000,24.500,24.500,0,0,0,0
270.155,13859826608897719907,0,0.000,0.000,0.000,0,3920,0,27,27,27,27,70,70,70,70,70,70,70,70,110,22.000,22.000,24.500,24.500,0,0,0,0
270.169,13859826608897719907,0,0.000,0.000,0.000,0,3920,0,27,27,27,27,70,70,70,70,70,70,70,70,110,22.000,22.000,24.500,24.500,0,0,0,0
270.183,13859826608897719907,0,0.000,0.000,0.000,0,3920,0,27,27,27,27,70,70,70,70,70,70,70,70,110,22.000,22.000,24.500,24.500,0,0,0,0
270.196,13859826608897719907,0,0.000,0.000,0.000,0,3920,0,27,27,27,27,70,70,70,70,70,70,70,70,110,22.000,22.000,24.500,24.500,0,0,0,0
270.210,13859826608897719907,0,0.000,0.000,0.000,0,3920,0,27,27,27,27,70,70,70,70,70,70,70,70,110,22.000,22.000,24.500,24.500,0,0,0,0
270.224,13859826608897719907,0,0.000,0.000,0.000,0,3920,0,27,27,27,27,70,70,70,70,70,70,70,70,110,22.000,22.000,24.500,24.500,0,0,0,0
270.252,13859826608897719907,0,0.000,0.000,0.000,0,3920,0,27,27,27,27,70,70,70,70,70,70,70,70,110,22.000,22.000,24.500,24.500,0,0,0,0
270.266,13859826608897719907,0,0.000,0.000,0.000,0,3920,0,27,27,27,27,70,70,70,70,70,70,70,70,110,22.000,22.000,24.500,24.500,0,0,0,0
270.280,13859826608897719907,0,0.000,0.000,0.000,0,3920,0,27,27,27,27,70,70,70,70,70,70,70,70,110,22.000,22.000,24.500,24.500,0,0,0,0
270.308,13859826608897719907,0,0.000,0.000,0.000,0,3920,0,27,27,27,27,70,70,70,70,70,70,70,70,110,22.000,22.000,24.500,24.500,0,0,0,0
270.322,13859826608897719907,0,0.000,0.000,0.000,0,3920,0,27,27,27,27,70,70,70,70,70,70,70,70,110,22.000,22.000,24.500,24.500,0,0,0,0
270.336,13859826608897719907,0,0.000,0.000,0.000,0,3920,0,27,27,27,27,70,70,70,70,70,70,70,70,110,22.000,22.000,24.500,24.500,0,0,0,0
270.350,13859826608897719907,0,0.000,0.000,0.000,0,3920,0,27,27,27,27,70,70,70,70,70,70,70,70,110,22.000,22.000,24.500,24.500,0,0,0,0
270.363,13859826608897719907,0,0.000,0.000,0.000,0,3920,0,27,27,27,27,70,70,70,70,70,70,70,70,110,22.000,22.000,24.500,24.500,0,0,0,0
270.377,13859826608897719907,0,0.000,0.000,0.000,0,3920,0,27,27,27,27,70,70,70,70,70,70,70,70,110,22.000,22.000,24.500,24.500,0,0,0,0
270.404,13859826608897719907,0,0.000,0.000,0.000,0,3920,0,27,27,27,27,70,70,70,70,70,70,70,70,110,22.000,22.000,24.500,24.500,0,0,0,0
270.418,13859826608897719907,0,0.000,0.000,0.000,0,3920,0,27,27,27,27,70,70,70,70,70,70,70,70,110,22.000,22.000,24.500,24.500,0,0,0,0
270.432,13859826608897719907,0,0.000,0.000,0.000,0,3920,0,27,27,27,27,70,70,70,70,70,70,70,70,110,22.000,22.000,24.500,24.500,0,0,0,0
270.459,13859826608897719907,0,0.000,0.000,0.000,0,3920,0,27,27,27,27,70,70,70,70,70,70,70,70,110,22.000,22.000,24.500,24.500,0,0,0,0
270.472,13859826608897719907,0,0.000,0.000,0.000,0,3920,0,27,27,27,27,70,70,70,70,70,70,70,70,110,22.000,22.000,24.500,24.500,0,0,0,0
270.485,13859826608897719907,0,0.000,0.000,0.000,0,3920,0,27,27,27,27,70,70,70,70,70,70,70,70,110,22.000,22.000,24.500,24.500,0,0,0,0
270.499,13859826608897719907,0,0.000,0.000,0.000,0,3920,0,27,27,27,27,70,70,70,70,70,70,70,70,110,22.000,22.000,24.500,24.500,0,0,0,0
270.512,13859826608897719907,0,0.000,0.000,0.000,0,3920,0,27,27,27,27,70,70,70,70,70,70,70,70,110,22.000,22.000,24.500,24.500,0,0,0,0
270.526,13859826608897719907,0,0.000,0.000,0.000,0,3920,0,27,27,27,27,70,70,70,70,70,70,70,70,110,22.000,22.000,24.500,24.500,0,0,0,0
270.553,13859826608897719907,0,0.000,0.000,0.000,0,3920,0,27,27,27,27,70,70,70,70,70,70,70,70,110,22.000,22.000,24.500,24.500,0,0,0,0
270.567,13859826608897719907,0,0.000,0.000,0.000,0,3920,0,27,27,27,27,70,70,70,70,70,70,70,70,110,22.000,22.000,24.500,24.500,0,0,0,0
270.581,13859826608897719907,0,0.000,0.000,0.000,0,3920,0,27,27,27,27,70,70,70,70,70,70,70,70,110,22.000,22.000,24.500,24.500,0,0,0,0
270.607,13859826608897719907,0,0.000,0.000,0.000,0,3920,0,27,27,27,27,70,70,70,70,70,70,70,70,110,22.000,22.000,24.500,24.500,0,0,0,0
270.621,13859826608897719907,0,0.000,0.000,0.000,0,3920,0,27,27,27,27,70,70,70,70,70,70,70,70,110,22.000,22.000,24.500,24.500,0,0,0,0
270.635,13859826608897719907,0,0.000,0.000,0.000,0,3920,0,27,27,27,27,70,70,70,70,70,70,70,70,110,22.000,22.000,24.500,24.500,0,0,0,0
270.649,13859826608897719907,0,0.000,0.000,0.000,0,3920,0,27,27,27,27,70,70,70,70,70,70,70,70,110,22.000,22.000,24.500,24.500,0,0,0,0
270.662,13859826608897719907,0,0.000,0.000,0.000,0,3920,0,27,27,27,27,70,70,70,70,70,70,70,70,110,22.000,22.000,24.500,24.500,0,0,0,0
270.689,13859826608897719907,0,0.000,0.000,0.000,0,3920,0,27,27,27,27,70,70,70,70,70,70,70,70,110,22.000,22.000,24.500,24.500,0,0,0,0
270.703,13859826608897719907,0,0.000,0.000,0.000,0,3920,0,27,27,27,27,70,70,70,70,70,70,70,70,110,22.000,22.000,24.500,24.500,0,0,0,0
270.716,13859826608897719907,0,0.000,0.000,0.000,0,3920,0,27,27,27,27,70,70,70,70,70,70,70,70,110,22.000,22.000,24.500,24.500,0,0,0,0
270.730,13859826608897719907,0,0.000,0.000,0.000,0,3920,0,27,27,27,27,70,70,70,70,70,70,70,70,110,22.000,22.000,24.500,24.500,0,0,0,0
270.744,13859826608897719907,0,0.000,0.000,0.000,0,3920,0,27,27,27,27,70,70,70,70,70,70,70,70,110,22.000,22.000,24.500,24.500,0,0,0,0
270.771,13859826608897719907,0,0.000,0.000,0.000,0,3920,0,27,27,27,27,70,70,70,70,70,70,70,70,110,22.000,22.000,24.500,24.500,0,0,0,0
270.785,13859826608897719907,0,0.000,0.000,0.000,0,3920,0,27,27,27,27,70,70,70,70,70,70,70,70,110,22.000,22.000,24.500,24.500,0,0,0,0
270.799,13859826608897719907,0,0.000,0.000,0.000,0,3920,0,27,27,27,27,70,70,70,70,70,70,70,70,110,22.000,22.000,24.500,24.500,0,0,0,0
270.813,13859826608897719907,0,0.000,0.000,0.000,0,3920,0,27,27,27,27,70,70,70,70,70,70,70,70,110,22.000,22.000,24.500,24.500,0,0,0,0
270.827,13859826608897719907,0,0.000,0.000,0.000,0,3920,0,27,27,27,27,70,70,70,70,70,70,70,70,110,22.000,22.000,24.500,24.500,0,0,0,0
270.841,13859826608897719907,0,0.000,0.000,0.000,0,3920,0,27,27,27,27,70,70,70,70,70,70,70,70,110,22.000,22.000,24.500,24.500,0,0,0,0
270.869,13859826608897719907,0,0.000,0.000,0.000,0,3920,0,27,27,27,27,70,70,70,70,70,70,70,70,110,22.000,22.000,24.500,24.500,0,0,0,0
270.883,13859826608897719907,0,0.000,0.000,0.000,0,3920,0,27,27,27,27,70,70,70,70,70,70,70,70,110,22.000,22.000,24.500,24.500,0,0,0,0
270.897,13859826608897719907,0,0.000,0.000,0.000,0,3920,0,27,27,27,27,70,70,70,70,70,70,70,70,110,22.000,22.000,24.500,24.500,0,0,0,0
270.911,13859826608897719907,0,0.000,0.000,0.000,0,3920,0,27,27,27,27,70,70,70,70,70,70,70,70,110,22.000,22.000,24.500,24.500,0,0,0,0
270.939,13859826608897719907,0,0.000,0.000,0.000,0,3920,0,27,27,27,27,70,70,70,70,70,70,70,70,110,22.000,22.000,24.500,24.500,0,0,0,0
270.953,13859826608897719907,0,0.000,0.000,0.000,0,3920,0,27,27,27,27,70,70,70,70,70,70,70,70,110,22.000,22.000,24.500,24.500,0,0,0,0
270.968,13859826608897719907,0,0.000,0.000,0.000,0,3920,0,27,27,27,27,70,70,70,70,70,70,70,70,110,22.000,22.000,24.500,24.500,0,0,0,0
270.982,13859826608897719907,0,0.000,0.000,0.000,0,3920,0,27,27,27,27,70,70,70,70,70,70,70,70,110,22.000,22.000,24.500,24.500,0,0,0,0
270.996,13859826608897719907,0,0.000,0.000,0.000,0,3920,0,27,27,27,27,70,70,70,70,70,70,70,70,110,22.000,22.000,24.500,24.500,0,0,0,0
271.011,13859826608897719907,0,0.000,0.000,0.000,0,3920,0,27,27,27,27,70,70,70,70,70,70,70,70,110,22.000,22.000,24.500,24.500,0,0,0,0
271.025,13859826608897719907,0,0.000,0.000,0.000,0,3920,0,27,27,27,27,70,70,70,70,70,70,70,70,110,22.000,22.000,24.500,24.500,0,0,0,0
271.039,13859826608897719907,0,0.000,0.000,0.000,0,3920,0,27,27,27,27,70,70,70,70,70,70,70,70,110,22.000,22.000,24.500,24.500,0,0,0,0
271.068,13859826608897719907,0,0.000,0.000,0.000,0,3920,0,27,27,27,27,70,70,70,70,70,70,70,70,110,22.000,22.000,24.500,24.500,0,0,0,0
271.082,13859826608897719907,0,0.000,0.000,0.000,0,3920,0,27,27,27,27,70,70,70,70,70,70,70,70,110,22.000,22.000,24.500,24.500,0,0,0,0
271.097,13859826608897719907,0,0.000,0.000,0.000,0,3920,0,27,27,27,27,70,70,70,70,70,70,70,70,110,22.000,22.000,24.500,24.500,0,0,0,0
271.111,13859826608897719907,0,0.000,0.000,0.000,0,3920,0,27,27,27,27,70,70,70,70,70,70,70,70,110,22.000,22.000,24.500,24.500,0,0,0,0
271.139,13859826608897719907,0,0.000,0.000,0.000,0,3920,0,27,27,27,27,70,70,70,70,70,70,70,70,110,22.000,22.000,24.500,24.500,0,0,0,0
271.153,13859826608897719907,0,0.000,0.000,0.000,0,3920,0,27,27,27,27,70,70,70,70,70,70,70,70,110,22.000,22.000,24.500,24.500,0,0,0,0
271.167,13859826608897719907,0,0.000,0.000,0.000,0,3920,0,27,27,27,27,70,70,70,70,70,70,70,70,110,22.000,22.000,24.500,24.500,0,0,0,0
271.181,13859826608897719907,0,0.000,0.000,0.000,0,3920,0,27,27,27,27,70,70,70,70,70,70,70,70,110,22.000,22.000,24.500,24.500,0,0,0,0
271.196,13859826608897719907,0,0.000,0.000,0.000,0,3920,0,27,27,27,27,70,70,70,70,70,70,70,70,110,22.000,22.000,24.500,24.500,0,0,0,0
271.210,13859826608897719907,0,0.000,0.000,0.000,0,3920,0,27,27,27,27,70,70,70,70,70,70,70,70,110,22.000,22.000,24.500,24.500,0,0,0,0
271.238,13859826608897719907,0,0.000,0.000,0.000,0,3920,0,27,27,27,27,70,70,70,70,70,70,70,70,110,22.000,22.000,24.500,24.500,0,0,0,0
271.252,13859826608897719907,0,0.000,0.000,0.000,0,3920,0,27,27,27,27,70,70,70,70,70,70,70,70,110,22.000,22.000,24.500,24.500,0,0,0,0
271.266,13859826608897719907,0,0.000,0.000,0.000,0,3920,0,27,27,27,27,70,70,70,70,70,70,70,70,110,22.000,22.000,24.500,24.500,0,0,0,0
271.280,13859826608897719907,0,0.000,0.000,0.000,0,3920,0,27,27,27,27,70,70,70,70,70,70,70,70,110,22.000,22.000,24.500,24.500,0,0,0,0
271.293,13859826608897719907,0,0.000,0.000,0.000,0,3920,0,27,27,27,27,70,70,70,70,70,70,70,70,110,22.000,22.000,24.500,24.500,0,0,0,0
271.307,13859826608897719907,0,0.000,0.000,0.000,0,3920,0,27,27,27,27,70,70,70,70,70,70,70,70,110,22.000,22.000,24.500,24.500,0,0,0,0
271.335,13859826608897719907,0,0.000,0.000,0.000,0,3920,0,27,27,27,27,70,70,70,70,70,70,70,70,110,22.000,22.000,24.500,24.500,0,0,0,0
271.363,13859826608897719907,0,0.000,0.000,0.000,0,3920,0,27,27,27,27,70,70,70,70,70,70,70,70,110,22.000,22.000,24.500,24.500,0,0,0,0
271.377,13859826608897719907,0,0.000,0.000,0.000,0,3920,0,27,27,27,27,70,70,70,70,70,70,70,70,110,22.000,22.000,24.500,24.500,0,0,0,0
271.405,13859826608897719907,0,0.000,0.000,0.000,0,3920,0,27,27,27,27,70,70,70,70,70,70,70,70,110,22.000,22.000,24.500,24.500,0,0,0,0
271.447,13859826608897719907,0,0.000,0.000,0.000,0,3920,0,27,27,27,27,70,70,70,70,70,70,70,70,110,22.000,22.000,24.500,24.500,0,0,0,0
271.462,13859826608897719907,0,0.000,0.000,0.000,0,3920,0,27,27,27,27,70,70,70,70,70,70,70,70,110,22.000,22.000,24.500,24.500,0,0,0,0
271.476,13859826608897719907,0,0.000,0.000,0.000,0,3920,0,27,27,27,27,70,70,70,70,70,70,70,70,110,22.000,22.000,24.500,24.500,0,0,0,0
271.491,13859826608897719907,0,0.000,0.000,0.000,0,3920,0,27,27,27,27,70,70,70,70,70,70,70,70,110,22.000,22.000,24.500,24.500,0,0,0,0
271.520,13859826608897719907,0,0.000,0.000,0.000,0,3920,0,27,27,27,27,70,70,70,70,70,70,70,70,110,22.000,22.000,24.500,24.500,0,0,0,0
271.535,13859826608897719907,0,0.000,0.000,0.000,0,3920,0,27,27,27,27,70,70,70,70,70,70,70,70,110,22.000,22.000,24.500,24.500,0,0,0,0
271.549,13859826608897719907,0,0.000,0.000,0.000,0,3920,0,27,27,27,27,70,70,70,70,70,70,70,70,110,22.000,22.000,24.500,24.500,0,0,0,0
271.564,13859826608897719907,0,0.000,0.000,0.000,0,3920,0,27,27,27,27,70,70,70,70,70,70,70,70,110,22.000,22.000,24.500,24.500,0,0,0,0
271.579,13859826608897719907,0,0.000,0.000,0.000,0,3920,0,27,27,27,27,70,70,70,70,70,70,70,70,110,22.000,22.000,24.500,24.500,0,0,0,0
271.594,13859826608897719907,0,0.000,0.000,0.000,0,3920,0,27,27,27,27,70,70,70,70,70,70,70,70,110,22.000,22.000,24.500,24.500,0,0,0,0
271.608,13859826608897719907,0,0.000,0.000,0.000,0,3920,0,27,27,27,27,70,70,70,70,70,70,70,70,110,22.000,22.000,24.500,24.500,0,0,0,0
271.637,13859826608897719907,0,0.000,0.000,0.000,0,3920,0,27,27,27,27,70,70,70,70,70,70,70,70,110,22.000,22.000,24.500,24.500,0,0,0,0
271.652,13859826608897719907,0,0.000,0.000,0.000,0,3920,0,27,27,27,27,70,70,70,70,70,70,70,70,110,22.000,22.000,24.500,24.500,0,0,0,0
271.666,13859826608897719907,0,0.000,0.000,0.000,0,3920,0,27,27,27,27,70,70,70,70,70,70,70,70,110,22.000,22.000,24.500,24.500,0,0,0,0
271.681,13859826608897719907,0,0.000,0.000,0.000,0,3920,0,27,27,27,27,70,70,70,70,70,70,70,70,110,22.000,22.000,24.500,24.500,0,0,0,0
271.695,13859826608897719907,0,0.000,0.000,0.000,0,3920,0,27,27,27,27,70,70,70,70,70,70,70,70,110,22.000,22.000,24.500,24.500,0,0,0,0
271.710,13859826608897719907,0,0.000,0.000,0.000,0,3920,0,27,27,27,27,70,70,70,70,70,70,70,70,110,22.000,22.000,24.500,24.500,0,0,0,0
271.739,13859826608897719907,0,0.000,0.000,0.000,0,3920,0,27,27,27,27,70,70,70,70,70,70,70,70,110,22.000,22.000,24.500,24.500,0,0,0,0
271.754,13859826608897719907,0,0.000,0.000,0.000,0,3920,0,27,27,27,27,70,70,70,70,70,70,70,70,110,22.000,22.000,24.500,24.500,0,0,0,0
271.768,13859826608897719907,0,0.000,0.000,0.000,0,3920,0,27,27,27,27,70,70,70,70,70,70,70,70,110,22.000,22.000,24.500,24.500,0,0,0,0
271.783,13859826608897719907,0,0.000,0.000,0.000,0,3920,0,27,27,27,27,70,70,70,70,70,70,70,70,110,22.000,22.000,24.500,24.500,0,0,0,0
271.798,13859826608897719907,0,0.000,0.000,0.000,0,3920,0,27,27,27,27,70,70,70,70,70,70,70,70,110,22.000,22.000,24.500,24.500,0,0,0,0
271.812,13859826608897719907,0,0.000,0.000,0.000,0,3920,0,27,27,27,27,70,70,70,70,70,70,70,70,110,22.000,22.000,24.500,24.500,0,0,0,0
271.827,13859826608897719907,0,0.000,0.000,0.000,0,3920,0,27,27,27,27,70,70,70,70,70,70,70,70,110,22.000,22.000,24.500,24.500,0,0,0,0
271.842,13859826608897719907,0,0.000,0.000,0.000,0,3920,0,27,27,27,27,70,70,70,70,70,70,70,70,110,22.000,22.000,24.500,24.500,0,0,0,0
271.857,13859826608897719907,0,0.000,0.000,0.000,0,3920,0,27,27,27,27,70,70,70,70,70,70,70,70,110,22.000,22.000,24.500,24.500,0,0,0,0
271.872,13859826608897719907,0,0.000,0.000,0.000,0,3920,0,27,27,27,27,70,70,70,70,70,70,70,70,110,22.000,22.000,24.500,24.500,0,0,0,0
271.902,13859826608897719907,0,0.000,0.000,0.000,0,3920,0,27,27,27,27,70,70,70,70,70,70,70,70,110,22.000,22.000,24.500,24.500,0,0,0,0
271.917,13859826608897719907,0,0.000,0.000,0.000,0,3920,0,27,27,27,27,70,70,70,70,70,70,70,70,110,22.000,22.000,24.500,24.500,0,0,0,0
271.932,13859826608897719907,0,0.000,0.000,0.000,0,3920,0,27,27,27,27,70,70,70,70,70,70,70,70,110,22.000,22.000,24.500,24.500,0,0,0,0
271.947,13859826608897719907,0,0.000,0.000,0.000,0,3920,0,27,27,27,27,70,70,70,70,70,70,70,70,110,22.000,22.000,24.500,24.500,0,0,0,0
271.962,13859826608897719907,0,0.000,0.000,0.000,0,3920,0,27,27,27,27,70,70,70,70,70,70,70,70,110,22.000,22.000,24.500,24.500,0,0,0,0
271.977,13859826608897719907,0,0.000,0.000,0.000,0,3920,0,27,27,27,27,70,70,70,70,70,70,70,70,110,22.000,22.000,24.500,24.500,0,0,0,0
271.992,13859826608897719907,0,0.000,0.000,0.000,0,3920,0,27,27,27,27,70,70,70,70,70,70,70,70,110,22.000,22.000,24.500,24.500,0,0,0,0
272.021,13859826608897719907,0,0.000,0.000,0.000,0,3920,0,27,27,27,27,70,70,70,70,70,70,70,70,110,22.000,22.000,24.500,24.500,0,0,0,0
272.036,13859826608897719907,0,0.000,0.000,0.000,0,3920,0,27,27,27,27,70,70,70,70,70,70,70,70,110,22.000,22.000,24.500,24.500,0,0,0,0
272.050,13859826608897719907,0,0.000,0.000,0.000,0,3920,0,27,27,27,27,70,70,70,70,70,70,70,70,110,22.000,22.000,24.500,24.500,0,0,0,0
272.065,13859826608897719907,0,0.000,0.000,0.000,0,3920,0,27,27,27,27,70,70,70,70,70,70,70,70,110,22.000,22.000,24.500,24.500,0,0,0,0
272.079,13859826608897719907,0,0.000,0.000,0.000,0,3920,0,27,27,27,27,70,70,70,70,70,70,70,70,110,22.000,22.000,24.500,24.500,0,0,0,0
272.094,13859826608897719907,0,0.000,0.000,0.000,0,3920,0,27,27,27,27,70,70,70,70,70,70,70,70,110,22.000,22.000,24.500,24.500,0,0,0,0
272.108,13859826608897719907,0,0.000,0.000,0.000,0,3920,0,27,27,27,27,70,70,70,70,70,70,70,70,110,22.000,22.000,24.500,24.500,0,0,0,0
272.137,13859826608897719907,0,0.000,0.000,0.000,0,3920,0,27,27,27,27,70,70,70,70,70,70,70,70,110,22.000,22.000,24.500,24.500,0,0,0,0
272.152,13859826608897719907,0,0.000,0.000,0.000,0,3920,0,27,27,27,27,70,70,70,70,70,70,70,70,110,22.000,22.000,24.500,24.500,0,0,0,0
272.166,13859826608897719907,0,0.000,0.000,0.000,0,3920,0,27,27,27,27,70,70,70,70,70,70,70,70,110,22.000,22.000,24.500,24.500,0,0,0,0
272.180,13859826608897719907,0,0.000,0.000,0.000,0,3920,0,27,27,27,27,70,70,70,70,70,70,70,70,110,22.000,22.000,24.500,24.500,0,0,0,0
272.195,13859826608897719907,0,0.000,0.000,0.000,0,3920,0,27,27,27,27,70,70,70,70,70,70,70,70,110,22.000,22.000,24.500,24.500,0,0,0,0
272.209,13859826608897719907,0,0.000,0.000,0.000,0,3920,0,27,27,27,27,70,70,70,70,70,70,70,70,110,22.000,22.000,24.500,24.500,0,0,0,0
272.238,13859826608897719907,0,0.000,0.000,0.000,0,3920,0,27,27,27,27,70,70,70,70,70,70,70,70,110,22.000,22.000,24.500,24.500,0,0,0,0
272.252,13859826608897719907,0,0.000,0.000,0.000,0,3920,0,27,27,27,27,70,70,70,70,70,70,70,70,110,22.000,22.000,24.500,24.500,0,0,0,0
272.267,13859826608897719907,0,0.000,0.000,0.000,0,3920,0,27,27,27,27,70,70,70,70,70,70,70,70,110,22.000,22.000,24.500,24.500,0,0,0,0
272.282,13859826608897719907,0,0.000,0.000,0.000,0,3920,0,27,27,27,27,70,70,70,70,70,70,70,70,110,22.000,22.000,24.500,24.500,0,0,0,0
272.297,13859826608897719907,0,0.000,0.000,0.000,0,3920,0,27,27,27,27,70,70,70,70,70,70,70,70,110,22.000,22.000,24.500,24.500,0,0,0,0
272.312,13859826608897719907,0,0.000,0.000,0.000,0,3920,0,27,27,27,27,70,70,70,70,70,70,70,70,110,22.000,22.000,24.500,24.500,0,0,0,0
272.326,13859826608897719907,0,0.000,0.000,0.000,0,3920,0,27,27,27,27,70,70,70,70,70,70,70,70,110,22.000,22.000,24.500,24.500,0,0,0,0
272.341,13859826608897719907,0,0.000,0.000,0.000,0,3920,0,27,27,27,27,70,70,70,70,70,70,70,70,110,22.000,22.000,24.500,24.500,0,0,0,0
272.371,13859826608897719907,0,0.000,0.000,0.000,0,3920,0,27,27,27,27,70,70,70,70,70,70,70,70,110,22.000,22.000,24.500,24.500,0,0,0,0
272.385,13859826608897719907,0,0.000,0.000,0.000,0,3920,0,27,27,27,27,70,70,70,70,70,70,70,70,110,22.000,22.000,24.500,24.500,0,0,0,0
272.400,13859826608897719907,0,0.000,0.000,0.000,0,3920,0,27,27,27,27,70,70,70,70,70,70,70,70,110,22.000,22.000,24.500,24.500,0,0,0,0
272.415,13859826608897719907,0,0.000,0.000,0.000,0,3920,0,27,27,27,27,70,70,70,70,70,70,70,70,110,22.000,22.000,24.500,24.500,0,0,0,0
272.430,13859826608897719907,0,0.000,0.000,0.000,0,3920,0,27,27,27,27,70,70,70,70,70,70,70,70,110,22.000,22.000,24.500,24.500,0,0,0,0
272.444,13859826608897719907,0,0.000,0.000,0.000,0,3920,0,27,27,27,27,70,70,70,70,70,70,70,70,110,22.000,22.000,24.500,24.500,0,0,0,0
272.460,13859826608897719907,0,0.000,0.000,0.000,0,3920,0,27,27,27,27,70,70,70,70,70,70,70,70,110,22.000,22.000,24.500,24.500,0,0,0,0
272.474,13859826608897719907,0,0.000,0.000,0.000,0,3920,0,27,27,27,27,70,70,70,70,70,70,70,70,110,22.000,22.000,24.500,24.500,0,0,0,0
272.504,13859826608897719907,0,0.000,0.000,0.000,0,3920,0,27,27,27,27,70,70,70,70,70,70,70,70,110,22.000,22.000,24.500,24.500,0,0,0,0
272.519,13859826608897719907,0,0.000,0.000,0.000,0,3920,0,27,27,27,27,70,70,70,70,70,70,70,70,110,22.000,22.000,24.500,24.500,0,0,0,0
272.534,13859826608897719907,0,0.000,0.000,0.000,0,3920,0,27,27,27,27,70,70,70,70,70,70,70,70,110,22.000,22.000,24.500,24.500,0,0,0,0
272.549,13859826608897719907,0,0.000,0.000,0.000,0,3920,0,27,27,27,27,70,70,70,70,70,70,70,70,110,22.000,22.000,24.500,24.500,0,0,0,0
272.564,13859826608897719907,0,0.000,0.000,0.000,0,3920,0,27,27,27,27,70,70,70,70,70,70,70,70,110,22.000,22.000,24.500,24.500,0,0,0,0
272.579,13859826608897719907,0,0.000,0.000,0.000,0,3920,0,27,27,27,27,70,70,70,70,70,70,70,70,110,22.000,22.000,24.500,24.500,0,0,0,0
272.594,13859826608897719907,0,0.000,0.000,0.000,0,3920,0,27,27,27,27,70,70,70,70,70,70,70,70,110,22.000,22.000,24.500,24.500,0,0,0,0
272.608,13859826608897719907,0,0.000,0.000,0.000,0,3920,0,27,27,27,27,70,70,70,70,70,70,70,70,110,22.000,22.000,24.500,24.500,0,0,0,0
272.623,13859826608897719907,0,0.000,0.000,0.000,0,3920,0,27,27,27,27,70,70,70,70,70,70,70,70,110,22.000,22.000,24.500,24.500,0,0,0,0
272.653,13859826608897719907,0,0.000,0.000,0.000,0,3920,0,27,27,27,27,70,70,70,70,70,70,70,70,110,22.000,22.000,24.500,24.500,0,0,0,0
272.668,13859826608897719907,0,0.000,0.000,0.000,0,3920,0,27,27,27,27,70,70,70,70,70,70,70,70,110,22.000,22.000,24.500,24.500,0,0,0,0
272.682,13859826608897719907,0,0.000,0.000,0.000,0,3920,0,27,27,27,27,70,70,70,70,70,70,70,70,110,22.000,22.000,24.500,24.500,0,0,0,0
272.697,13859826608897719907,0,0.000,0.000,0.000,0,3920,0,27,27,27,27,70,70,70,70,70,70,70,70,110,22.000,22.000,24.500,24.500,0,0,0,0
272.712,13859826608897719907,0,0.000,0.000,0.000,0,3920,0,27,27,27,27,70,70,70,70,70,70,70,70,110,22.000,22.000,24.500,24.500,0,0,0,0
272.726,13859826608897719907,0,0.000,0.000,0.000,0,3920,0,27,27,27,27,70,70,70,70,70,70,70,70,110,22.000,22.000,24.500,24.500,0,0,0,0
272.741,13859826608897719907,0,0.000,0.000,0.000,0,3920,0,27,27,27,27,70,70,70,70,70,70,70,70,110,22.000,22.000,24.500,24.500,0,0,0,0
272.770,13859826608897719907,0,0.000,0.000,0.000,0,3920,0,27,27,27,27,70,70,70,70,70,70,70,70,110,22.000,22.000,24.500,24.500,0,0,0,0
272.784,13859826608897719907,0,0.000,0.000,0.000,0,3920,0,27,27,27,27,70,70,70,70,70,70,70,70,110,22.000,22.000,24.500,24.500,0,0,0,0
272.799,13859826608897719907,0,0.000,0.000,0.000,0,3920,0,27,27,27,27,70,70,70,70,70,70,70,70,110,22.000,22.000,24.500,24.500,0,0,0,0
272.813,13859826608897719907,0,0.000,0.000,0.000,0,3920,0,27,27,27,27,70,70,70,70,70,70,70,70,110,22.000,22.000,24.500,24.500,0,0,0,0
272.828,13859826608897719907,0,0.000,0.000,0.000,0,3920,0,27,27,27,27,70,70,70,70,70,70,70,70,110,22.000,22.000,24.500,24.500,0,0,0,0
272.856,13859826608897719907,0,0.000,0.000,0.000,0,3920,0,27,27,27,27,70,70,70,70,70,70,70,70,110,22.000,22.000,24.500,24.500,0,0,0,0
272.871,13859826608897719907,0,0.000,0.000,0.000,0,3920,0,27,27,27,27,70,70,70,70,70,70,70,70,110,22.000,22.000,24.500,24.500,0,0,0,0
272.885,13859826608897719907,0,0.000,0.000,0.000,0,3920,0,27,27,27,27,70,70,70,70,70,70,70,70,110,22.000,22.000,24.500,24.500,0,0,0,0
272.900,13859826608897719907,0,0.000,0.000,0.000,0,3920,0,27,27,27,27,70,70,70,70,70,70,70,70,110,22.000,22.000,24.500,24.500,0,0,0,0
272.914,13859826608897719907,0,0.000,0.000,0.000,0,3920,0,27,27,27,27,70,70,70,70,70,70,70,70,110,22.000,22.000,24.500,24.500,0,0,0,0
272.928,13859826608897719907,0,0.000,0.000,0.000,0,3920,0,27,27,27,27,70,70,70,70,70,70,70,70,110,22.000,22.000,24.500,24.500,0,0,0,0
272.943,13859826608897719907,0,0.000,0.000,0.000,0,3920,0,27,27,27,27,70,70,70,70,70,70,70,70,110,22.000,22.000,24.500,24.500,0,0,0,0
272.958,13859826608897719907,0,0.000,0.000,0.000,0,3920,0,27,27,27,27,70,70,70,70,70,70,70,70,110,22.000,22.000,24.500,24.500,0,0,0,0
272.987,13859826608897719907,0,0.000,0.000,0.000,0,3920,0,27,27,27,27,70,70,70,70,70,70,70,70,110,22.000,22.000,24.500,24.500,0,0,0,0
273.002,13859826608897719907,0,0.000,0.000,0.000,0,3920,0,27,27,27,27,70,70,70,70,70,70,70,70,110,22.000,22.000,24.500,24.500,0,0,0,0
273.017,13859826608897719907,0,0.000,0.000,0.000,0,3920,0,27,27,27,27,70,70,70,70,70,70,70,70,110,22.000,22.000,24.500,24.500,0,0,0,0
273.031,13859826608897719907,0,0.000,0.000,0.000,0,3920,0,27,27,27,27,70,70,70,70,70,70,70,70,110,22.000,22.000,24.500,24.500,0,0,0,0
273.046,13859826608897719907,0,0.000,0.000,0.000,0,3920,0,27,27,27,27,70,70,70,70,70,70,70,70,110,22.000,22.000,24.500,24.500,0,0,0,0
273.061,13859826608897719907,0,0.000,0.000,0.000,0,3920,0,27,27,27,27,70,70,70,70,70,70,70,70,110,22.000,22.000,24.500,24.500,0,0,0,0
273.075,13859826608897719907,0,0.000,0.000,0.000,0,3920,0,27,27,27,27,70,70,70,70,70,70,70,70,110,22.000,22.000,24.500,24.500,0,0,0,0
273.090,13859826608897719907,0,0.000,0.000,0.000,0,3920,0,27,27,27,27,70,70,70,70,70,70,70,70,110,22.000,22.000,24.500,24.500,0,0,0,0
273.118,13859826608897719907,0,0.000,0.000,0.000,0,3920,0,27,27,27,27,70,70,70,70,70,70,70,70,110,22.000,22.000,24.500,24.500,0,0,0,0
273.133,13859826608897719907,0,0.000,0.000,0.000,0,3920,0,27,27,27,27,70,70,70,70,70,70,70,70,110,22.000,22.000,24.500,24.500,0,0,0,0
273.147,13859826608897719907,0,0.000,0.000,0.000,0,3920,0,27,27,27,27,70,70,70,70,70,70,70,70,110,22.000,22.000,24.500,24.500,0,0,0,0
273.162,13859826608897719907,0,0.000,0.000,0.000,0,3920,0,27,27,27,27,70,70,70,70,70,70,70,70,110,22.000,22.000,24.500,24.500,0,0,0,0
273.176,13859826608897719907,0,0.000,0.000,0.000,0,3920,0,27,27,27,27,70,70,70,70,70,70,70,70,110,22.000,22.000,24.500,24.500,0,0,0,0
273.190,13859826608897719907,0,0.000,0.000,0.000,0,3920,0,27,27,27,27,70,70,70,70,70,70,70,70,110,22.000,22.000,24.500,24.500,0,0,0,0
273.219,13859826608897719907,0,0.000,0.000,0.000,0,3920,0,27,27,27,27,70,70,70,70,70,70,70,70,110,22.000,22.000,24.500,24.500,0,0,0,0
273.233,13859826608897719907,0,0.000,0.000,0.000,0,3920,0,27,27,27,27,70,70,70,70,70,70,70,70,110,22.000,22.000,24.500,24.500,0,0,0,0
273.248,13859826608897719907,0,0.000,0.000,0.000,0,3920,0,27,27,27,27,70,70,70,70,70,70,70,70,110,22.000,22.000,24.500,24.500,0,0,0,0
273.262,13859826608897719907,0,0.000,0.000,0.000,0,3920,0,27,27,27,27,70,70,70,70,70,70,70,70,110,22.000,22.000,24.500,24.500,0,0,0,0
273.277,13859826608897719907,0,0.000,0.000,0.000,0,3920,0,27,27,27,27,70,70,70,70,70,70,70,70,110,22.000,22.000,24.500,24.500,0,0,0,0
273.291,13859826608897719907,0,0.000,0.000,0.000,0,3920,0,27,27,27,27,70,70,70,70,70,70,70,70,110,22.000,22.000,24.500,24.500,0,0,0,0
273.320,13859826608897719907,0,0.000,0.000,0.000,0,3920,0,27,27,27,27,70,70,70,70,70,70,70,70,110,22.000,22.000,24.500,24.500,0,0,0,0
273.335,13859826608897719907,0,0.000,0.000,0.000,0,3920,0,27,27,27,27,70,70,70,70,70,70,70,70,110,22.000,22.000,24.500,24.500,0,0,0,0
273.349,13859826608897719907,0,0.000,0.000,0.000,0,3920,0,27,27,27,27,70,70,70,70,70,70,70,70,110,22.000,22.000,24.500,24.500,0,0,0,0
273.364,13859826608897719907,0,0.000,0.000,0.000,0,3920,0,27,27,27,27,70,70,70,70,70,70,70,70,110,22.000,22.000,24.500,24.500,0,0,0,0
273.378,13859826608897719907,0,0.000,0.000,0.000,0,3920,0,27,27,27,27,70,70,70,70,70,70,70,70,110,22.000,22.000,24.500,24.500,0,0,0,0
273.393,13859826608897719907,0,0.000,0.000,0.000,0,3920,0,27,27,27,27,70,70,70,70,70,70,70,70,110,22.000,22.000,24.500,24.500,0,0,0,0
273.408,13859826608897719907,0,0.000,0.000,0.000,0,3920,0,27,27,27,27,70,70,70,70,70,70,70,70,110,22.000,22.000,24.500,24.500,0,0,0,0
273.437,13859826608897719907,0,0.000,0.000,0.000,0,3920,0,27,27,27,27,70,70,70,70,70,70,70,70,110,22.000,22.000,24.500,24.500,0,0,0,0
273.451,13859826608897719907,0,0.000,0.000,0.000,0,3920,0,27,27,27,27,70,70,70,70,70,70,70,70,110,22.000,22.000,24.500,24.500,0,0,0,0
273.466,13859826608897719907,0,0.000,0.000,0.000,0,3920,0,27,27,27,27,70,70,70,70,70,70,70,70,110,22.000,22.000,24.500,24.500,0,0,0,0
273.480,13859826608897719907,0,0.000,0.000,0.000,0,3920,0,27,27,27,27,70,70,70,70,70,70,70,70,110,22.000,22.000,24.500,24.500,0,0,0,0
273.495,13859826608897719907,0,0.000,0.000,0.000,0,3920,0,27,27,27,27,70,70,70,70,70,70,70,70,110,22.000,22.000,24.500,24.500,0,0,0,0
273.509,13859826608897719907,0,0.000,0.000,0.000,0,3920,0,27,27,27,27,70,70,70,70,70,70,70,70,110,22.000,22.000,24.500,24.500,0,0,0,0
273.538,13859826608897719907,0,0.000,0.000,0.000,0,3920,0,27,27,27,27,70,70,70,70,70,70,70,70,110,22.000,22.000,24.500,24.500,0,0,0,0
273.553,13859826608897719907,0,0.000,0.000,0.000,0,3920,0,27,27,27,27,70,70,70,70,70,70,70,70,110,22.000,22.000,24.500,24.500,0,0,0,0
273.567,13859826608897719907,0,0.000,0.000,0.000,0,3920,0,27,27,27,27,70,70,70,70,70,70,70,70,110,22.000,22.000,24.500,24.500,0,0,0,0
273.581,13859826608897719907,0,0.000,0.000,0.000,0,3920,0,27,27,27,27,70,70,70,70,70,70,70,70,110,22.000,22.000,24.500,24.500,0,0,0,0
273.596,13859826608897719907,0,0.000,0.000,0.000,0,3920,0,27,27,27,27,70,70,70,70,70,70,70,70,110,22.000,22.000,24.500,24.500,0,0,0,0
273.610,13859826608897719907,0,0.000,0.000,0.000,0,3920,0,27,27,27,27,70,70,70,70,70,70,70,70,110,22.000,22.000,24.500,24.500,0,0,0,0
273.639,13859826608897719907,0,0.000,0.000,0.000,0,3920,0,27,27,27,27,70,70,70,70,70,70,70,70,110,22.000,22.000,24.500,24.500,0,0,0,0
273.654,13859826608897719907,0,0.000,0.000,0.000,0,3920,0,27,27,27,27,70,70,70,70,70,70,70,70,110,22.000,22.000,24.500,24.500,0,0,0,0
273.668,13859826608897719907,0,0.000,0.000,0.000,0,3920,0,27,27,27,27,70,70,70,70,70,70,70,70,110,22.000,22.000,24.500,24.500,0,0,0,0
273.683,13859826608897719907,0,0.000,0.000,0.000,0,3920,0,27,27,27,27,70,70,70,70,70,70,70,70,110,22.000,22.000,24.500,24.500,0,0,0,0
273.697,13859826608897719907,0,0.000,0.000,0.000,0,3920,0,27,27,27,27,70,70,70,70,70,70,70,70,110,22.000,22.000,24.500,24.500,0,0,0,0
273.711,13859826608897719907,0,0.000,0.000,0.000,0,3920,0,27,27,27,27,70,70,70,70,70,70,70,70,110,22.000,22.000,24.500,24.500,0,0,0,0
273.726,13859826608897719907,0,0.000,0.000,0.000,0,3920,0,27,27,27,27,70,70,70,70,70,70,70,70,110,22.000,22.000,24.500,24.500,0,0,0,0
273.755,13859826608897719907,0,0.000,0.000,0.000,0,3920,0,27,27,27,27,70,70,70,70,70,70,70,70,110,22.000,22.000,24.500,24.500,0,0,0,0
273.769,13859826608897719907,0,0.000,0.000,0.000,0,3920,0,27,27,27,27,70,70,70,70,70,70,70,70,110,22.000,22.000,24.500,24.500,0,0,0,0
273.783,13859826608897719907,0,0.000,0.000,0.000,0,3920,0,27,27,27,27,70,70,70,70,70,70,70,70,110,22.000,22.000,24.500,24.500,0,0,0,0
273.798,13859826608897719907,0,0.000,0.000,0.000,0,3920,0,27,27,27,27,70,70,70,70,70,70,70,70,110,22.000,22.000,24.500,24.500,0,0,0,0
273.812,13859826608897719907,0,0.000,0.000,0.000,0,3920,0,27,27,27,27,70,70,70,70,70,70,70,70,110,22.000,22.000,24.500,24.500,0,0,0,0
273.827,13859826608897719907,0,0.000,0.000,0.000,0,3920,0,27,27,27,27,70,70,70,70,70,70,70,70,110,22.000,22.000,24.500,24.500,0,0,0,0
273.841,13859826608897719907,0,0.000,0.000,0.000,0,3920,0,27,27,27,27,70,70,70,70,70,70,70,70,110,22.000,22.000,24.500,24.500,0,0,0,0
273.870,13859826608897719907,0,0.000,0.000,0.000,0,3920,0,27,27,27,27,70,70,70,70,70,70,70,70,110,22.000,22.000,24.500,24.500,0,0,0,0
273.885,13859826608897719907,0,0.000,0.000,0.000,0,3920,0,27,27,27,27,70,70,70,70,70,70,70,70,110,22.000,22.000,24.500,24.500,0,0,0,0
273.899,13859826608897719907,0,0.000,0.000,0.000,0,3920,0,27,27,27,27,70,70,70,70,70,70,70,70,110,22.000,22.000,24.500,24.500,0,0,0,0
273.913,13859826608897719907,0,0.000,0.000,0.000,0,3920,0,27,27,27,27,70,70,70,70,70,70,70,70,110,22.000,22.000,24.500,24.500,0,0,0,0
273.928,13859826608897719907,0,0.000,0.000,0.000,0,3920,0,27,27,27,27,70,70,70,70,70,70,70,70,110,22.000,22.000,24.500,24.500,0,0,0,0
273.943,13859826608897719907,0,0.000,0.000,0.000,0,3920,0,27,27,27,27,70,70,70,70,70,70,70,70,110,22.000,22.000,24.500,24.500,0,0,0,0
273.957,13859826608897719907,0,0.000,0.000,0.000,0,3920,0,27,27,27,27,70,70,70,70,70,70,70,70,110,22.000,22.000,24.500,24.500,0,0,0,0
273.987,13859826608897719907,0,0.000,0.000,0.000,0,3920,0,27,27,27,27,70,70,70,70,70,70,70,70,110,22.000,22.000,24.500,24.500,0,0,0,0
274.002,13859826608897719907,0,0.000,0.000,0.000,0,3920,0,27,27,27,27,70,70,70,70,70,70,70,70,110,22.000,22.000,24.500,24.500,0,0,0,0
274.016,13859826608897719907,0,0.000,0.000,0.000,0,3920,0,27,27,27,27,70,70,70,70,70,70,70,70,110,22.000,22.000,24.500,24.500,0,0,0,0
274.031,13859826608897719907,0,0.000,0.000,0.000,0,3920,0,27,27,27,27,70,70,70,70,70,70,70,70,110,22.000,22.000,24.500,24.500,0,0,0,0
274.046,13859826608897719907,0,0.000,0.000,0.000,0,3920,0,27,27,27,27,70,70,70,70,70,70,70,70,110,22.000,22.000,24.500,24.500,0,0,0,0
274.060,13859826608897719907,0,0.000,0.000,0.000,0,3920,0,27,27,27,27,70,70,70,70,70,70,70,70,110,22.000,22.000,24.500,24.500,0,0,0,0
274.089,13859826608897719907,0,0.000,0.000,0.000,0,3920,0,27,27,27,27,70,70,70,70,70,70,70,70,110,22.000,22.000,24.500,24.500,0,0,0,0
274.104,13859826608897719907,0,0.000,0.000,0.000,0,3920,0,27,27,27,27,70,70,70,70,70,70,70,70,110,22.000,22.000,24.500,24.500,0,0,0,0
274.118,13859826608897719907,0,0.000,0.000,0.000,0,3920,0,27,27,27,27,70,70,70,70,70,70,70,70,110,22.000,22.000,24.500,24.500,0,0,0,0
274.132,13859826608897719907,0,0.000,0.000,0.000,0,3920,0,27,27,27,27,70,70,70,70,70,70,70,70,110,22.000,22.000,24.500,24.500,0,0,0,0
274.147,13859826608897719907,0,0.000,0.000,0.000,0,3920,0,27,27,27,27,70,70,70,70,70,70,70,70,110,22.000,22.000,24.500,24.500,0,0,0,0
274.161,13859826608897719907,0,0.000,0.000,0.000,0,3920,0,27,27,27,27,70,70,70,70,70,70,70,70,110,22.000,22.000,24.500,24.500,0,0,0,0
274.175,13859826608897719907,0,0.000,0.000,0.000,0,3920,0,27,27,27,27,70,70,70,70,70,70,70,70,110,22.000,22.000,24.500,24.500,0,0,0,0
274.204,13859826608897719907,0,0.000,0.000,0.000,0,3920,0,27,27,27,27,70,70,70,70,70,70,70,70,110,22.000,22.000,24.500,24.500,0,0,0,0
274.218,13859826608897719907,0,0.000,0.000,0.000,0,3920,0,27,27,27,27,70,70,70,70,70,70,70,70,110,22.000,22.000,24.500,24.500,0,0,0,0
274.232,13859826608897719907,0,0.000,0.000,0.000,0,3920,0,27,27,27,27,70,70,70,70,70,70,70,70,110,22.000,22.000,24.500,24.500,0,0,0,0
274.246,13859826608897719907,0,0.000,0.000,0.000,0,3920,0,27,27,27,27,70,70,70,70,70,70,70,70,110,22.000,22.000,24.500,24.500,0,0,0,0
274.260,13859826608897719907,0,0.000,0.000,0.000,0,3920,0,27,27,27,27,70,70,70,70,70,70,70,70,110,22.000,22.000,24.500,24.500,0,0,0,0
274.289,13859826608897719907,0,0.000,0.000,0.000,0,3920,0,27,27,27,27,70,70,70,70,70,70,70,70,110,22.000,22.000,24.500,24.500,0,0,0,0
274.303,13859826608897719907,0,0.000,0.000,0.000,0,3920,0,27,27,27,27,70,70,70,70,70,70,70,70,110,22.000,22.000,24.500,24.500,0,0,0,0
274.317,13859826608897719907,0,0.000,0.000,0.000,0,3920,0,27,27,27,27,70,70,70,70,70,70,70,70,110,22.000,22.000,24.500,24.500,0,0,0,0
274.331,13859826608897719907,0,0.000,0.000,0.000,0,3920,0,27,27,27,27,70,70,70,70,70,70,70,70,110,22.000,22.000,24.500,24.500,0,0,0,0
274.345,13859826608897719907,0,0.000,0.000,0.000,0,3920,0,27,27,27,27,70,70,70,70,70,70,70,70,110,22.000,22.000,24.500,24.500,0,0,0,0
274.359,13859826608897719907,0,0.000,0.000,0.000,0,3920,0,27,27,27,27,70,70,70,70,70,70,70,70,110,22.000,22.000,24.500,24.500,0,0,0,0
274.373,13859826608897719907,0,0.000,0.000,0.000,0,3920,0,27,27,27,27,70,70,70,70,70,70,70,70,110,22.000,22.000,24.500,24.500,0,0,0,0
274.401,13859826608897719907,0,0.000,0.000,0.000,0,3920,0,27,27,27,27,70,70,70,70,70,70,70,70,110,22.000,22.000,24.500,24.500,0,0,0,0
274.415,13859826608897719907,0,0.000,0.000,0.000,0,3920,0,27,27,27,27,70,70,70,70,70,70,70,70,110,22.000,22.000,24.500,24.500,0,0,0,0
274.429,13859826608897719907,0,0.000,0.000,0.000,0,3920,0,27,27,27,27,70,70,70,70,70,70,70,70,110,22.000,22.000,24.500,24.500,0,0,0,0
274.443,13859826608897719907,0,0.000,0.000,0.000,0,3920,0,27,27,27,27,70,70,70,70,70,70,70,70,110,22.000,22.000,24.500,24.500,0,0,0,0
274.457,13859826608897719907,0,0.000,0.000,0.000,0,3920,0,27,27,27,27,70,70,70,70,70,70,70,70,110,22.000,22.000,24.500,24.500,0,0,0,0
274.485,13859826608897719907,0,0.000,0.000,0.000,0,3920,0,27,27,27,27,70,70,70,70,70,70,70,70,110,22.000,22.000,24.500,24.500,0,0,0,0
274.499,13859826608897719907,0,0.000,0.000,0.000,0,3920,0,27,27,27,27,70,70,70,70,70,70,70,70,110,22.000,22.000,24.500,24.500,0,0,0,0
274.513,13859826608897719907,0,0.000,0.000,0.000,0,3920,0,27,27,27,27,70,70,70,70,70,70,70,70,110,22.000,22.000,24.500,24.500,0,0,0,0
274.527,13859826608897719907,0,0.000,0.000,0.000,0,3920,0,27,27,27,27,70,70,70,70,70,70,70,70,110,22.000,22.000,24.500,24.500,0,0,0,0
274.543,13859826608897719907,0,0.000,0.000,0.000,0,3920,0,27,27,27,27,70,70,70,70,70,70,70,70,110,22.000,22.000,24.500,24.500,0,0,0,0
274.558,13859826608897719907,0,0.000,0.000,0.000,0,3920,0,27,27,27,27,70,70,70,70,70,70,70,70,110,22.000,22.000,24.500,24.500,0,0,0,0
274.573,13859826608897719907,0,0.000,0.000,0.000,0,3920,0,27,27,27,27,70,70,70,70,70,70,70,70,110,22.000,22.000,24.500,24.500,0,0,0,0
274.589,13859826608897719907,0,0.000,0.000,0.000,0,3920,0,27,27,27,27,70,70,70,70,70,70,70,70,110,22.000,22.000,24.500,24.500,0,0,0,0
274.619,13859826608897719907,0,0.000,0.000,0.000,0,3920,0,27,27,27,27,70,70,70,70,70,70,70,70,110,22.000,22.000,24.500,24.500,0,0,0,0
274.634,13859826608897719907,0,0.000,0.000,0.000,0,3920,0,27,27,27,27,70,70,70,70,70,70,70,70,110,22.000,22.000,24.500,24.500,0,0,0,0
274.649,13859826608897719907,0,0.000,0.000,0.000,0,3920,0,27,27,27,27,70,70,70,70,70,70,70,70,110,22.000,22.000,24.500,24.500,0,0,0,0
274.663,13859826608897719907,0,0.000,0.000,0.000,0,3920,0,27,27,27,27,70,70,70,70,70,70,70,70,110,22.000,22.000,24.500,24.500,0,0,0,0
274.677,13859826608897719907,0,0.000,0.000,0.000,0,3920,0,27,27,27,27,70,70,70,70,70,70,70,70,110,22.000,22.000,24.500,24.500,0,0,0,0
274.692,13859826608897719907,0,0.000,0.000,0.000,0,3920,0,27,27,27,27,70,70,70,70,70,70,70,70,110,22.000,22.000,24.500,24.500,0,0,0,0
274.706,13859826608897719907,0,0.000,0.000,0.000,0,3920,0,27,27,27,27,70,70,70,70,70,70,70,70,110,22.000,22.000,24.500,24.500,0,0,0,0
274.735,13859826608897719907,0,0.000,0.000,0.000,0,3920,0,27,27,27,27,70,70,70,70,70,70,70,70,110,22.000,22.000,24.500,24.500,0,0,0,0
274.750,13859826608897719907,0,0.000,0.000,0.000,0,3920,0,27,27,27,27,70,70,70,70,70,70,70,70,110,22.000,22.000,24.500,24.500,0,0,0,0
274.764,13859826608897719907,0,0.000,0.000,0.000,0,3920,0,27,27,27,27,70,70,70,70,70,70,70,70,110,22.000,22.000,24.500,24.500,0,0,0,0
274.779,13859826608897719907,0,0.000,0.000,0.000,0,3920,0,27,27,27,27,70,70,70,70,70,70,70,70,110,22.000,22.000,24.500,24.500,0,0,0,0
274.794,13859826608897719907,0,0.000,0.000,0.000,0,3920,0,27,27,27,27,70,70,70,70,70,70,70,70,110,22.000,22.000,24.500,24.500,0,0,0,0
274.808,13859826608897719907,0,0.000,0.000,0.000,0,3920,0,27,27,27,27,70,70,70,70,70,70,70,70,110,22.000,22.000,24.500,24.500,0,0,0,0
274.823,13859826608897719907,0,0.000,0.000,0.000,0,3920,0,27,27,27,27,70,70,70,70,70,70,70,70,110,22.000,22.000,24.500,24.500,0,0,0,0
274.852,13859826608897719907,0,0.000,0.000,0.000,0,3920,0,27,27,27,27,70,70,70,70,70,70,70,70,110,22.000,22.000,24.500,24.500,0,0,0,0
274.867,13859826608897719907,0,0.000,0.000,0.000,0,3920,0,27,27,27,27,70,70,70,70,70,70,70,70,110,22.000,22.000,24.500,24.500,0,0,0,0
274.881,13859826608897719907,0,0.000,0.000,0.000,0,3920,0,27,27,27,27,70,70,70,70,70,70,70,70,110,22.000,22.000,24.500,24.500,0,0,0,0
274.896,13859826608897719907,0,0.000,0.000,0.000,0,3920,0,27,27,27,27,70,70,70,70,70,70,70,70,110,22.000,22.000,24.500,24.500,0,0,0,0
274.910,13859826608897719907,0,0.000,0.000,0.000,0,3920,0,27,27,27,27,70,70,70,70,70,70,70,70,110,22.000,22.000,24.500,24.500,0,0,0,0
274.925,13859826608897719907,0,0.000,0.000,0.000,0,3920,0,27,27,27,27,70,70,70,70,70,70,70,70,110,22.000,22.000,24.500,24.500,0,0,0,0
274.954,13859826608897719907,0,0.000,0.000,0.000,0,3920,0,27,27,27,27,70,70,70,70,70,70,70,70,110,22.000,22.000,24.500,24.500,0,0,0,0
274.968,13859826608897719907,0,0.000,0.000,0.000,0,3920,0,27,27,27,27,70,70,70,70,70,70,70,70,110,22.000,22.000,24.500,24.500,0,0,0,0
274.983,13859826608897719907,0,0.000,0.000,0.000,0,3920,0,27,27,27,27,70,70,70,70,70,70,70,70,110,22.000,22.000,24.500,24.500,0,0,0,0
274.997,13859826608897719907,0,0.000,0.000,0.000,0,3920,0,27,27,27,27,70,70,70,70,70,70,70,70,110,22.000,22.000,24.500,24.500,0,0,0,0
275.012,13859826608897719907,0,0.000,0.000,0.000,0,3920,0,27,27,27,27,70,70,70,70,70,70,70,70,110,22.000,22.000,24.500,24.500,0,0,0,0
275.026,13859826608897719907,0,0.000,0.000,0.000,0,3920,0,27,27,27,27,70,70,70,70,70,70,70,70,110,22.000,22.000,24.500,24.500,0,0,0,0
275.041,13859826608897719907,0,0.000,0.000,0.000,0,3920,0,27,27,27,27,70,70,70,70,70,70,70,70,110,22.000,22.000,24.500,24.500,0,0,0,0
275.070,13859826608897719907,0,0.000,0.000,0.000,0,3920,0,27,27,27,27,70,70,70,70,70,70,70,70,110,22.000,22.000,24.500,24.500,0,0,0,0
275.085,13859826608897719907,0,0.000,0.000,0.000,0,3920,0,27,27,27,27,70,70,70,70,70,70,70,70,110,22.000,22.000,24.500,24.500,0,0,0,0
275.099,13859826608897719907,0,0.000,0.000,0.000,0,3920,0,27,27,27,27,70,70,70,70,70,70,70,70,110,22.000,22.000,24.500,24.500,0,0,0,0
275.114,13859826608897719907,0,0.000,0.000,0.000,0,3920,0,27,27,27,27,70,70,70,70,70,70,70,70,110,22.000,22.000,24.500,24.500,0,0,0,0
275.129,13859826608897719907,0,0.000,0.000,0.000,0,3920,0,27,27,27,27,70,70,70,70,70,70,70,70,110,22.000,22.000,24.500,24.500,0,0,0,0
275.144,13859826608897719907,0,0.000,0.000,0.000,0,3920,0,27,27,27,27,70,70,70,70,70,70,70,70,110,22.000,22.000,24.500,24.500,0,0,0,0
275.159,13859826608897719907,0,0.000,0.000,0.000,0,3920,0,27,27,27,27,70,70,70,70,70,70,70,70,110,22.000,22.000,24.500,24.500,0,0,0,0
275.174,13859826608897719907,0,0.000,0.000,0.000,0,3920,0,27,27,27,27,70,70,70,70,70,70,70,70,110,22.000,22.000,24.500,24.500,0,0,0,0
275.190,13859826608897719907,0,0.000,0.000,0.000,0,3920,0,27,27,27,27,70,70,70,70,70,70,70,70,110,22.000,22.000,24.500,24.500,0,0,0,0
275.205,13859826608897719907,0,0.000,0.000,0.000,0,3920,0,27,27,27,27,70,70,70,70,70,70,70,70,110,22.000,22.000,24.500,24.500,0,0,0,0
275.235,13859826608897719907,0,0.000,0.000,0.000,0,3920,0,27,27,27,27,70,70,70,70,70,70,70,70,110,22.000,22.000,24.500,24.500,0,0,0,0
275.251,13859826608897719907,0,0.000,0.000,0.000,0,3920,0,27,27,27,27,70,70,70,70,70,70,70,70,110,22.000,22.000,24.500,24.500,0,0,0,0
275.266,13859826608897719907,0,0.000,0.000,0.000,0,3920,0,27,27,27,27,70,70,70,70,70,70,70,70,110,22.000,22.000,24.500,24.500,0,0,0,0
275.280,13859826608897719907,0,0.000,0.000,0.000,0,3920,0,27,27,27,27,70,70,70,70,70,70,70,70,110,22.000,22.000,24.500,24.500,0,0,0,0
275.296,13859826608897719907,0,0.000,0.000,0.000,0,3920,0,27,27,27,27,70,70,70,70,70,70,70,70,110,22.000,22.000,24.500,24.500,0,0,0,0
275.310,13859826608897719907,0,0.000,0.000,0.000,0,3920,0,27,27,27,27,70,70,70,70,70,70,70,70,110,22.000,22.000,24.500,24.500,0,0,0,0
275.325,13859826608897719907,0,0.000,0.000,0.000,0,3920,0,27,27,27,27,70,70,70,70,70,70,70,70,110,22.000,22.000,24.500,24.500,0,0,0,0
275.340,13859826608897719907,0,0.000,0.000,0.000,0,3920,0,27,27,27,27,70,70,70,70,70,70,70,70,110,22.000,22.000,24.500,24.500,0,0,0,0
275.369,13859826608897719907,0,0.000,0.000,0.000,0,3920,0,27,27,27,27,70,70,70,70,70,70,70,70,110,22.000,22.000,24.500,24.500,0,0,0,0
275.384,13859826608897719907,0,0.000,0.000,0.000,0,3920,0,27,27,27,27,70,70,70,70,70,70,70,70,110,22.000,22.000,24.500,24.500,0,0,0,0
275.398,13859826608897719907,0,0.000,0.000,0.000,0,3920,0,27,27,27,27,70,70,70,70,70,70,70,70,110,22.000,22.000,24.500,24.500,0,0,0,0
275.413,13859826608897719907,0,0.000,0.000,0.000,0,3920,0,27,27,27,27,70,70,70,70,70,70,70,70,110,22.000,22.000,24.500,24.500,0,0,0,0
275.427,13859826608897719907,0,0.000,0.000,0.000,0,3920,0,27,27,27,27,70,70,70,70,70,70,70,70,110,22.000,22.000,24.500,24.500,0,0,0,0
275.442,13859826608897719907,0,0.000,0.000,0.000,0,3920,0,27,27,27,27,70,70,70,70,70,70,70,70,110,22.000,22.000,24.500,24.500,0,0,0,0
275.471,13859826608897719907,0,0.000,0.000,0.000,0,3920,0,27,27,27,27,70,70,70,70,70,70,70,70,110,22.000,22.000,24.500,24.500,0,0,0,0
275.486,13859826608897719907,0,0.000,0.000,0.000,0,3920,0,27,27,27,27,70,70,70,70,70,70,70,70,110,22.000,22.000,24.500,24.500,0,0,0,0
275.500,13859826608897719907,0,0.000,0.000,0.000,0,3920,0,27,27,27,27,70,70,70,70,70,70,70,70,110,22.000,22.000,24.500,24.500,0,0,0,0
275.515,13859826608897719907,0,0.000,0.000,0.000,0,3920,0,27,27,27,27,70,70,70,70,70,70,70,70,110,22.000,22.000,24.500,24.500,0,0,0,0
275.530,13859826608897719907,0,0.000,0.000,0.000,0,3920,0,27,27,27,27,70,70,70,70,70,70,70,70,110,22.000,22.000,24.500,24.500,0,0,0,0
275.545,13859826608897719907,0,0.000,0.000,0.000,0,3920,0,27,27,27,27,70,70,70,70,70,70,70,70,110,22.000,22.000,24.500,24.500,0,0,0,0
275.560,13859826608897719907,0,0.000,0.000,0.000,0,3920,0,27,27,27,27,70,70,70,70,70,70,70,70,110,22.000,22.000,24.500,24.500,0,0,0,0
275.574,13859826608897719907,0,0.000,0.000,0.000,0,3920,0,27,27,27,27,70,70,70,70,70,70,70,70,110,22.000,22.000,24.500,24.500,0,0,0,0
275.589,13859826608897719907,0,0.000,0.000,0.000,0,3920,0,27,27,27,27,70,70,70,70,70,70,70,70,110,22.000,22.000,24.500,24.500,0,0,0,0
275.618,13859826608897719907,0,0.000,0.000,0.000,0,3920,0,27,27,27,27,70,70,70,70,70,70,70,70,110,22.000,22.000,24.500,24.500,0,0,0,0
275.633,13859826608897719907,0,0.000,0.000,0.000,0,3920,0,27,27,27,27,70,70,70,70,70,70,70,70,110,22.000,22.000,24.500,24.500,0,0,0,0
275.648,13859826608897719907,0,0.000,0.000,0.000,0,3920,0,27,27,27,27,70,70,70,70,70,70,70,70,110,22.000,22.000,24.500,24.500,0,0,0,0
275.662,13859826608897719907,0,0.000,0.000,0.000,0,3920,0,27,27,27,27,70,70,70,70,70,70,70,70,110,22.000,22.000,24.500,24.500,0,0,0,0
275.679,13859826608897719907,0,0.000,0.000,0.000,0,3920,0,27,27,27,27,70,70,70,70,70,70,70,70,110,22.000,22.000,24.500,24.500,0,0,0,0
275.695,13859826608897719907,0,0.000,0.000,0.000,0,3920,0,27,27,27,27,70,70,70,70,70,70,70,70,110,22.000,22.000,24.500,24.500,0,0,0,0
275.712,13859826608897719907,0,0.000,0.000,0.000,0,3920,0,27,27,27,27,70,70,70,70,70,70,70,70,110,22.000,22.000,24.500,24.500,0,0,0,0
275.728,13859826608897719907,0,0.000,0.000,0.000,0,3920,0,27,27,27,27,70,70,70,70,70,70,70,70,110,22.000,22.000,24.500,24.500,0,0,0,0
275.744,13859826608897719907,0,0.000,0.000,0.000,0,3920,0,27,27,27,27,70,70,70,70,70,70,70,70,110,22.000,22.000,24.500,24.500,0,0,0,0
275.761,13859826608897719907,0,0.000,0.000,0.000,0,3920,0,27,27,27,27,70,70,70,70,70,70,70,70,110,22.000,22.000,24.500,24.500,0,0,0,0
275.777,13859826608897719907,0,0.000,0.000,0.000,0,3920,0,27,27,27,27,70,70,70,70,70,70,70,70,110,22.000,22.000,24.500,24.500,0,0,0,0
275.792,13859826608897719907,0,0.000,0.000,0.000,0,3920,0,27,27,27,27,70,70,70,70,70,70,70,70,110,22.000,22.000,24.500,24.500,0,0,0,0
275.808,13859826608897719907,0,0.000,0.000,0.000,0,3920,0,27,27,27,27,70,70,70,70,70,70,70,70,110,22.000,22.000,24.500,24.500,0,0,0,0
275.823,13859826608897719907,0,0.000,0.000,0.000,0,3920,0,27,27,27,27,70,70,70,70,70,70,70,70,110,22.000,22.000,24.500,24.500,0,0,0,0
275.838,13859826608897719907,0,0.000,0.000,0.000,0,3920,0,27,27,27,27,70,70,70,70,70,70,70,70,110,22.000,22.000,24.500,24.500,0,0,0,0
275.854,13859826608897719907,0,0.000,0.000,0.000,0,3920,0,27,27,27,27,70,70,70,70,70,70,70,70,110,22.000,22.000,24.500,24.500,0,0,0,0
275.884,13859826608897719907,0,0.000,0.000,0.000,0,3920,0,27,27,27,27,70,70,70,70,70,70,70,70,110,22.000,22.000,24.500,24.500,0,0,0,0
275.899,13859826608897719907,0,0.000,0.000,0.000,0,3920,0,27,27,27,27,70,70,70,70,70,70,70,70,110,22.000,22.000,24.500,24.500,0,0,0,0
275.914,13859826608897719907,0,0.000,0.000,0.000,0,3920,0,27,27,27,27,70,70,70,70,70,70,70,70,110,22.000,22.000,24.500,24.500,0,0,0,0
275.929,13859826608897719907,0,0.000,0.000,0.000,0,3920,0,27,27,27,27,70,70,70,70,70,70,70,70,110,22.000,22.000,24.500,24.500,0,0,0,0
275.944,13859826608897719907,0,0.000,0.000,0.000,0,3920,0,27,27,27,27,70,70,70,70,70,70,70,70,110,22.000,22.000,24.500,24.500,0,0,0,0
275.959,13859826608897719907,0,0.000,0.000,0.000,0,3920,0,27,27,27,27,70,70,70,70,70,70,70,70,110,22.000,22.000,24.500,24.500,0,0,0,0
275.975,13859826608897719907,0,0.000,0.000,0.000,0,3920,0,27,27,27,27,70,70,70,70,70,70,70,70,110,22.000,22.000,24.500,24.500,0,0,0,0
275.990,13859826608897719907,0,0.000,0.000,0.000,0,3920,0,27,27,27,27,70,70,70,70,70,70,70,70,110,22.000,22.000,24.500,24.500,0,0,0,0
276.005,13859826608897719907,0,0.000,0.000,0.000,0,3920,0,27,27,27,27,70,70,70,70,70,70,70,70,110,22.000,22.000,24.500,24.500,0,0,0,0
276.035,13859826608897719907,0,0.000,0.000,0.000,0,3920,0,27,27,27,27,70,70,70,70,70,70,70,70,110,22.000,22.000,24.500,24.500,0,0,0,0
276.050,13859826608897719907,0,0.000,0.000,0.000,0,3920,0,27,27,27,27,70,70,70,70,70,70,70,70,110,22.000,22.000,24.500,24.500,0,0,0,0
276.064,13859826608897719907,0,0.000,0.000,0.000,0,3920,0,27,27,27,27,70,70,70,70,70,70,70,70,110,22.000,22.000,24.500,24.500,0,0,0,0
276.079,13859826608897719907,0,0.000,0.000,0.000,0,3920,0,27,27,27,27,70,70,70,70,70,70,70,70,110,22.000,22.000,24.500,24.500,0,0,0,0
276.094,13859826608897719907,0,0.000,0.000,0.000,0,3920,0,27,27,27,27,70,70,70,70,70,70,70,70,110,22.000,22.000,24.500,24.500,0,0,0,0
276.110,13859826608897719907,0,0.000,0.000,0.000,0,3920,0,27,27,27,27,70,70,70,70,70,70,70,70,110,22.000,22.000,24.500,24.500,0,0,0,0
276.124,13859826608897719907,0,0.000,0.000,0.000,0,3920,0,27,27,27,27,70,70,70,70,70,70,70,70,110,22.000,22.000,24.500,24.500,0,0,0,0
276.154,13859826608897719907,0,0.000,0.000,0.000,0,3920,0,27,27,27,27,70,70,70,70,70,70,70,70,110,22.000,22.000,24.500,24.500,0,0,0,0
276.169,13859826608897719907,0,0.000,0.000,0.000,0,3920,0,27,27,27,27,70,70,70,70,70,70,70,70,110,22.000,22.000,24.500,24.500,0,0,0,0
276.184,13859826608897719907,0,0.000,0.000,0.000,0,3920,0,27,27,27,27,70,70,70,70,70,70,70,70,110,22.000,22.000,24.500,24.500,0,0,0,0
276.199,13859826608897719907,0,0.000,0.000,0.000,0,3920,0,27,27,27,27,70,70,70,70,70,70,70,70,110,22.000,22.000,24.500,24.500,0,0,0,0
276.214,13859826608897719907,0,0.000,0.000,0.000,0,3920,0,27,27,27,27,70,70,70,70,70,70,70,70,110,22.000,22.000,24.500,24.500,0,0,0,0
276.229,13859826608897719907,0,0.000,0.000,0.000,0,3920,0,27,27,27,27,70,70,70,70,70,70,70,70,110,22.000,22.000,24.500,24.500,0,0,0,0
276.244,13859826608897719907,0,0.000,0.000,0.000,0,3920,0,27,27,27,27,70,70,70,70,70,70,70,70,110,22.000,22.000,24.500,24.500,0,0,0,0
276.258,13859826608897719907,0,0.000,0.000,0.000,0,3920,0,27,27,27,27,70,70,70,70,70,70,70,70,110,22.000,22.000,24.500,24.500,0,0,0,0
276.273,13859826608897719907,0,0.000,0.000,0.000,0,3920,0,27,27,27,27,70,70,70,70,70,70,70,70,110,22.000,22.000,24.500,24.500,0,0,0,0
276.302,13859826608897719907,0,0.000,0.000,0.000,0,3920,0,27,27,27,27,70,70,70,70,70,70,70,70,110,22.000,22.000,24.500,24.500,0,0,0,0
276.317,13859826608897719907,0,0.000,0.000,0.000,0,3920,0,27,27,27,27,70,70,70,70,70,70,70,70,110,22.000,22.000,24.500,24.500,0,0,0,0
276.332,13859826608897719907,0,0.000,0.000,0.000,0,3920,0,27,27,27,27,70,70,70,70,70,70,70,70,110,22.000,22.000,24.500,24.500,0,0,0,0
276.346,13859826608897719907,0,0.000,0.000,0.000,0,3920,0,27,27,27,27,70,70,70,70,70,70,70,70,110,22.000,22.000,24.500,24.500,0,0,0,0
276.361,13859826608897719907,0,0.000,0.000,0.000,0,3920,0,27,27,27,27,70,70,70,70,70,70,70,70,110,22.000,22.000,24.500,24.500,0,0,0,0
276.376,13859826608897719907,0,0.000,0.000,0.000,0,3920,0,27,27,27,27,70,70,70,70,70,70,70,70,110,22.000,22.000,24.500,24.500,0,0,0,0
276.391,13859826608897719907,0,0.000,0.000,0.000,0,3920,0,27,27,27,27,70,70,70,70,70,70,70,70,110,22.000,22.000,24.500,24.500,0,0,0,0
276.406,13859826608897719907,0,0.000,0.000,0.000,0,3920,0,27,27,27,27,70,70,70,70,70,70,70,70,110,22.000,22.000,24.500,24.500,0,0,0,0
276.420,13859826608897719907,0,0.000,0.000,0.000,0,3920,0,27,27,27,27,70,70,70,70,70,70,70,70,110,22.000,22.000,24.500,24.500,0,0,0,0
276.450,13859826608897719907,0,0.000,0.000,0.000,0,3920,0,27,27,27,27,70,70,70,70,70,70,70,70,110,22.000,22.000,24.500,24.500,0,0,0,0
276.465,13859826608897719907,0,0.000,0.000,0.000,0,3920,0,27,27,27,27,70,70,70,70,70,70,70,70,110,22.000,22.000,24.500,24.500,0,0,0,0
276.480,13859826608897719907,0,0.000,0.000,0.000,0,3920,0,27,27,27,27,70,70,70,70,70,70,70,70,110,22.000,22.000,24.500,24.500,0,0,0,0
276.496,13859826608897719907,0,0.000,0.000,0.000,0,3920,0,27,27,27,27,70,70,70,70,70,70,70,70,110,22.000,22.000,24.500,24.500,0,0,0,0
276.511,13859826608897719907,0,0.000,0.000,0.000,0,3920,0,27,27,27,27,70,70,70,70,70,70,70,70,110,22.000,22.000,24.500,24.500,0,0,0,0
276.526,13859826608897719907,0,0.000,0.000,0.000,0,3920,0,27,27,27,27,70,70,70,70,70,70,70,70,110,22.000,22.000,24.500,24.500,0,0,0,0
276.541,13859826608897719907,0,0.000,0.000,0.000,0,3920,0,27,27,27,27,70,70,70,70,70,70,70,70,110,22.000,22.000,24.500,24.500,0,0,0,0
276.557,13859826608897719907,0,0.000,0.000,0.000,0,3920,0,27,27,27,27,70,70,70,70,70,70,70,70,110,22.000,22.000,24.500,24.500,0,0,0,0
276.571,13859826608897719907,0,0.000,0.000,0.000,0,3920,0,27,27,27,27,70,70,70,70,70,70,70,70,110,22.000,22.000,24.500,24.500,0,0,0,0
276.601,13859826608897719907,0,0.000,0.000,0.000,0,3920,0,27,27,27,27,70,70,70,70,70,70,70,70,110,22.000,22.000,24.500,24.500,0,0,0,0
276.616,13859826608897719907,0,0.000,0.000,0.000,0,3920,0,27,27,27,27,70,70,70,70,70,70,70,70,110,22.000,22.000,24.500,24.500,0,0,0,0
276.631,13859826608897719907,0,0.000,0.000,0.000,0,3920,0,27,27,27,27,70,70,70,70,70,70,70,70,110,22.000,22.000,24.500,24.500,0,0,0,0
276.646,13859826608897719907,0,0.000,0.000,0.000,0,3920,0,27,27,27,27,70,70,70,70,70,70,70,70,110,22.000,22.000,24.500,24.500,0,0,0,0
276.660,13859826608897719907,0,0.000,0.000,0.000,0,3920,0,27,27,27,27,70,70,70,70,70,70,70,70,110,22.000,22.000,24.500,24.500,0,0,0,0
276.675,13859826608897719907,0,0.000,0.000,0.000,0,3920,0,27,27,27,27,70,70,70,70,70,70,70,70,110,22.000,22.000,24.500,24.500,0,0,0,0
276.705,13859826608897719907,0,0.000,0.000,0.000,0,3920,0,27,27,27,27,70,70,70,70,70,70,70,70,110,22.000,22.000,24.500,24.500,0,0,0,0
276.719,13859826608897719907,0,0.000,0.000,0.000,0,3920,0,27,27,27,27,70,70,70,70,70,70,70,70,110,22.000,22.000,24.500,24.500,0,0,0,0
276.734,13859826608897719907,0,0.000,0.000,0.000,0,3920,0,27,27,27,27,70,70,70,70,70,70,70,70,110,22.000,22.000,24.500,24.500,0,0,0,0
276.749,13859826608897719907,0,0.000,0.000,0.000,0,3920,0,27,27,27,27,70,70,70,70,70,70,70,70,110,22.000,22.000,24.500,24.500,0,0,0,0
276.764,13859826608897719907,0,0.000,0.000,0.000,0,3920,0,27,27,27,27,70,70,70,70,70,70,70,70,110,22.000,22.000,24.500,24.500,0,0,0,0
276.778,13859826608897719907,0,0.000,0.000,0.000,0,3920,0,27,27,27,27,70,70,70,70,70,70,70,70,110,22.000,22.000,24.500,24.500,0,0,0,0
276.793,13859826608897719907,0,0.000,0.000,0.000,0,3920,0,27,27,27,27,70,70,70,70,70,70,70,70,110,22.000,22.000,24.500,24.500,0,0,0,0
276.808,13859826608897719907,0,0.000,0.000,0.000,0,3920,0,27,27,27,27,70,70,70,70,70,70,70,70,110,22.000,22.000,24.500,24.500,0,0,0,0
276.823,13859826608897719907,0,0.000,0.000,0.000,0,3920,0,27,27,27,27,70,70,70,70,70,70,70,70,110,22.000,22.000,24.500,24.500,0,0,0,0
276.852,13859826608897719907,0,0.000,0.000,0.000,0,3920,0,27,27,27,27,70,70,70,70,70,70,70,70,110,22.000,22.000,24.500,24.500,0,0,0,0
276.867,13859826608897719907,0,0.000,0.000,0.000,0,3920,0,27,27,27,27,70,70,70,70,70,70,70,70,110,22.000,22.000,24.500,24.500,0,0,0,0
276.882,13859826608897719907,0,0.000,0.000,0.000,0,3920,0,27,27,27,27,70,70,70,70,70,70,70,70,110,22.000,22.000,24.500,24.500,0,0,0,0
276.896,13859826608897719907,0,0.000,0.000,0.000,0,3920,0,27,27,27,27,70,70,70,70,70,70,70,70,110,22.000,22.000,24.500,24.500,0,0,0,0
276.911,13859826608897719907,0,0.000,0.000,0.000,0,3920,0,27,27,27,27,70,70,70,70,70,70,70,70,110,22.000,22.000,24.500,24.500,0,0,0,0
276.926,13859826608897719907,0,0.000,0.000,0.000,0,3920,0,27,27,27,27,70,70,70,70,70,70,70,70,110,22.000,22.000,24.500,24.500,0,0,0,0
276.941,13859826608897719907,0,0.000,0.000,0.000,0,3920,0,27,27,27,27,70,70,70,70,70,70,70,70,110,22.000,22.000,24.500,24.500,0,0,0,0
276.971,13859826608897719907,0,0.000,0.000,0.000,0,3920,0,27,27,27,27,70,70,70,70,70,70,70,70,110,22.000,22.000,24.500,24.500,0,0,0,0
276.985,13859826608897719907,0,0.000,0.000,0.000,0,3920,0,27,27,27,27,70,70,70,70,70,70,70,70,110,22.000,22.000,24.500,24.500,0,0,0,0
277.000,13859826608897719907,0,0.000,0.000,0.000,0,3920,0,27,27,27,27,70,70,70,70,70,70,70,70,110,22.000,22.000,24.500,24.500,0,0,0,0
277.015,13859826608897719907,0,0.000,0.000,0.000,0,3920,0,27,27,27,27,70,70,70,70,70,70,70,70,110,22.000,22.000,24.500,24.500,0,0,0,0
277.030,13859826608897719907,0,0.000,0.000,0.000,0,3920,0,27,27,27,27,70,70,70,70,70,70,70,70,110,22.000,22.000,24.500,24.500,0,0,0,0
277.045,13859826608897719907,0,0.000,0.000,0.000,0,3920,0,27,27,27,27,70,70,70,70,70,70,70,70,110,22.000,22.000,24.500,24.500,0,0,0,0
277.060,13859826608897719907,0,0.000,0.000,0.000,0,3920,0,27,27,27,27,70,70,70,70,70,70,70,70,110,22.000,22.000,24.500,24.500,0,0,0,0
277.075,13859826608897719907,0,0.000,0.000,0.000,0,3920,0,27,27,27,27,70,70,70,70,70,70,70,70,110,22.000,22.000,24.500,24.500,0,0,0,0
277.105,13859826608897719907,0,0.000,0.000,0.000,0,3920,0,27,27,27,27,70,70,70,70,70,70,70,70,110,22.000,22.000,24.500,24.500,0,0,0,0
277.120,13859826608897719907,0,0.000,0.000,0.000,0,3920,0,27,27,27,27,70,70,70,70,70,70,70,70,110,22.000,22.000,24.500,24.500,0,0,0,0
277.134,13859826608897719907,0,0.000,0.000,0.000,0,3920,0,27,27,27,27,70,70,70,70,70,70,70,70,110,22.000,22.000,24.500,24.500,0,0,0,0
277.149,13859826608897719907,0,0.000,0.000,0.000,0,3920,0,27,27,27,27,70,70,70,70,70,70,70,70,110,22.000,22.000,24.500,24.500,0,0,0,0
277.164,13859826608897719907,0,0.000,0.000,0.000,0,3920,0,27,27,27,27,70,70,70,70,70,70,70,70,110,22.000,22.000,24.500,24.500,0,0,0,0
277.178,13859826608897719907,0,0.000,0.000,0.000,0,3920,0,27,27,27,27,70,70,70,70,70,70,70,70,110,22.000,22.000,24.500,24.500,0,0,0,0
277.193,13859826608897719907,0,0.000,0.000,0.000,0,3920,0,27,27,27,27,70,70,70,70,70,70,70,70,110,22.000,22.000,24.500,24.500,0,0,0,0
277.208,13859826608897719907,0,0.000,0.000,0.000,0,3920,0,27,27,27,27,70,70,70,70,70,70,70,70,110,22.000,22.000,24.500,24.500,0,0,0,0
277.238,13859826608897719907,0,0.000,0.000,0.000,0,3920,0,27,27,27,27,70,70,70,70,70,70,70,70,110,22.000,22.000,24.500,24.500,0,0,0,0
277.253,13859826608897719907,0,0.000,0.000,0.000,0,3920,0,27,27,27,27,70,70,70,70,70,70,70,70,110,22.000,22.000,24.500,24.500,0,0,0,0
277.268,13859826608897719907,0,0.000,0.000,0.000,0,3920,0,27,27,27,27,70,70,70,70,70,70,70,70,110,22.000,22.000,24.500,24.500,0,0,0,0
277.283,13859826608897719907,0,0.000,0.000,0.000,0,3920,0,27,27,27,27,70,70,70,70,70,70,70,70,110,22.000,22.000,24.500,24.500,0,0,0,0
277.298,13859826608897719907,0,0.000,0.000,0.000,0,3920,0,27,27,27,27,70,70,70,70,70,70,70,70,110,22.000,22.000,24.500,24.500,0,0,0,0
277.313,13859826608897719907,0,0.000,0.000,0.000,0,3920,0,27,27,27,27,70,70,70,70,70,70,70,70,110,22.000,22.000,24.500,24.500,0,0,0,0
277.328,13859826608897719907,0,0.000,0.000,0.000,0,3920,0,27,27,27,27,70,70,70,70,70,70,70,70,110,22.000,22.000,24.500,24.500,0,0,0,0
277.343,13859826608897719907,0,0.000,0.000,0.000,0,3920,0,27,27,27,27,70,70,70,70,70,70,70,70,110,22.000,22.000,24.500,24.500,0,0,0,0
277.358,13859826608897719907,0,0.000,0.000,0.000,0,3920,0,27,27,27,27,70,70,70,70,70,70,70,70,110,22.000,22.000,24.500,24.500,0,0,0,0
277.373,13859826608897719907,0,0.000,0.000,0.000,0,3920,0,27,27,27,27,70,70,70,70,70,70,70,70,110,22.000,22.000,24.500,24.500,0,0,0,0
277.404,13859826608897719907,0,0.000,0.000,0.000,0,3920,0,27,27,27,27,70,70,70,70,70,70,70,70,110,22.000,22.000,24.500,24.500,0,0,0,0
277.419,13859826608897719907,0,0.000,0.000,0.000,0,3920,0,27,27,27,27,70,70,70,70,70,70,70,70,110,22.000,22.000,24.500,24.500,0,0,0,0
277.434,13859826608897719907,0,0.000,0.000,0.000,0,3920,0,27,27,27,27,70,70,70,70,70,70,70,70,110,22.000,22.000,24.500,24.500,0,0,0,0
277.449,13859826608897719907,0,0.000,0.000,0.000,0,3920,0,27,27,27,27,70,70,70,70,70,70,70,70,110,22.000,22.000,24.500,24.500,0,0,0,0
277.464,13859826608897719907,0,0.000,0.000,0.000,0,3920,0,27,27,27,27,70,70,70,70,70,70,70,70,110,22.000,22.000,24.500,24.500,0,0,0,0
277.479,13859826608897719907,0,0.000,0.000,0.000,0,3920,0,27,27,27,27,70,70,70,70,70,70,70,70,110,22.000,22.000,24.500,24.500,0,0,0,0
277.494,13859826608897719907,0,0.000,0.000,0.000,0,3920,0,27,27,27,27,70,70,70,70,70,70,70,70,110,22.000,22.000,24.500,24.500,0,0,0,0
277.509,13859826608897719907,0,0.000,0.000,0.000,0,3920,0,27,27,27,27,70,70,70,70,70,70,70,70,110,22.000,22.000,24.500,24.500,0,0,0,0
277.525,13859826608897719907,0,0.000,0.000,0.000,0,3920,0,27,27,27,27,70,70,70,70,70,70,70,70,110,22.000,22.000,24.500,24.500,0,0,0,0
277.555,13859826608897719907,0,0.000,0.000,0.000,0,3920,0,27,27,27,27,70,70,70,70,70,70,70,70,110,22.000,22.000,24.500,24.500,0,0,0,0
277.569,13859826608897719907,0,0.000,0.000,0.000,0,3920,0,27,27,27,27,70,70,70,70,70,70,70,70,110,22.000,22.000,24.500,24.500,0,0,0,0
277.584,13859826608897719907,0,0.000,0.000,0.000,0,3920,0,27,27,27,27,70,70,70,70,70,70,70,70,110,22.000,22.000,24.500,24.500,0,0,0,0
277.599,13859826608897719907,0,0.000,0.000,0.000,0,3920,0,27,27,27,27,70,70,70,70,70,70,70,70,110,22.000,22.000,24.500,24.500,0,0,0,0
277.614,13859826608897719907,0,0.000,0.000,0.000,0,3920,0,27,27,27,27,70,70,70,70,70,70,70,70,110,22.000,22.000,24.500,24.500,0,0,0,0
277.629,13859826608897719907,0,0.000,0.000,0.000,0,3920,0,27,27,27,27,70,70,70,70,70,70,70,70,110,22.000,22.000,24.500,24.500,0,0,0,0
277.644,13859826608897719907,0,0.000,0.000,0.000,0,3920,0,27,27,27,27,70,70,70,70,70,70,70,70,110,22.000,22.000,24.500,24.500,0,0,0,0
277.659,13859826608897719907,0,0.000,0.000,0.000,0,3920,0,27,27,27,27,70,70,70,70,70,70,70,70,110,22.000,22.000,24.500,24.500,0,0,0,0
277.688,13859826608897719907,0,0.000,0.000,0.000,0,3920,0,27,27,27,27,70,70,70,70,70,70,70,70,110,22.000,22.000,24.500,24.500,0,0,0,0
277.703,13859826608897719907,0,0.000,0.000,0.000,0,3920,0,27,27,27,27,70,70,70,70,70,70,70,70,110,22.000,22.000,24.500,24.500,0,0,0,0
277.718,13859826608897719907,0,0.000,0.000,0.000,0,3920,0,27,27,27,27,70,70,70,70,70,70,70,70,110,22.000,22.000,24.500,24.500,0,0,0,0
277.732,13859826608897719907,0,0.000,0.000,0.000,0,3920,0,27,27,27,27,70,70,70,70,70,70,70,70,110,22.000,22.000,24.500,24.500,0,0,0,0
277.747,13859826608897719907,0,0.000,0.000,0.000,0,3920,0,27,27,27,27,70,70,70,70,70,70,70,70,110,22.000,22.000,24.500,24.500,0,0,0,0
277.762,13859826608897719907,0,0.000,0.000,0.000,0,3920,0,27,27,27,27,70,70,70,70,70,70,70,70,110,22.000,22.000,24.500,24.500,0,0,0,0
277.777,13859826608897719907,0,0.000,0.000,0.000,0,3920,0,27,27,27,27,70,70,70,70,70,70,70,70,110,22.000,22.000,24.500,24.500,0,0,0,0
277.792,13859826608897719907,0,0.000,0.000,0.000,0,3920,0,27,27,27,27,70,70,70,70,70,70,70,70,110,22.000,22.000,24.500,24.500,0,0,0,0
277.821,13859826608897719907,0,0.000,0.000,0.000,0,3920,0,27,27,27,27,70,70,70,70,70,70,70,70,110,22.000,22.000,24.500,24.500,0,0,0,0
277.835,13859826608897719907,0,0.000,0.000,0.000,0,3920,0,27,27,27,27,70,70,70,70,70,70,70,70,110,22.000,22.000,24.500,24.500,0,0,0,0
277.850,13859826608897719907,0,0.000,0.000,0.000,0,3920,0,27,27,27,27,70,70,70,70,70,70,70,70,110,22.000,22.000,24.500,24.500,0,0,0,0
277.864,13859826608897719907,0,0.000,0.000,0.000,0,3920,0,27,27,27,27,70,70,70,70,70,70,70,70,110,22.000,22.000,24.500,24.500,0,0,0,0
277.879,13859826608897719907,0,0.000,0.000,0.000,0,3920,0,27,27,27,27,70,70,70,70,70,70,70,70,110,22.000,22.000,24.500,24.500,0,0,0,0
277.893,13859826608897719907,0,0.000,0.000,0.000,0,3920,0,27,27,27,27,70,70,70,70,70,70,70,70,110,22.000,22.000,24.500,24.500,0,0,0,0
277.921,13859826608897719907,0,0.000,0.000,0.000,0,3920,0,27,27,27,27,70,70,70,70,70,70,70,70,110,22.000,22.000,24.500,24.500,0,0,0,0
277.936,13859826608897719907,0,0.000,0.000,0.000,0,3920,0,27,27,27,27,70,70,70,70,70,70,70,70,110,22.000,22.000,24.500,24.500,0,0,0,0
277.950,13859826608897719907,0,0.000,0.000,0.000,0,3920,0,27,27,27,27,70,70,70,70,70,70,70,70,110,22.000,22.000,24.500,24.500,0,0,0,0
277.964,13859826608897719907,0,0.000,0.000,0.000,0,3920,0,27,27,27,27,70,70,70,70,70,70,70,70,110,22.000,22.000,24.500,24.500,0,0,0,0
277.978,13859826608897719907,0,0.000,0.000,0.000,0,3920,0,27,27,27,27,70,70,70,70,70,70,70,70,110,22.000,22.000,24.500,24.500,0,0,0,0
277.992,13859826608897719907,0,0.000,0.000,0.000,0,3920,0,27,27,27,27,70,70,70,70,70,70,70,70,110,22.000,22.000,24.500,24.500,0,0,0,0
278.021,13859826608897719907,0,0.000,0.000,0.000,0,3920,0,27,27,27,27,70,70,70,70,70,70,70,70,110,22.000,22.000,24.500,24.500,0,0,0,0
278.035,13859826608897719907,0,0.000,0.000,0.000,0,3920,0,27,27,27,27,70,70,70,70,70,70,70,70,110,22.000,22.000,24.500,24.500,0,0,0,0
278.050,13859826608897719907,0,0.000,0.000,0.000,0,3920,0,27,27,27,27,70,70,70,70,70,70,70,70,110,22.000,22.000,24.500,24.500,0,0,0,0
278.064,13859826608897719907,0,0.000,0.000,0.000,0,3920,0,27,27,27,27,70,70,70,70,70,70,70,70,110,22.000,22.000,24.500,24.500,0,0,0,0
278.078,13859826608897719907,0,0.000,0.000,0.000,0,3920,0,27,27,27,27,70,70,70,70,70,70,70,70,110,22.000,22.000,24.500,24.500,0,0,0,0
278.093,13859826608897719907,0,0.000,0.000,0.000,0,3920,0,27,27,27,27,70,70,70,70,70,70,70,70,110,22.000,22.000,24.500,24.500,0,0,0,0
278.108,13859826608897719907,0,0.000,0.000,0.000,0,3920,0,27,27,27,27,70,70,70,70,70,70,70,70,110,22.000,22.000,24.500,24.500,0,0,0,0
278.123,13859826608897719907,0,0.000,0.000,0.000,0,3920,0,27,27,27,27,70,70,70,70,70,70,70,70,110,22.000,22.000,24.500,24.500,0,0,0,0
278.138,13859826608897719907,0,0.000,0.000,0.000,0,3920,0,27,27,27,27,70,70,70,70,70,70,70,70,110,22.000,22.000,24.500,24.500,0,0,0,0
278.153,13859826608897719907,0,0.000,0.000,0.000,0,3920,0,27,27,27,27,70,70,70,70,70,70,70,70,110,22.000,22.000,24.500,24.500,0,0,0,0
278.169,13859826608897719907,0,0.000,0.000,0.000,0,3920,0,27,27,27,27,70,70,70,70,70,70,70,70,110,22.000,22.000,24.500,24.500,0,0,0,0
278.200,13859826608897719907,0,0.000,0.000,0.000,0,3920,0,27,27,27,27,70,70,70,70,70,70,70,70,110,22.000,22.000,24.500,24.500,0,0,0,0
278.215,13859826608897719907,0,0.000,0.000,0.000,0,3920,0,27,27,27,27,70,70,70,70,70,70,70,70,110,22.000,22.000,24.500,24.500,0,0,0,0
278.231,13859826608897719907,0,0.000,0.000,0.000,0,3920,0,27,27,27,27,70,70,70,70,70,70,70,70,110,22.000,22.000,24.500,24.500,0,0,0,0
278.247,13859826608897719907,0,0.000,0.000,0.000,0,3920,0,27,27,27,27,70,70,70,70,70,70,70,70,110,22.000,22.000,24.500,24.500,0,0,0,0
278.262,13859826608897719907,0,0.000,0.000,0.000,0,3920,0,27,27,27,27,70,70,70,70,70,70,70,70,110,22.000,22.000,24.500,24.500,0,0,0,0
278.278,13859826608897719907,0,0.000,0.000,0.000,0,3920,0,27,27,27,27,70,70,70,70,70,70,70,70,110,22.000,22.000,24.500,24.500,0,0,0,0
278.293,13859826608897719907,0,0.000,0.000,0.000,0,3920,0,27,27,27,27,70,70,70,70,70,70,70,70,110,22.000,22.000,24.500,24.500,0,0,0,0
278.308,13859826608897719907,0,0.000,0.000,0.000,0,3920,0,27,27,27,27,70,70,70,70,70,70,70,70,110,22.000,22.000,24.500,24.500,0,0,0,0
278.323,13859826608897719907,0,0.000,0.000,0.000,0,3920,0,27,27,27,27,70,70,70,70,70,70,70,70,110,22.000,22.000,24.500,24.500,0,0,0,0
278.338,13859826608897719907,0,0.000,0.000,0.000,0,3920,0,27,27,27,27,70,70,70,70,70,70,70,70,110,22.000,22.000,24.500,24.500,0,0,0,0
278.368,13859826608897719907,0,0.000,0.000,0.000,0,3920,0,27,27,27,27,70,70,70,70,70,70,70,70,110,22.000,22.000,24.500,24.500,0,0,0,0
278.383,13859826608897719907,0,0.000,0.000,0.000,0,3920,0,27,27,27,27,70,70,70,70,70,70,70,70,110,22.000,22.000,24.500,24.500,0,0,0,0
278.398,13859826608897719907,0,0.000,0.000,0.000,0,3920,0,27,27,27,27,70,70,70,70,70,70,70,70,110,22.000,22.000,24.500,24.500,0,0,0,0
278.413,13859826608897719907,0,0.000,0.000,0.000,0,3920,0,27,27,27,27,70,70,70,70,70,70,70,70,110,22.000,22.000,24.500,24.500,0,0,0,0
278.428,13859826608897719907,0,0.000,0.000,0.000,0,3920,0,27,27,27,27,70,70,70,70,70,70,70,70,110,22.000,22.000,24.500,24.500,0,0,0,0
278.443,13859826608897719907,0,0.000,0.000,0.000,0,3920,0,27,27,27,27,70,70,70,70,70,70,70,70,110,22.000,22.000,24.500,24.500,0,0,0,0
278.458,13859826608897719907,0,0.000,0.000,0.000,0,3920,0,27,27,27,27,70,70,70,70,70,70,70,70,110,22.000,22.000,24.500,24.500,0,0,0,0
278.473,13859826608897719907,0,0.000,0.000,0.000,0,3920,0,27,27,27,27,70,70,70,70,70,70,70,70,110,22.000,22.000,24.500,24.500,0,0,0,0
278.488,13859826608897719907,0,0.000,0.000,0.000,0,3920,0,27,27,27,27,70,70,70,70,70,70,70,70,110,22.000,22.000,24.500,24.500,0,0,0,0
278.503,13859826608897719907,0,0.000,0.000,0.000,0,3920,0,27,27,27,27,70,70,70,70,70,70,70,70,110,22.000,22.000,24.500,24.500,0,0,0,0
278.534,13859826608897719907,0,0.000,0.000,0.000,0,3920,0,27,27,27,27,70,70,70,70,70,70,70,70,110,22.000,22.000,24.500,24.500,0,0,0,0
278.549,13859826608897719907,0,0.000,0.000,0.000,0,3920,0,27,27,27,27,70,70,70,70,70,70,70,70,110,22.000,22.000,24.500,24.500,0,0,0,0
278.564,13859826608897719907,0,0.000,0.000,0.000,0,3920,0,27,27,27,27,70,70,70,70,70,70,70,70,110,22.000,22.000,24.500,24.500,0,0,0,0
278.579,13859826608897719907,0,0.000,0.000,0.000,0,3920,0,27,27,27,27,70,70,70,70,70,70,70,70,110,22.000,22.000,24.500,24.500,0,0,0,0
278.594,13859826608897719907,0,0.000,0.000,0.000,0,3920,0,27,27,27,27,70,70,70,70,70,70,70,70,110,22.000,22.000,24.500,24.500,0,0,0,0
278.610,13859826608897719907,0,0.000,0.000,0.000,0,3920,0,27,27,27,27,70,70,70,70,70,70,70,70,110,22.000,22.000,24.500,24.500,0,0,0,0
278.625,13859826608897719907,0,0.000,0.000,0.000,0,3920,0,27,27,27,27,70,70,70,70,70,70,70,70,110,22.000,22.000,24.500,24.500,0,0,0,0
278.640,13859826608897719907,0,0.000,0.000,0.000,0,3920,0,27,27,27,27,70,70,70,70,70,70,70,70,110,22.000,22.000,24.500,24.500,0,0,0,0
278.655,13859826608897719907,0,0.000,0.000,0.000,0,3920,0,27,27,27,27,70,70,70,70,70,70,70,70,110,22.000,22.000,24.500,24.500,0,0,0,0
278.685,13859826608897719907,0,0.000,0.000,0.000,0,3920,0,27,27,27,27,70,70,70,70,70,70,70,70,110,22.000,22.000,24.500,24.500,0,0,0,0
278.700,13859826608897719907,0,0.000,0.000,0.000,0,3920,0,27,27,27,27,70,70,70,70,70,70,70,70,110,22.000,22.000,24.500,24.500,0,0,0,0
278.715,13859826608897719907,0,0.000,0.000,0.000,0,3920,0,27,27,27,27,70,70,70,70,70,70,70,70,110,22.000,22.000,24.500,24.500,0,0,0,0
278.731,13859826608897719907,0,0.000,0.000,0.000,0,3920,0,27,27,27,27,70,70,70,70,70,70,70,70,110,22.000,22.000,24.500,24.500,0,0,0,0
278.747,13859826608897719907,0,0.000,0.000,0.000,0,3920,0,27,27,27,27,70,70,70,70,70,70,70,70,110,22.000,22.000,24.500,24.500,0,0,0,0
278.762,13859826608897719907,0,0.000,0.000,0.000,0,3920,0,27,27,27,27,70,70,70,70,70,70,70,70,110,22.000,22.000,24.500,24.500,0,0,0,0
278.778,13859826608897719907,0,0.000,0.000,0.000,0,3920,0,27,27,27,27,70,70,70,70,70,70,70,70,110,22.000,22.000,24.500,24.500,0,0,0,0
278.794,13859826608897719907,0,0.000,0.000,0.000,0,3920,0,27,27,27,27,70,70,70,70,70,70,70,70,110,22.000,22.000,24.500,24.500,0,0,0,0
278.809,13859826608897719907,0,0.000,0.000,0.000,0,3920,0,27,27,27,27,70,70,70,70,70,70,70,70,110,22.000,22.000,24.500,24.500,0,0,0,0
278.825,13859826608897719907,0,0.000,0.000,0.000,0,3920,0,27,27,27,27,70,70,70,70,70,70,70,70,110,22.000,22.000,24.500,24.500,0,0,0,0
278.840,13859826608897719907,0,0.000,0.000,0.000,0,3920,0,27,27,27,27,70,70,70,70,70,70,70,70,110,22.000,22.000,24.500,24.500,0,0,0,0
278.870,13859826608897719907,0,0.000,0.000,0.000,0,3920,0,27,27,27,27,70,70,70,70,70,70,70,70,110,22.000,22.000,24.500,24.500,0,0,0,0
278.885,13859826608897719907,0,0.000,0.000,0.000,0,3920,0,27,27,27,27,70,70,70,70,70,70,70,70,110,22.000,22.000,24.500,24.500,0,0,0,0
278.900,13859826608897719907,0,0.000,0.000,0.000,0,3920,0,27,27,27,27,70,70,70,70,70,70,70,70,110,22.000,22.000,24.500,24.500,0,0,0,0
278.915,13859826608897719907,0,0.000,0.000,0.000,0,3920,0,27,27,27,27,70,70,70,70,70,70,70,70,110,22.000,22.000,24.500,24.500,0,0,0,0
278.930,13859826608897719907,0,0.000,0.000,0.000,0,3920,0,27,27,27,27,70,70,70,70,70,70,70,70,110,22.000,22.000,24.500,24.500,0,0,0,0
278.945,13859826608897719907,0,0.000,0.000,0.000,0,3920,0,27,27,27,27,70,70,70,70,70,70,70,70,110,22.000,22.000,24.500,24.500,0,0,0,0
278.960,13859826608897719907,0,0.000,0.000,0.000,0,3920,0,27,27,27,27,70,70,70,70,70,70,70,70,110,22.000,22.000,24.500,24.500,0,0,0,0
278.976,13859826608897719907,0,0.000,0.000,0.000,0,3920,0,27,27,27,27,70,70,70,70,70,70,70,70,110,22.000,22.000,24.500,24.500,0,0,0,0
278.991,13859826608897719907,0,0.000,0.000,0.000,0,3920,0,27,27,27,27,70,70,70,70,70,70,70,70,110,22.000,22.000,24.500,24.500,0,0,0,0
279.020,13859826608897719907,0,0.000,0.000,0.000,0,3920,0,27,27,27,27,70,70,70,70,70,70,70,70,110,22.000,22.000,24.500,24.500,0,0,0,0
279.035,13859826608897719907,0,0.000,0.000,0.000,0,3920,0,27,27,27,27,70,70,70,70,70,70,70,70,110,22.000,22.000,24.500,24.500,0,0,0,0
279.050,13859826608897719907,0,0.000,0.000,0.000,0,3920,0,27,27,27,27,70,70,70,70,70,70,70,70,110,22.000,22.000,24.500,24.500,0,0,0,0
279.065,13859826608897719907,0,0.000,0.000,0.000,0,3920,0,27,27,27,27,70,70,70,70,70,70,70,70,110,22.000,22.000,24.500,24.500,0,0,0,0
279.080,13859826608897719907,0,0.000,0.000,0.000,0,3920,0,27,27,27,27,70,70,70,70,70,70,70,70,110,22.000,22.000,24.500,24.500,0,0,0,0
279.095,13859826608897719907,0,0.000,0.000,0.000,0,3920,0,27,27,27,27,70,70,70,70,70,70,70,70,110,22.000,22.000,24.500,24.500,0,0,0,0
279.110,13859826608897719907,0,0.000,0.000,0.000,0,3920,0,27,27,27,27,70,70,70,70,70,70,70,70,110,22.000,22.000,24.500,24.500,0,0,0,0
279.125,13859826608897719907,0,0.000,0.000,0.000,0,3920,0,27,27,27,27,70,70,70,70,70,70,70,70,110,22.000,22.000,24.500,24.500,0,0,0,0
279.141,13859826608897719907,0,0.000,0.000,0.000,0,3920,0,27,27,27,27,70,70,70,70,70,70,70,70,110,22.000,22.000,24.500,24.500,0,0,0,0
279.171,13859826608897719907,0,0.000,0.000,0.000,0,3920,0,27,27,27,27,70,70,70,70,70,70,70,70,110,22.000,22.000,24.500,24.500,0,0,0,0
279.186,13859826608897719907,0,0.000,0.000,0.000,0,3920,0,27,27,27,27,70,70,70,70,70,70,70,70,110,22.000,22.000,24.500,24.500,0,0,0,0
279.201,13859826608897719907,0,0.000,0.000,0.000,0,3920,0,27,27,27,27,70,70,70,70,70,70,70,70,110,22.000,22.000,24.500,24.500,0,0,0,0
279.216,13859826608897719907,0,0.000,0.000,0.000,0,3920,0,27,27,27,27,70,70,70,70,70,70,70,70,110,22.000,22.000,24.500,24.500,0,0,0,0
279.232,13859826608897719907,0,0.000,0.000,0.000,0,3920,0,27,27,27,27,70,70,70,70,70,70,70,70,110,22.000,22.000,24.500,24.500,0,0,0,0
279.247,13859826608897719907,0,0.000,0.000,0.000,0,3920,0,27,27,27,27,70,70,70,70,70,70,70,70,110,22.000,22.000,24.500,24.500,0,0,0,0
279.262,13859826608897719907,0,0.000,0.000,0.000,0,3920,0,27,27,27,27,70,70,70,70,70,70,70,70,110,22.000,22.000,24.500,24.500,0,0,0,0
279.278,13859826608897719907,0,0.000,0.000,0.000,0,3920,0,27,27,27,27,70,70,70,70,70,70,70,70,110,22.000,22.000,24.500,24.500,0,0,0,0
279.293,13859826608897719907,0,0.000,0.000,0.000,0,3920,0,27,27,27,27,70,70,70,70,70,70,70,70,110,22.000,22.000,24.500,24.500,0,0,0,0
279.309,13859826608897719907,0,0.000,0.000,0.000,0,3920,0,27,27,27,27,70,70,70,70,70,70,70,70,110,22.000,22.000,24.500,24.500,0,0,0,0
279.324,13859826608897719907,0,0.000,0.000,0.000,0,3920,0,27,27,27,27,70,70,70,70,70,70,70,70,110,22.000,22.000,24.500,24.500,0,0,0,0
279.339,13859826608897719907,0,0.000,0.000,0.000,0,3920,0,27,27,27,27,70,70,70,70,70,70,70,70,110,22.000,22.000,24.500,24.500,0,0,0,0
279.370,13859826608897719907,0,0.000,0.000,0.000,0,3920,0,27,27,27,27,70,70,70,70,70,70,70,70,110,22.000,22.000,24.500,24.500,0,0,0,0
279.385,13859826608897719907,0,0.000,0.000,0.000,0,3920,0,27,27,27,27,70,70,70,70,70,70,70,70,110,22.000,22.000,24.500,24.500,0,0,0,0
279.400,13859826608897719907,0,0.000,0.000,0.000,0,3920,0,27,27,27,27,70,70,70,70,70,70,70,70,110,22.000,22.000,24.500,24.500,0,0,0,0
279.415,13859826608897719907,0,0.000,0.000,0.000,0,3920,0,27,27,27,27,70,70,70,70,70,70,70,70,110,22.000,22.000,24.500,24.500,0,0,0,0
279.430,13859826608897719907,0,0.000,0.000,0.000,0,3920,0,27,27,27,27,70,70,70,70,70,70,70,70,110,22.000,22.000,24.500,24.500,0,0,0,0
279.445,13859826608897719907,0,0.000,0.000,0.000,0,3920,0,27,27,27,27,70,70,70,70,70,70,70,70,110,22.000,22.000,24.500,24.500,0,0,0,0
279.460,13859826608897719907,0,0.000,0.000,0.000,0,3920,0,27,27,27,27,70,70,70,70,70,70,70,70,110,22.000,22.000,24.500,24.500,0,0,0,0
279.475,13859826608897719907,0,0.000,0.000,0.000,0,3920,0,27,27,27,27,70,70,70,70,70,70,70,70,110,22.000,22.000,24.500,24.500,0,0,0,0
279.491,13859826608897719907,0,0.000,0.000,0.000,0,3920,0,27,27,27,27,70,70,70,70,70,70,70,70,110,22.000,22.000,24.500,24.500,0,0,0,0
279.506,13859826608897719907,0,0.000,0.000,0.000,0,3920,0,27,27,27,27,70,70,70,70,70,70,70,70,110,22.000,22.000,24.500,24.500,0,0,0,0
279.537,13859826608897719907,0,0.000,0.000,0.000,0,3920,0,27,27,27,27,70,70,70,70,70,70,70,70,110,22.000,22.000,24.500,24.500,0,0,0,0
279.552,13859826608897719907,0,0.000,0.000,0.000,0,3920,0,27,27,27,27,70,70,70,70,70,70,70,70,110,22.000,22.000,24.500,24.500,0,0,0,0
279.567,13859826608897719907,0,0.000,0.000,0.000,0,3920,0,27,27,27,27,70,70,70,70,70,70,70,70,110,22.000,22.000,24.500,24.500,0,0,0,0
279.583,13859826608897719907,0,0.000,0.000,0.000,0,3920,0,27,27,27,27,70,70,70,70,70,70,70,70,110,22.000,22.000,24.500,24.500,0,0,0,0
279.598,13859826608897719907,0,0.000,0.000,0.000,0,3920,0,27,27,27,27,70,70,70,70,70,70,70,70,110,22.000,22.000,24.500,24.500,0,0,0,0
279.614,13859826608897719907,0,0.000,0.000,0.000,0,3920,0,27,27,27,27,70,70,70,70,70,70,70,70,110,22.000,22.000,24.500,24.500,0,0,0,0
279.629,13859826608897719907,0,0.000,0.000,0.000,0,3920,0,27,27,27,27,70,70,70,70,70,70,70,70,110,22.000,22.000,24.500,24.500,0,0,0,0
279.645,13859826608897719907,0,0.000,0.000,0.000,0,3920,0,27,27,27,27,70,70,70,70,70,70,70,70,110,22.000,22.000,24.500,24.500,0,0,0,0
279.661,13859826608897719907,0,0.000,0.000,0.000,0,3920,0,27,27,27,27,70,70,70,70,70,70,70,70,110,22.000,22.000,24.500,24.500,0,0,0,0
279.676,13859826608897719907,0,0.000,0.000,0.000,0,3920,0,27,27,27,27,70,70,70,70,70,70,70,70,110,22.000,22.000,24.500,24.500,0,0,0,0
279.693,13859826608897719907,0,0.000,0.000,0.000,0,3920,0,27,27,27,27,70,70,70,70,70,70,70,70,110,22.000,22.000,24.500,24.500,0,0,0,0
279.709,13859826608897719907,0,0.000,0.000,0.000,0,3920,0,27,27,27,27,70,70,70,70,70,70,70,70,110,22.000,22.000,24.500,24.500,0,0,0,0
279.725,13859826608897719907,0,0.000,0.000,0.000,0,3920,0,27,27,27,27,70,70,70,70,70,70,70,70,110,22.000,22.000,24.500,24.500,0,0,0,0
279.741,13859826608897719907,0,0.000,0.000,0.000,0,3920,0,27,27,27,27,70,70,70,70,70,70,70,70,110,22.000,22.000,24.500,24.500,0,0,0,0
279.757,13859826608897719907,0,0.000,0.000,0.000,0,3920,0,27,27,27,27,70,70,70,70,70,70,70,70,110,22.000,22.000,24.500,24.500,0,0,0,0
279.772,13859826608897719907,0,0.000,0.000,0.000,0,3920,0,27,27,27,27,70,70,70,70,70,70,70,70,110,22.000,22.000,24.500,24.500,0,0,0,0
279.803,13859826608897719907,0,0.000,0.000,0.000,0,3920,0,27,27,27,27,70,70,70,70,70,70,70,70,110,22.000,22.000,24.500,24.500,0,0,0,0
279.818,13859826608897719907,0,0.000,0.000,0.000,0,3920,0,27,27,27,27,70,70,70,70,70,70,70,70,110,22.000,22.000,24.500,24.500,0,0,0,0
279.833,13859826608897719907,0,0.000,0.000,0.000,0,3920,0,27,27,27,27,70,70,70,70,70,70,70,70,110,22.000,22.000,24.500,24.500,0,0,0,0
279.849,13859826608897719907,0,0.000,0.000,0.000,0,3920,0,27,27,27,27,70,70,70,70,70,70,70,70,110,22.000,22.000,24.500,24.500,0,0,0,0
279.864,13859826608897719907,0,0.000,0.000,0.000,0,3920,0,27,27,27,27,70,70,70,70,70,70,70,70,110,22.000,22.000,24.500,24.500,0,0,0,0
279.880,13859826608897719907,0,0.000,0.000,0.000,0,3920,0,27,27,27,27,70,70,70,70,70,70,70,70,110,22.000,22.000,24.500,24.500,0,0,0,0
279.895,13859826608897719907,0,0.000,0.000,0.000,0,3920,0,27,27,27,27,70,70,70,70,70,70,70,70,110,22.000,22.000,24.500,24.500,0,0,0,0
279.911,13859826608897719907,0,0.000,0.000,0.000,0,3920,0,27,27,27,27,70,70,70,70,70,70,70,70,110,22.000,22.000,24.500,24.500,0,0,0,0
279.927,13859826608897719907,0,0.000,0.000,0.000,0,3920,0,27,27,27,27,70,70,70,70,70,70,70,70,110,22.000,22.000,24.500,24.500,0,0,0,0
279.942,13859826608897719907,0,0.000,0.000,0.000,0,3920,0,27,27,27,27,70,70,70,70,70,70,70,70,110,22.000,22.000,24.500,24.500,0,0,0,0
279.958,13859826608897719907,0,0.000,0.000,0.000,0,3920,0,27,27,27,27,70,70,70,70,70,70,70,70,110,22.000,22.000,24.500,24.500,0,0,0,0
279.973,13859826608897719907,0,0.000,0.000,0.000,0,3920,0,27,27,27,27,70,70,70,70,70,70,70,70,110,22.000,22.000,24.500,24.500,0,0,0,0
279.989,13859826608897719907,0,0.000,0.000,0.000,0,3920,0,27,27,27,27,70,70,70,70,70,70,70,70,110,22.000,22.000,24.500,24.500,0,0,0,0
280.004,13859826608897719907,0,0.000,0.000,0.000,0,3920,0,27,27,27,27,70,70,70,70,70,70,70,70,110,22.000,22.000,24.500,24.500,0,0,0,0
280.020,13859826608897719907,0,0.000,0.000,0.000,0,3920,0,27,27,27,27,70,70,70,70,70,70,70,70,110,22.000,22.000,24.500,24.500,0,0,0,0
280.051,13859826608897719907,0,0.000,0.000,0.000,0,3920,0,27,27,27,27,70,70,70,70,70,70,70,70,110,22.000,22.000,24.500,24.500,0,0,0,0
280.066,13859826608897719907,0,0.000,0.000,0.000,0,3920,0,27,27,27,27,70,70,70,70,70,70,70,70,110,22.000,22.000,24.500,24.500,0,0,0,0
280.082,13859826608897719907,0,0.000,0.000,0.000,0,3920,0,27,27,27,27,70,70,70,70,70,70,70,70,110,22.000,22.000,24.500,24.500,0,0,0,0
280.097,13859826608897719907,0,0.000,0.000,0.000,0,3920,0,27,27,27,27,70,70,70,70,70,70,70,70,110,22.000,22.000,24.500,24.500,0,0,0,0
280.113,13859826608897719907,0,0.000,0.000,0.000,0,3920,0,27,27,27,27,70,70,70,70,70,70,70,70,110,22.000,22.000,24.500,24.500,0,0,0,0
280.128,13859826608897719907,0,0.000,0.000,0.000,0,3920,0,27,27,27,27,70,70,70,70,70,70,70,70,110,22.000,22.000,24.500,24.500,0,0,0,0
280.144,13859826608897719907,0,0.000,0.000,0.000,0,3920,0,27,27,27,27,70,70,70,70,70,70,70,70,110,22.000,22.000,24.500,24.500,0,0,0,0
280.160,13859826608897719907,0,0.000,0.000,0.000,0,3920,0,27,27,27,27,70,70,70,70,70,70,70,70,110,22.000,22.000,24.500,24.500,0,0,0,0
280.175,13859826608897719907,0,0.000,0.000,0.000,0,3920,0,27,27,27,27,70,70,70,70,70,70,70,70,110,22.000,22.000,24.500,24.500,0,0,0,0
280.191,13859826608897719907,0,0.000,0.000,0.000,0,3920,0,27,27,27,27,70,70,70,70,70,70,70,70,110,22.000,22.000,24.500,24.500,0,0,0,0
280.206,13859826608897719907,0,0.000,0.000,0.000,0,3920,0,27,27,27,27,70,70,70,70,70,70,70,70,110,22.000,22.000,24.500,24.500,0,0,0,0
280.222,13859826608897719907,0,0.000,0.000,0.000,0,3920,0,27,27,27,27,70,70,70,70,70,70,70,70,110,22.000,22.000,24.500,24.500,0,0,0,0
280.237,13859826608897719907,0,0.000,0.000,0.000,0,3920,0,27,27,27,27,70,70,70,70,70,70,70,70,110,22.000,22.000,24.500,24.500,0,0,0,0
280.268,13859826608897719907,0,0.000,0.000,0.000,0,3920,0,27,27,27,27,70,70,70,70,70,70,70,70,110,22.000,22.000,24.500,24.500,0,0,0,0
280.283,13859826608897719907,0,0.000,0.000,0.000,0,3920,0,27,27,27,27,70,70,70,70,70,70,70,70,110,22.000,22.000,24.500,24.500,0,0,0,0
280.298,13859826608897719907,0,0.000,0.000,0.000,0,3920,0,27,27,27,27,70,70,70,70,70,70,70,70,110,22.000,22.000,24.500,24.500,0,0,0,0
280.314,13859826608897719907,0,0.000,0.000,0.000,0,3920,0,27,27,27,27,70,70,70,70,70,70,70,70,110,22.000,22.000,24.500,24.500,0,0,0,0
280.329,13859826608897719907,0,0.000,0.000,0.000,0,3920,0,27,27,27,27,70,70,70,70,70,70,70,70,110,22.000,22.000,24.500,24.500,0,0,0,0
280.345,13859826608897719907,0,0.000,0.000,0.000,0,3920,0,27,27,27,27,70,70,70,70,70,70,70,70,110,22.000,22.000,24.500,24.500,0,0,0,0
280.360,13859826608897719907,0,0.000,0.000,0.000,0,3920,0,27,27,27,27,70,70,70,70,70,70,70,70,110,22.000,22.000,24.500,24.500,0,0,0,0
280.376,13859826608897719907,0,0.000,0.000,0.000,0,3920,0,27,27,27,27,70,70,70,70,70,70,70,70,110,22.000,22.000,24.500,24.500,0,0,0,0
280.391,13859826608897719907,0,0.000,0.000,0.000,0,3920,0,27,27,27,27,70,70,70,70,70,70,70,70,110,22.000,22.000,24.500,24.500,0,0,0,0
280.407,13859826608897719907,0,0.000,0.000,0.000,0,3920,0,27,27,27,27,70,70,70,70,70,70,70,70,110,22.000,22.000,24.500,24.500,0,0,0,0
280.423,13859826608897719907,0,0.000,0.000,0.000,0,3920,0,27,27,27,27,70,70,70,70,70,70,70,70,110,22.000,22.000,24.500,24.500,0,0,0,0
280.439,13859826608897719907,0,0.000,0.000,0.000,0,3920,0,27,27,27,27,70,70,70,70,70,70,70,70,110,22.000,22.000,24.500,24.500,0,0,0,0
280.454,13859826608897719907,0,0.000,0.000,0.000,0,3920,0,27,27,27,27,70,70,70,70,70,70,70,70,110,22.000,22.000,24.500,24.500,0,0,0,0
280.486,13859826608897719907,0,0.000,0.000,0.000,0,3920,0,27,27,27,27,70,70,70,70,70,70,70,70,110,22.000,22.000,24.500,24.500,0,0,0,0
280.501,13859826608897719907,0,0.000,0.000,0.000,0,3920,0,27,27,27,27,70,70,70,70,70,70,70,70,110,22.000,22.000,24.500,24.500,0,0,0,0
280.517,13859826608897719907,0,0.000,0.000,0.000,0,3920,0,27,27,27,27,70,70,70,70,70,70,70,70,110,22.000,22.000,24.500,24.500,0,0,0,0
280.533,13859826608897719907,0,0.000,0.000,0.000,0,3920,0,27,27,27,27,70,70,70,70,70,70,70,70,110,22.000,22.000,24.500,24.500,0,0,0,0
280.548,13859826608897719907,0,0.000,0.000,0.000,0,3920,0,27,27,27,27,70,70,70,70,70,70,70,70,110,22.000,22.000,24.500,24.500,0,0,0,0
280.564,13859826608897719907,0,0.000,0.000,0.000,0,3920,0,27,27,27,27,70,70,70,70,70,70,70,70,110,22.000,22.000,24.500,24.500,0,0,0,0
280.580,13859826608897719907,0,0.000,0.000,0.000,0,3920,0,27,27,27,27,70,70,70,70,70,70,70,70,110,22.000,22.000,24.500,24.500,0,0,0,0
280.596,13859826608897719907,0,0.000,0.000,0.000,0,3920,0,27,27,27,27,70,70,70,70,70,70,70,70,110,22.000,22.000,24.500,24.500,0,0,0,0
280.612,13859826608897719907,0,0.000,0.000,0.000,0,3920,0,27,27,27,27,70,70,70,70,70,70,70,70,110,22.000,22.000,24.500,24.500,0,0,0,0
280.628,13859826608897719907,0,0.000,0.000,0.000,0,3920,0,27,27,27,27,70,70,70,70,70,70,70,70,110,22.000,22.000,24.500,24.500,0,0,0,0
280.644,13859826608897719907,0,0.000,0.000,0.000,0,3920,0,27,27,27,27,70,70,70,70,70,70,70,70,110,22.000,22.000,24.500,24.500,0,0,0,0
280.659,13859826608897719907,0,0.000,0.000,0.000,0,3920,0,27,27,27,27,70,70,70,70,70,70,70,70,110,22.000,22.000,24.500,24.500,0,0,0,0
280.675,13859826608897719907,0,0.000,0.000,0.000,0,3920,0,27,27,27,27,70,70,70,70,70,70,70,70,110,22.000,22.000,24.500,24.500,0,0,0,0
280.691,13859826608897719907,0,0.000,0.000,0.000,0,3920,0,27,27,27,27,70,70,70,70,70,70,70,70,110,22.000,22.000,24.500,24.500,0,0,0,0
280.707,13859826608897719907,0,0.000,0.000,0.000,0,3920,0,27,27,27,27,70,70,70,70,70,70,70,70,110,22.000,22.000,24.500,24.500,0,0,0,0
280.723,13859826608897719907,0,0.000,0.000,0.000,0,3920,0,27,27,27,27,70,70,70,70,70,70,70,70,110,22.000,22.000,24.500,24.500,0,0,0,0
280.738,13859826608897719907,0,0.000,0.000,0.000,0,3920,0,27,27,27,27,70,70,70,70,70,70,70,70,110,22.000,22.000,24.500,24.500,0,0,0,0
280.770,13859826608897719907,0,0.000,0.000,0.000,0,3920,0,27,27,27,27,70,70,70,70,70,70,70,70,110,22.000,22.000,24.500,24.500,0,0,0,0
280.785,13859826608897719907,0,0.000,0.000,0.000,0,3920,0,27,27,27,27,70,70,70,70,70,70,70,70,110,22.000,22.000,24.500,24.500,0,0,0,0
280.801,13859826608897719907,0,0.000,0.000,0.000,0,3920,0,27,27,27,27,70,70,70,70,70,70,70,70,110,22.000,22.000,24.500,24.500,0,0,0,0
280.816,13859826608897719907,0,0.000,0.000,0.000,0,3920,0,27,27,27,27,70,70,70,70,70,70,70,70,110,22.000,22.000,24.500,24.500,0,0,0,0
280.831,13859826608897719907,0,0.000,0.000,0.000,0,3920,0,27,27,27,27,70,70,70,70,70,70,70,70,110,22.000,22.000,24.500,24.500,0,0,0,0
280.847,13859826608897719907,0,0.000,0.000,0.000,0,3920,0,27,27,27,27,70,70,70,70,70,70,70,70,110,22.000,22.000,24.500,24.500,0,0,0,0
280.862,13859826608897719907,0,0.000,0.000,0.000,0,3920,0,27,27,27,27,70,70,70,70,70,70,70,70,110,22.000,22.000,24.500,24.500,0,0,0,0
280.878,13859826608897719907,0,0.000,0.000,0.000,0,3920,0,27,27,27,27,70,70,70,70,70,70,70,70,110,22.000,22.000,24.500,24.500,0,0,0,0
280.893,13859826608897719907,0,0.000,0.000,0.000,0,3920,0,27,27,27,27,70,70,70,70,70,70,70,70,110,22.000,22.000,24.500,24.500,0,0,0,0
280.908,13859826608897719907,0,0.000,0.000,0.000,0,3920,0,27,27,27,27,70,70,70,70,70,70,70,70,110,22.000,22.000,24.500,24.500,0,0,0,0
280.924,13859826608897719907,0,0.000,0.000,0.000,0,3920,0,27,27,27,27,70,70,70,70,70,70,70,70,110,22.000,22.000,24.500,24.500,0,0,0,0
280.939,13859826608897719907,0,0.000,0.000,0.000,0,3920,0,27,27,27,27,70,70,70,70,70,70,70,70,110,22.000,22.000,24.500,24.500,0,0,0,0
280.954,13859826608897719907,0,0.000,0.000,0.000,0,3920,0,27,27,27,27,70,70,70,70,70,70,70,70,110,22.000,22.000,24.500,24.500,0,0,0,0
280.970,13859826608897719907,0,0.000,0.000,0.000,0,3920,0,27,27,27,27,70,70,70,70,70,70,70,70,110,22.000,22.000,24.500,24.500,0,0,0,0
281.000,13859826608897719907,0,0.000,0.000,0.000,0,3920,0,27,27,27,27,70,70,70,70,70,70,70,70,110,22.000,22.000,24.500,24.500,0,0,0,0
281.016,13859826608897719907,0,0.000,0.000,0.000,0,3920,0,27,27,27,27,70,70,70,70,70,70,70,70,110,22.000,22.000,24.500,24.500,0,0,0,0
281.031,13859826608897719907,0,0.000,0.000,0.000,0,3920,0,27,27,27,27,70,70,70,70,70,70,70,70,110,22.000,22.000,24.500,24.500,0,0,0,0
281.047,13859826608897719907,0,0.000,0.000,0.000,0,3920,0,27,27,27,27,70,70,70,70,70,70,70,70,110,22.000,22.000,24.500,24.500,0,0,0,0
281.062,13859826608897719907,0,0.000,0.000,0.000,0,3920,0,27,27,27,27,70,70,70,70,70,70,70,70,110,22.000,22.000,24.500,24.500,0,0,0,0
281.077,13859826608897719907,0,0.000,0.000,0.000,0,3920,0,27,27,27,27,70,70,70,70,70,70,70,70,110,22.000,22.000,24.500,24.500,0,0,0,0
281.092,13859826608897719907,0,0.000,0.000,0.000,0,3920,0,27,27,27,27,70,70,70,70,70,70,70,70,110,22.000,22.000,24.500,24.500,0,0,0,0
281.108,13859826608897719907,0,0.000,0.000,0.000,0,3920,0,27,27,27,27,70,70,70,70,70,70,70,70,110,22.000,22.000,24.500,24.500,0,0,0,0
281.138,13859826608897719907,0,0.000,0.000,0.000,0,3920,0,27,27,27,27,70,70,70,70,70,70,70,70,110,22.000,22.000,24.500,24.500,0,0,0,0
281.153,13859826608897719907,0,0.000,0.000,0.000,0,3920,0,27,27,27,27,70,70,70,70,70,70,70,70,110,22.000,22.000,24.500,24.500,0,0,0,0
281.168,13859826608897719907,0,0.000,0.000,0.000,0,3920,0,27,27,27,27,70,70,70,70,70,70,70,70,110,22.000,22.000,24.500,24.500,0,0,0,0
281.183,13859826608897719907,0,0.000,0.000,0.000,0,3920,0,27,27,27,27,70,70,70,70,70,70,70,70,110,22.000,22.000,24.500,24.500,0,0,0,0
281.198,13859826608897719907,0,0.000,0.000,0.000,0,3920,0,27,27,27,27,70,70,70,70,70,70,70,70,110,22.000,22.000,24.500,24.500,0,0,0,0
281.213,13859826608897719907,0,0.000,0.000,0.000,0,3920,0,27,27,27,27,70,70,70,70,70,70,70,70,110,22.000,22.000,24.500,24.500,0,0,0,0
281.228,13859826608897719907,0,0.000,0.000,0.000,0,3920,0,27,27,27,27,70,70,70,70,70,70,70,70,110,22.000,22.000,24.500,24.500,0,0,0,0
281.243,13859826608897719907,0,0.000,0.000,0.000,0,3920,0,27,27,27,27,70,70,70,70,70,70,70,70,110,22.000,22.000,24.500,24.500,0,0,0,0
281.258,13859826608897719907,0,0.000,0.000,0.000,0,3920,0,27,27,27,27,70,70,70,70,70,70,70,70,110,22.000,22.000,24.500,24.500,0,0,0,0
281.287,13859826608897719907,0,0.000,0.000,0.000,0,3920,0,27,27,27,27,70,70,70,70,70,70,70,70,110,22.000,22.000,24.500,24.500,0,0,0,0
281.301,13859826608897719907,0,0.000,0.000,0.000,0,3920,0,27,27,27,27,70,70,70,70,70,70,70,70,110,22.000,22.000,24.500,24.500,0,0,0,0
281.315,13859826608897719907,0,0.000,0.000,0.000,0,3920,0,27,27,27,27,70,70,70,70,70,70,70,70,110,22.000,22.000,24.500,24.500,0,0,0,0
281.329,13859826608897719907,0,0.000,0.000,0.000,0,3920,0,27,27,27,27,70,70,70,70,70,70,70,70,110,22.000,22.000,24.500,24.500,0,0,0,0
281.344,13859826608897719907,0,0.000,0.000,0.000,0,3920,0,27,27,27,27,70,70,70,70,70,70,70,70,110,22.000,22.000,24.500,24.500,0,0,0,0
281.372,13859826608897719907,0,0.000,0.000,0.000,0,3920,0,27,27,27,27,70,70,70,70,70,70,70,70,110,22.000,22.000,24.500,24.500,0,0,0,0
281.386,13859826608897719907,0,0.000,0.000,0.000,0,3920,0,27,27,27,27,70,70,70,70,70,70,70,70,110,22.000,22.000,24.500,24.500,0,0,0,0
281.400,13859826608897719907,0,0.000,0.000,0.000,0,3920,0,27,27,27,27,70,70,70,70,70,70,70,70,110,22.000,22.000,24.500,24.500,0,0,0,0
281.415,13859826608897719907,0,0.000,0.000,0.000,0,3920,0,27,27,27,27,70,70,70,70,70,70,70,70,110,22.000,22.000,24.500,24.500,0,0,0,0
281.429,13859826608897719907,0,0.000,0.000,0.000,0,3920,0,27,27,27,27,70,70,70,70,70,70,70,70,110,22.000,22.000,24.500,24.500,0,0,0,0
281.443,13859826608897719907,0,0.000,0.000,0.000,0,3920,0,27,27,27,27,70,70,70,70,70,70,70,70,110,22.000,22.000,24.500,24.500,0,0,0,0
281.457,13859826608897719907,0,0.000,0.000,0.000,0,3920,0,27,27,27,27,70,70,70,70,70,70,70,70,110,22.000,22.000,24.500,24.500,0,0,0,0
281.486,13859826608897719907,0,0.000,0.000,0.000,0,3920,0,27,27,27,27,70,70,70,70,70,70,70,70,110,22.000,22.000,24.500,24.500,0,0,0,0
281.501,13859826608897719907,0,0.000,0.000,0.000,0,3920,0,27,27,27,27,70,70,70,70,70,70,70,70,110,22.000,22.000,24.500,24.500,0,0,0,0
281.515,13859826608897719907,0,0.000,0.000,0.000,0,3920,0,27,27,27,27,70,70,70,70,70,70,70,70,110,22.000,22.000,24.500,24.500,0,0,0,0
281.530,13859826608897719907,0,0.000,0.000,0.000,0,3920,0,27,27,27,27,70,70,70,70,70,70,70,70,110,22.000,22.000,24.500,24.500,0,0,0,0
281.544,13859826608897719907,0,0.000,0.000,0.000,0,3920,0,27,27,27,27,70,70,70,70,70,70,70,70,110,22.000,22.000,24.500,24.500,0,0,0,0
281.573,13859826608897719907,0,0.000,0.000,0.000,0,3920,0,27,27,27,27,70,70,70,70,70,70,70,70,110,22.000,22.000,24.500,24.500,0,0,0,0
281.587,13859826608897719907,0,0.000,0.000,0.000,0,3920,0,27,27,27,27,70,70,70,70,70,70,70,70,110,22.000,22.000,24.500,24.500,0,0,0,0
281.601,13859826608897719907,0,0.000,0.000,0.000,0,3920,0,27,27,27,27,70,70,70,70,70,70,70,70,110,22.000,22.000,24.500,24.500,0,0,0,0
281.616,13859826608897719907,0,0.000,0.000,0.000,0,3920,0,27,27,27,27,70,70,70,70,70,70,70,70,110,22.000,22.000,24.500,24.500,0,0,0,0
281.630,13859826608897719907,0,0.000,0.000,0.000,0,3920,0,27,27,27,27,70,70,70,70,70,70,70,70,110,22.000,22.000,24.500,24.500,0,0,0,0
281.645,13859826608897719907,0,0.000,0.000,0.000,0,3920,0,27,27,27,27,70,70,70,70,70,70,70,70,110,22.000,22.000,24.500,24.500,0,0,0,0
281.660,13859826608897719907,0,0.000,0.000,0.000,0,3920,0,27,27,27,27,70,70,70,70,70,70,70,70,110,22.000,22.000,24.500,24.500,0,0,0,0
281.689,13859826608897719907,0,0.000,0.000,0.000,0,3920,0,27,27,27,27,70,70,70,70,70,70,70,70,110,22.000,22.000,24.500,24.500,0,0,0,0
281.703,13859826608897719907,0,0.000,0.000,0.000,0,3920,0,27,27,27,27,70,70,70,70,70,70,70,70,110,22.000,22.000,24.500,24.500,0,0,0,0
281.718,13859826608897719907,0,0.000,0.000,0.000,0,3920,0,27,27,27,27,70,70,70,70,70,70,70,70,110,22.000,22.000,24.500,24.500,0,0,0,0
281.733,13859826608897719907,0,0.000,0.000,0.000,0,3920,0,27,27,27,27,70,70,70,70,70,70,70,70,110,22.000,22.000,24.500,24.500,0,0,0,0
281.747,13859826608897719907,0,0.000,0.000,0.000,0,3920,0,27,27,27,27,70,70,70,70,70,70,70,70,110,22.000,22.000,24.500,24.500,0,0,0,0
281.762,13859826608897719907,0,0.000,0.000,0.000,0,3920,0,27,27,27,27,70,70,70,70,70,70,70,70,110,22.000,22.000,24.500,24.500,0,0,0,0
281.777,13859826608897719907,0,0.000,0.000,0.000,0,3920,0,27,27,27,27,70,70,70,70,70,70,70,70,110,22.000,22.000,24.500,24.500,0,0,0,0
281.792,13859826608897719907,0,0.000,0.000,0.000,0,3920,0,27,27,27,27,70,70,70,70,70,70,70,70,110,22.000,22.000,24.500,24.500,0,0,0,0
281.821,13859826608897719907,0,0.000,0.000,0.000,0,3920,0,27,27,27,27,70,70,70,70,70,70,70,70,110,22.000,22.000,24.500,24.500,0,0,0,0
281.836,13859826608897719907,0,0.000,0.000,0.000,0,3920,0,27,27,27,27,70,70,70,70,70,70,70,70,110,22.000,22.000,24.500,24.500,0,0,0,0
281.850,13859826608897719907,0,0.000,0.000,0.000,0,3920,0,27,27,27,27,70,70,70,70,70,70,70,70,110,22.000,22.000,24.500,24.500,0,0,0,0
281.865,13859826608897719907,0,0.000,0.000,0.000,0,3920,0,27,27,27,27,70,70,70,70,70,70,70,70,110,22.000,22.000,24.500,24.500,0,0,0,0
281.879,13859826608897719907,0,0.000,0.000,0.000,0,3920,0,27,27,27,27,70,70,70,70,70,70,70,70,110,22.000,22.000,24.500,24.500,0,0,0,0
281.894,13859826608897719907,0,0.000,0.000,0.000,0,3920,0,27,27,27,27,70,70,70,70,70,70,70,70,110,22.000,22.000,24.500,24.500,0,0,0,0
281.909,13859826608897719907,0,0.000,0.000,0.000,0,3920,0,27,27,27,27,70,70,70,70,70,70,70,70,110,22.000,22.000,24.500,24.500,0,0,0,0
281.923,13859826608897719907,0,0.000,0.000,0.000,0,3920,0,27,27,27,27,70,70,70,70,70,70,70,70,110,22.000,22.000,24.500,24.500,0,0,0,0
281.953,13859826608897719907,0,0.000,0.000,0.000,0,3920,0,27,27,27,27,70,70,70,70,70,70,70,70,110,22.000,22.000,24.500,24.500,0,0,0,0
281.968,13859826608897719907,0,0.000,0.000,0.000,0,3920,0,27,27,27,27,70,70,70,70,70,70,70,70,110,22.000,22.000,24.500,24.500,0,0,0,0
281.983,13859826608897719907,0,0.000,0.000,0.000,0,3920,0,27,27,27,27,70,70,70,70,70,70,70,70,110,22.000,22.000,24.500,24.500,0,0,0,0
281.998,13859826608897719907,0,0.000,0.000,0.000,0,3920,0,27,27,27,27,70,70,70,70,70,70,70,70,110,22.000,22.000,24.500,24.500,0,0,0,0
282.013,13859826608897719907,0,0.000,0.000,0.000,0,3920,0,27,27,27,27,70,70,70,70,70,70,70,70,110,22.000,22.000,24.500,24.500,0,0,0,0
282.028,13859826608897719907,0,0.000,0.000,0.000,0,3920,0,27,27,27,27,70,70,70,70,70,70,70,70,110,22.000,22.000,24.500,24.500,0,0,0,0
282.043,13859826608897719907,0,0.000,0.000,0.000,0,3920,0,27,27,27,27,70,70,70,70,70,70,70,70,110,22.000,22.000,24.500,24.500,0,0,0,0
282.059,13859826608897719907,0,0.000,0.000,0.000,0,3920,0,27,27,27,27,70,70,70,70,70,70,70,70,110,22.000,22.000,24.500,24.500,0,0,0,0
282.074,13859826608897719907,0,0.000,0.000,0.000,0,3920,0,27,27,27,27,70,70,70,70,70,70,70,70,110,22.000,22.000,24.500,24.500,0,0,0,0
282.090,13859826608897719907,0,0.000,0.000,0.000,0,3920,0,27,27,27,27,70,70,70,70,70,70,70,70,110,22.000,22.000,24.500,24.500,0,0,0,0
282.120,13859826608897719907,0,0.000,0.000,0.000,0,3920,0,27,27,27,27,70,70,70,70,70,70,70,70,110,22.000,22.000,24.500,24.500,0,0,0,0
282.135,13859826608897719907,0,0.000,0.000,0.000,0,3920,0,27,27,27,27,70,70,70,70,70,70,70,70,110,22.000,22.000,24.500,24.500,0,0,0,0
282.150,13859826608897719907,0,0.000,0.000,0.000,0,3920,0,27,27,27,27,70,70,70,70,70,70,70,70,110,22.000,22.000,24.500,24.500,0,0,0,0
282.166,13859826608897719907,0,0.000,0.000,0.000,0,3920,0,27,27,27,27,70,70,70,70,70,70,70,70,110,22.000,22.000,24.500,24.500,0,0,0,0
282.181,13859826608897719907,0,0.000,0.000,0.000,0,3920,0,27,27,27,27,70,70,70,70,70,70,70,70,110,22.000,22.000,24.500,24.500,0,0,0,0
282.196,13859826608897719907,0,0.000,0.000,0.000,0,3920,0,27,27,27,27,70,70,70,70,70,70,70,70,110,22.000,22.000,24.500,24.500,0,0,0,0
282.211,13859826608897719907,0,0.000,0.000,0.000,0,3920,0,27,27,27,27,70,70,70,70,70,70,70,70,110,22.000,22.000,24.500,24.500,0,0,0,0
282.227,13859826608897719907,0,0.000,0.000,0.000,0,3920,0,27,27,27,27,70,70,70,70,70,70,70,70,110,22.000,22.000,24.500,24.500,0,0,0,0
282.242,13859826608897719907,0,0.000,0.000,0.000,0,3920,0,27,27,27,27,70,70,70,70,70,70,70,70,110,22.000,22.000,24.500,24.500,0,0,0,0
282.258,13859826608897719907,0,0.000,0.000,0.000,0,3920,0,27,27,27,27,70,70,70,70,70,70,70,70,110,22.000,22.000,24.500,24.500,0,0,0,0
282.288,13859826608897719907,0,0.000,0.000,0.000,0,3920,0,27,27,27,27,70,70,70,70,70,70,70,70,110,22.000,22.000,24.500,24.500,0,0,0,0
282.304,13859826608897719907,0,0.000,0.000,0.000,0,3920,0,27,27,27,27,70,70,70,70,70,70,70,70,110,22.000,22.000,24.500,24.500,0,0,0,0
282.319,13859826608897719907,0,0.000,0.000,0.000,0,3920,0,27,27,27,27,70,70,70,70,70,70,70,70,110,22.000,22.000,24.500,24.500,0,0,0,0
282.334,13859826608897719907,0,0.000,0.000,0.000,0,3920,0,27,27,27,27,70,70,70,70,70,70,70,70,110,22.000,22.000,24.500,24.500,0,0,0,0
282.349,13859826608897719907,0,0.000,0.000,0.000,0,3920,0,27,27,27,27,70,70,70,70,70,70,70,70,110,22.000,22.000,24.500,24.500,0,0,0,0
282.364,13859826608897719907,0,0.000,0.000,0.000,0,3920,0,27,27,27,27,70,70,70,70,70,70,70,70,110,22.000,22.000,24.500,24.500,0,0,0,0
282.380,13859826608897719907,0,0.000,0.000,0.000,0,3920,0,27,27,27,27,70,70,70,70,70,70,70,70,110,22.000,22.000,24.500,24.500,0,0,0,0
282.395,13859826608897719907,0,0.000,0.000,0.000,0,3920,0,27,27,27,27,70,70,70,70,70,70,70,70,110,22.000,22.000,24.500,24.500,0,0,0,0
282.410,13859826608897719907,0,0.000,0.000,0.000,0,3920,0,27,27,27,27,70,70,70,70,70,70,70,70,110,22.000,22.000,24.500,24.500,0,0,0,0
282.426,13859826608897719907,0,0.000,0.000,0.000,0,3920,0,27,27,27,27,70,70,70,70,70,70,70,70,110,22.000,22.000,24.500,24.500,0,0,0,0
282.441,13859826608897719907,0,0.000,0.000,0.000,0,3920,0,27,27,27,27,70,70,70,70,70,70,70,70,110,22.000,22.000,24.500,24.500,0,0,0,0
282.456,13859826608897719907,0,0.000,0.000,0.000,0,3920,0,27,27,27,27,70,70,70,70,70,70,70,70,110,22.000,22.000,24.500,24.500,0,0,0,0
282.486,13859826608897719907,0,0.000,0.000,0.000,0,3920,0,27,27,27,27,70,70,70,70,70,70,70,70,110,22.000,22.000,24.500,24.500,0,0,0,0
282.502,13859826608897719907,0,0.000,0.000,0.000,0,3920,0,27,27,27,27,70,70,70,70,70,70,70,70,110,22.000,22.000,24.500,24.500,0,0,0,0
282.517,13859826608897719907,0,0.000,0.000,0.000,0,3920,0,27,27,27,27,70,70,70,70,70,70,70,70,110,22.000,22.000,24.500,24.500,0,0,0,0
282.532,13859826608897719907,0,0.000,0.000,0.000,0,3920,0,27,27,27,27,70,70,70,70,70,70,70,70,110,22.000,22.000,24.500,24.500,0,0,0,0
282.547,13859826608897719907,0,0.000,0.000,0.000,0,3920,0,27,27,27,27,70,70,70,70,70,70,70,70,110,22.000,22.000,24.500,24.500,0,0,0,0
282.562,13859826608897719907,0,0.000,0.000,0.000,0,3920,0,27,27,27,27,70,70,70,70,70,70,70,70,110,22.000,22.000,24.500,24.500,0,0,0,0
282.577,13859826608897719907,0,0.000,0.000,0.000,0,3920,0,27,27,27,27,70,70,70,70,70,70,70,70,110,22.000,22.000,24.500,24.500,0,0,0,0
282.592,13859826608897719907,0,0.000,0.000,0.000,0,3920,0,27,27,27,27,70,70,70,70,70,70,70,70,110,22.000,22.000,24.500,24.500,0,0,0,0
282.607,13859826608897719907,0,0.000,0.000,0.000,0,3920,0,27,27,27,27,70,70,70,70,70,70,70,70,110,22.000,22.000,24.500,24.500,0,0,0,0
282.636,13859826608897719907,0,0.000,0.000,0.000,0,3920,0,27,27,27,27,70,70,70,70,70,70,70,70,110,22.000,22.000,24.500,24.500,0,0,0,0
282.651,13859826608897719907,0,0.000,0.000,0.000,0,3920,0,27,27,27,27,70,70,70,70,70,70,70,70,110,22.000,22.000,24.500,24.500,0,0,0,0
282.666,13859826608897719907,0,0.000,0.000,0.000,0,3920,0,27,27,27,27,70,70,70,70,70,70,70,70,110,22.000,22.000,24.500,24.500,0,0,0,0
282.681,13859826608897719907,0,0.000,0.000,0.000,0,3920,0,27,27,27,27,70,70,70,70,70,70,70,70,110,22.000,22.000,24.500,24.500,0,0,0,0
282.695,13859826608897719907,0,0.000,0.000,0.000,0,3920,0,27,27,27,27,70,70,70,70,70,70,70,70,110,22.000,22.000,24.500,24.500,0,0,0,0
282.710,13859826608897719907,0,0.000,0.000,0.000,0,3920,0,27,27,27,27,70,70,70,70,70,70,70,70,110,22.000,22.000,24.500,24.500,0,0,0,0
282.725,13859826608897719907,0,0.000,0.000,0.000,0,3920,0,27,27,27,27,70,70,70,70,70,70,70,70,110,22.000,22.000,24.500,24.500,0,0,0,0
282.740,13859826608897719907,0,0.000,0.000,0.000,0,3920,0,27,27,27,27,70,70,70,70,70,70,70,70,110,22.000,22.000,24.500,24.500,0,0,0,0
282.755,13859826608897719907,0,0.000,0.000,0.000,0,3920,0,27,27,27,27,70,70,70,70,70,70,70,70,110,22.000,22.000,24.500,24.500,0,0,0,0
282.784,13859826608897719907,0,0.000,0.000,0.000,0,3920,0,27,27,27,27,70,70,70,70,70,70,70,70,110,22.000,22.000,24.500,24.500,0,0,0,0
282.799,13859826608897719907,0,0.000,0.000,0.000,0,3920,0,27,27,27,27,70,70,70,70,70,70,70,70,110,22.000,22.000,24.500,24.500,0,0,0,0
282.814,13859826608897719907,0,0.000,0.000,0.000,0,3920,0,27,27,27,27,70,70,70,70,70,70,70,70,110,22.000,22.000,24.500,24.500,0,0,0,0
282.829,13859826608897719907,0,0.000,0.000,0.000,0,3920,0,27,27,27,27,70,70,70,70,70,70,70,70,110,22.000,22.000,24.500,24.500,0,0,0,0
282.843,13859826608897719907,0,0.000,0.000,0.000,0,3920,0,27,27,27,27,70,70,70,70,70,70,70,70,110,22.000,22.000,24.500,24.500,0,0,0,0
282.858,13859826608897719907,0,0.000,0.000,0.000,0,3920,0,27,27,27,27,70,70,70,70,70,70,70,70,110,22.000,22.000,24.500,24.500,0,0,0,0
282.888,13859826608897719907,0,0.000,0.000,0.000,0,3920,0,27,27,27,27,70,70,70,70,70,70,70,70,110,22.000,22.000,24.500,24.500,0,0,0,0
282.902,13859826608897719907,0,0.000,0.000,0.000,0,3920,0,27,27,27,27,70,70,70,70,70,70,70,70,110,22.000,22.000,24.500,24.500,0,0,0,0
282.917,13859826608897719907,0,0.000,0.000,0.000,0,3920,0,27,27,27,27,70,70,70,70,70,70,70,70,110,22.000,22.000,24.500,24.500,0,0,0,0
282.932,13859826608897719907,0,0.000,0.000,0.000,0,3920,0,27,27,27,27,70,70,70,70,70,70,70,70,110,22.000,22.000,24.500,24.500,0,0,0,0
282.947,13859826608897719907,0,0.000,0.000,0.000,0,3920,0,27,27,27,27,70,70,70,70,70,70,70,70,110,22.000,22.000,24.500,24.500,0,0,0,0
282.961,13859826608897719907,0,0.000,0.000,0.000,0,3920,0,27,27,27,27,70,70,70,70,70,70,70,70,110,22.000,22.000,24.500,24.500,0,0,0,0
282.976,13859826608897719907,0,0.000,0.000,0.000,0,3920,0,27,27,27,27,70,70,70,70,70,70,70,70,110,22.000,22.000,24.500,24.500,0,0,0,0
282.991,13859826608897719907,0,0.000,0.000,0.000,0,3920,0,27,27,27,27,70,70,70,70,70,70,70,70,110,22.000,22.000,24.500,24.500,0,0,0,0
283.006,13859826608897719907,0,0.000,0.000,0.000,0,3920,0,27,27,27,27,70,70,70,70,70,70,70,70,110,22.000,22.000,24.500,24.500,0,0,0,0
283.035,13859826608897719907,0,0.000,0.000,0.000,0,3920,0,27,27,27,27,70,70,70,70,70,70,70,70,110,22.000,22.000,24.500,24.500,0,0,0,0
283.050,13859826608897719907,0,0.000,0.000,0.000,0,3920,0,27,27,27,27,70,70,70,70,70,70,70,70,110,22.000,22.000,24.500,24.500,0,0,0,0
283.064,13859826608897719907,0,0.000,0.000,0.000,0,3920,0,27,27,27,27,70,70,70,70,70,70,70,70,110,22.000,22.000,24.500,24.500,0,0,0,0
283.079,13859826608897719907,0,0.000,0.000,0.000,0,3920,0,27,27,27,27,70,70,70,70,70,70,70,70,110,22.000,22.000,24.500,24.500,0,0,0,0
283.093,13859826608897719907,0,0.000,0.000,0.000,0,3920,0,27,27,27,27,70,70,70,70,70,70,70,70,110,22.000,22.000,24.500,24.500,0,0,0,0
283.108,13859826608897719907,0,0.000,0.000,0.000,0,3920,0,27,27,27,27,70,70,70,70,70,70,70,70,110,22.000,22.000,24.500,24.500,0,0,0,0
283.137,13859826608897719907,0,0.000,0.000,0.000,0,3920,0,27,27,27,27,70,70,70,70,70,70,70,70,110,22.000,22.000,24.500,24.500,0,0,0,0
283.152,13859826608897719907,0,0.000,0.000,0.000,0,3920,0,27,27,27,27,70,70,70,70,70,70,70,70,110,22.000,22.000,24.500,24.500,0,0,0,0
283.167,13859826608897719907,0,0.000,0.000,0.000,0,3920,0,27,27,27,27,70,70,70,70,70,70,70,70,110,22.000,22.000,24.500,24.500,0,0,0,0
283.181,13859826608897719907,0,0.000,0.000,0.000,0,3920,0,27,27,27,27,70,70,70,70,70,70,70,70,110,22.000,22.000,24.500,24.500,0,0,0,0
283.196,13859826608897719907,0,0.000,0.000,0.000,0,3920,0,27,27,27,27,70,70,70,70,70,70,70,70,110,22.000,22.000,24.500,24.500,0,0,0,0
283.211,13859826608897719907,0,0.000,0.000,0.000,0,3920,0,27,27,27,27,70,70,70,70,70,70,70,70,110,22.000,22.000,24.500,24.500,0,0,0,0
283.226,13859826608897719907,0,0.000,0.000,0.000,0,3920,0,27,27,27,27,70,70,70,70,70,70,70,70,110,22.000,22.000,24.500,24.500,0,0,0,0
283.255,13859826608897719907,0,0.000,0.000,0.000,0,3920,0,27,27,27,27,70,70,70,70,70,70,70,70,110,22.000,22.000,24.500,24.500,0,0,0,0
283.270,13859826608897719907,0,0.000,0.000,0.000,0,3920,0,27,27,27,27,70,70,70,70,70,70,70,70,110,22.000,22.000,24.500,24.500,0,0,0,0
283.284,13859826608897719907,0,0.000,0.000,0.000,0,3920,0,27,27,27,27,70,70,70,70,70,70,70,70,110,22.000,22.000,24.500,24.500,0,0,0,0
283.299,13859826608897719907,0,0.000,0.000,0.000,0,3920,0,27,27,27,27,70,70,70,70,70,70,70,70,110,22.000,22.000,24.500,24.500,0,0,0,0
283.314,13859826608897719907,0,0.000,0.000,0.000,0,3920,0,27,27,27,27,70,70,70,70,70,70,70,70,110,22.000,22.000,24.500,24.500,0,0,0,0
283.329,13859826608897719907,0,0.000,0.000,0.000,0,3920,0,27,27,27,27,70,70,70,70,70,70,70,70,110,22.000,22.000,24.500,24.500,0,0,0,0
283.343,13859826608897719907,0,0.000,0.000,0.000,0,3920,0,27,27,27,27,70,70,70,70,70,70,70,70,110,22.000,22.000,24.500,24.500,0,0,0,0
283.358,13859826608897719907,0,0.000,0.000,0.000,0,3920,0,27,27,27,27,70,70,70,70,70,70,70,70,110,22.000,22.000,24.500,24.500,0,0,0,0
283.373,13859826608897719907,0,0.000,0.000,0.000,0,3920,0,27,27,27,27,70,70,70,70,70,70,70,70,110,22.000,22.000,24.500,24.500,0,0,0,0
283.403,13859826608897719907,0,0.000,0.000,0.000,0,3920,0,27,27,27,27,70,70,70,70,70,70,70,70,110,22.000,22.000,24.500,24.500,0,0,0,0
283.418,13859826608897719907,0,0.000,0.000,0.000,0,3920,0,27,27,27,27,70,70,70,70,70,70,70,70,110,22.000,22.000,24.500,24.500,0,0,0,0
283.432,13859826608897719907,0,0.000,0.000,0.000,0,3920,0,27,27,27,27,70,70,70,70,70,70,70,70,110,22.000,22.000,24.500,24.500,0,0,0,0
283.447,13859826608897719907,0,0.000,0.000,0.000,0,3920,0,27,27,27,27,70,70,70,70,70,70,70,70,110,22.000,22.000,24.500,24.500,0,0,0,0
283.462,13859826608897719907,0,0.000,0.000,0.000,0,3920,0,27,27,27,27,70,70,70,70,70,70,70,70,110,22.000,22.000,24.500,24.500,0,0,0,0
283.477,13859826608897719907,0,0.000,0.000,0.000,0,3920,0,27,27,27,27,70,70,70,70,70,70,70,70,110,22.000,22.000,24.500,24.500,0,0,0,0
283.492,13859826608897719907,0,0.000,0.000,0.000,0,3920,0,27,27,27,27,70,70,70,70,70,70,70,70,110,22.000,22.000,24.500,24.500,0,0,0,0
283.521,13859826608897719907,0,0.000,0.000,0.000,0,3920,0,27,27,27,27,70,70,70,70,70,70,70,70,110,22.000,22.000,24.500,24.500,0,0,0,0
283.536,13859826608897719907,0,0.000,0.000,0.000,0,3920,0,27,27,27,27,70,70,70,70,70,70,70,70,110,22.000,22.000,24.500,24.500,0,0,0,0
283.551,13859826608897719907,0,0.000,0.000,0.000,0,3920,0,27,27,27,27,70,70,70,70,70,70,70,70,110,22.000,22.000,24.500,24.500,0,0,0,0
283.565,13859826608897719907,0,0.000,0.000,0.000,0,3920,0,27,27,27,27,70,70,70,70,70,70,70,70,110,22.000,22.000,24.500,24.500,0,0,0,0
283.580,13859826608897719907,0,0.000,0.000,0.000,0,3920,0,27,27,27,27,70,70,70,70,70,70,70,70,110,22.000,22.000,24.500,24.500,0,0,0,0
283.594,13859826608897719907,0,0.000,0.000,0.000,0,3920,0,27,27,27,27,70,70,70,70,70,70,70,70,110,22.000,22.000,24.500,24.500,0,0,0,0
283.609,13859826608897719907,0,0.000,0.000,0.000,0,3920,0,27,27,27,27,70,70,70,70,70,70,70,70,110,22.000,22.000,24.500,24.500,0,0,0,0
283.638,13859826608897719907,0,0.000,0.000,0.000,0,3920,0,27,27,27,27,70,70,70,70,70,70,70,70,110,22.000,22.000,24.500,24.500,0,0,0,0
283.653,13859826608897719907,0,0.000,0.000,0.000,0,3920,0,27,27,27,27,70,70,70,70,70,70,70,70,110,22.000,22.000,24.500,24.500,0,0,0,0
283.668,13859826608897719907,0,0.000,0.000,0.000,0,3920,0,27,27,27,27,70,70,70,70,70,70,70,70,110,22.000,22.000,24.500,24.500,0,0,0,0
283.683,13859826608897719907,0,0.000,0.000,0.000,0,3920,0,27,27,27,27,70,70,70,70,70,70,70,70,110,22.000,22.000,24.500,24.500,0,0,0,0
283.698,13859826608897719907,0,0.000,0.000,0.000,0,3920,0,27,27,27,27,70,70,70,70,70,70,70,70,110,22.000,22.000,24.500,24.500,0,0,0,0
283.713,13859826608897719907,0,0.000,0.000,0.000,0,3920,0,27,27,27,27,70,70,70,70,70,70,70,70,110,22.000,22.000,24.500,24.500,0,0,0,0
283.728,13859826608897719907,0,0.000,0.000,0.000,0,3920,0,27,27,27,27,70,70,70,70,70,70,70,70,110,22.000,22.000,24.500,24.500,0,0,0,0
283.742,13859826608897719907,0,0.000,0.000,0.000,0,3920,0,27,27,27,27,70,70,70,70,70,70,70,70,110,22.000,22.000,24.500,24.500,0,0,0,0
283.772,13859826608897719907,0,0.000,0.000,0.000,0,3920,0,27,27,27,27,70,70,70,70,70,70,70,70,110,22.000,22.000,24.500,24.500,0,0,0,0
283.786,13859826608897719907,0,0.000,0.000,0.000,0,3920,0,27,27,27,27,70,70,70,70,70,70,70,70,110,22.000,22.000,24.500,24.500,0,0,0,0
283.801,13859826608897719907,0,0.000,0.000,0.000,0,3920,0,27,27,27,27,70,70,70,70,70,70,70,70,110,22.000,22.000,24.500,24.500,0,0,0,0
283.815,13859826608897719907,0,0.000,0.000,0.000,0,3920,0,27,27,27,27,70,70,70,70,70,70,70,70,110,22.000,22.000,24.500,24.500,0,0,0,0
283.830,13859826608897719907,0,0.000,0.000,0.000,0,3920,0,27,27,27,27,70,70,70,70,70,70,70,70,110,22.000,22.000,24.500,24.500,0,0,0,0
283.845,13859826608897719907,0,0.000,0.000,0.000,0,3920,0,27,27,27,27,70,70,70,70,70,70,70,70,110,22.000,22.000,24.500,24.500,0,0,0,0
283.859,13859826608897719907,0,0.000,0.000,0.000,0,3920,0,27,27,27,27,70,70,70,70,70,70,70,70,110,22.000,22.000,24.500,24.500,0,0,0,0
283.874,13859826608897719907,0,0.000,0.000,0.000,0,3920,0,27,27,27,27,70,70,70,70,70,70,70,70,110,22.000,22.000,24.500,24.500,0,0,0,0
283.904,13859826608897719907,0,0.000,0.000,0.000,0,3920,0,27,27,27,27,70,70,70,70,70,70,70,70,110,22.000,22.000,24.500,24.500,0,0,0,0
283.918,13859826608897719907,0,0.000,0.000,0.000,0,3920,0,27,27,27,27,70,70,70,70,70,70,70,70,110,22.000,22.000,24.500,24.500,0,0,0,0
283.933,13859826608897719907,0,0.000,0.000,0.000,0,3920,0,27,27,27,27,70,70,70,70,70,70,70,70,110,22.000,22.000,24.500,24.500,0,0,0,0
283.948,13859826608897719907,0,0.000,0.000,0.000,0,3920,0,27,27,27,27,70,70,70,70,70,70,70,70,110,22.000,22.000,24.500,24.500,0,0,0,0
283.963,13859826608897719907,0,0.000,0.000,0.000,0,3920,0,27,27,27,27,70,70,70,70,70,70,70,70,110,22.000,22.000,24.500,24.500,0,0,0,0
283.977,13859826608897719907,0,0.000,0.000,0.000,0,3920,0,27,27,27,27,70,70,70,70,70,70,70,70,110,22.000,22.000,24.500,24.500,0,0,0,0
283.992,13859826608897719907,0,0.000,0.000,0.000,0,3920,0,27,27,27,27,70,70,70,70,70,70,70,70,110,22.000,22.000,24.500,24.500,0,0,0,0
284.007,13859826608897719907,0,0.000,0.000,0.000,0,3920,0,27,27,27,27,70,70,70,70,70,70,70,70,110,22.000,22.000,24.500,24.500,0,0,0,0
284.036,13859826608897719907,0,0.000,0.000,0.000,0,3920,0,27,27,27,27,70,70,70,70,70,70,70,70,110,22.000,22.000,24.500,24.500,0,0,0,0
284.051,13859826608897719907,0,0.000,0.000,0.000,0,3920,0,27,27,27,27,70,70,70,70,70,70,70,70,110,22.000,22.000,24.500,24.500,0,0,0,0
284.066,13859826608897719907,0,0.000,0.000,0.000,0,3920,0,27,27,27,27,70,70,70,70,70,70,70,70,110,22.000,22.000,24.500,24.500,0,0,0,0
284.080,13859826608897719907,0,0.000,0.000,0.000,0,3920,0,27,27,27,27,70,70,70,70,70,70,70,70,110,22.000,22.000,24.500,24.500,0,0,0,0
284.095,13859826608897719907,0,0.000,0.000,0.000,0,3920,0,27,27,27,27,70,70,70,70,70,70,70,70,110,22.000,22.000,24.500,24.500,0,0,0,0
284.110,13859826608897719907,0,0.000,0.000,0.000,0,3920,0,27,27,27,27,70,70,70,70,70,70,70,70,110,22.000,22.000,24.500,24.500,0,0,0,0
284.125,13859826608897719907,0,0.000,0.000,0.000,0,3920,0,27,27,27,27,70,70,70,70,70,70,70,70,110,22.000,22.000,24.500,24.500,0,0,0,0
284.140,13859826608897719907,0,0.000,0.000,0.000,0,3920,0,27,27,27,27,70,70,70,70,70,70,70,70,110,22.000,22.000,24.500,24.500,0,0,0,0
284.169,13859826608897719907,0,0.000,0.000,0.000,0,3920,0,27,27,27,27,70,70,70,70,70,70,70,70,110,22.000,22.000,24.500,24.500,0,0,0,0
284.184,13859826608897719907,0,0.000,0.000,0.000,0,3920,0,27,27,27,27,70,70,70,70,70,70,70,70,110,22.000,22.000,24.500,24.500,0,0,0,0
284.198,13859826608897719907,0,0.000,0.000,0.000,0,3920,0,27,27,27,27,70,70,70,70,70,70,70,70,110,22.000,22.000,24.500,24.500,0,0,0,0
284.213,13859826608897719907,0,0.000,0.000,0.000,0,3920,0,27,27,27,27,70,70,70,70,70,70,70,70,110,22.000,22.000,24.500,24.500,0,0,0,0
284.227,13859826608897719907,0,0.000,0.000,0.000,0,3920,0,27,27,27,27,70,70,70,70,70,70,70,70,110,22.000,22.000,24.500,24.500,0,0,0,0
284.242,13859826608897719907,0,0.000,0.000,0.000,0,3920,0,27,27,27,27,70,70,70,70,70,70,70,70,110,22.000,22.000,24.500,24.500,0,0,0,0
284.271,13859826608897719907,0,0.000,0.000,0.000,0,3920,0,27,27,27,27,70,70,70,70,70,70,70,70,110,22.000,22.000,24.500,24.500,0,0,0,0
284.285,13859826608897719907,0,0.000,0.000,0.000,0,3920,0,27,27,27,27,70,70,70,70,70,70,70,70,110,22.000,22.000,24.500,24.500,0,0,0,0
284.300,13859826608897719907,0,0.000,0.000,0.000,0,3920,0,27,27,27,27,70,70,70,70,70,70,70,70,110,22.000,22.000,24.500,24.500,0,0,0,0
284.314,13859826608897719907,0,0.000,0.000,0.000,0,3920,0,27,27,27,27,70,70,70,70,70,70,70,70,110,22.000,22.000,24.500,24.500,0,0,0,0
284.329,13859826608897719907,0,0.000,0.000,0.000,0,3920,0,27,27,27,27,70,70,70,70,70,70,70,70,110,22.000,22.000,24.500,24.500,0,0,0,0
284.343,13859826608897719907,0,0.000,0.000,0.000,0,3920,0,27,27,27,27,70,70,70,70,70,70,70,70,110,22.000,22.000,24.500,24.500,0,0,0,0
284.371,13859826608897719907,0,0.000,0.000,0.000,0,3920,0,27,27,27,27,70,70,70,70,70,70,70,70,110,22.000,22.000,24.500,24.500,0,0,0,0
284.386,13859826608897719907,0,0.000,0.000,0.000,0,3920,0,27,27,27,27,70,70,70,70,70,70,70,70,110,22.000,22.000,24.500,24.500,0,0,0,0
284.400,13859826608897719907,0,0.000,0.000,0.000,0,3920,0,27,27,27,27,70,70,70,70,70,70,70,70,110,22.000,22.000,24.500,24.500,0,0,0,0
284.414,13859826608897719907,0,0.000,0.000,0.000,0,3920,0,27,27,27,27,70,70,70,70,70,70,70,70,110,22.000,22.000,24.500,24.500,0,0,0,0
284.428,13859826608897719907,0,0.000,0.000,0.000,0,3920,0,27,27,27,27,70,70,70,70,70,70,70,70,110,22.000,22.000,24.500,24.500,0,0,0,0
284.442,13859826608897719907,0,0.000,0.000,0.000,0,3920,0,27,27,27,27,70,70,70,70,70,70,70,70,110,22.000,22.000,24.500,24.500,0,0,0,0
284.470,13859826608897719907,0,0.000,0.000,0.000,0,3920,0,27,27,27,27,70,70,70,70,70,70,70,70,110,22.000,22.000,24.500,24.500,0,0,0,0
284.483,13859826608897719907,0,0.000,0.000,0.000,0,3920,0,27,27,27,27,70,70,70,70,70,70,70,70,110,22.000,22.000,24.500,24.500,0,0,0,0
284.497,13859826608897719907,0,0.000,0.000,0.000,0,3920,0,27,27,27,27,70,70,70,70,70,70,70,70,110,22.000,22.000,24.500,24.500,0,0,0,0
284.511,13859826608897719907,0,0.000,0.000,0.000,0,3920,0,27,27,27,27,70,70,70,70,70,70,70,70,110,22.000,22.000,24.500,24.500,0,0,0,0
284.525,13859826608897719907,0,0.000,0.000,0.000,0,3920,0,27,27,27,27,70,70,70,70,70,70,70,70,110,22.000,22.000,24.500,24.500,0,0,0,0
284.552,13859826608897719907,0,0.000,0.000,0.000,0,3920,0,27,27,27,27,70,70,70,70,70,70,70,70,110,22.000,22.000,24.500,24.500,0,0,0,0
284.566,13859826608897719907,0,0.000,0.000,0.000,0,3920,0,27,27,27,27,70,70,70,70,70,70,70,70,110,22.000,22.000,24.500,24.500,0,0,0,0
284.580,13859826608897719907,0,0.000,0.000,0.000,0,3920,0,27,27,27,27,70,70,70,70,70,70,70,70,110,22.000,22.000,24.500,24.500,0,0,0,0
284.594,13859826608897719907,0,0.000,0.000,0.000,0,3920,0,27,27,27,27,70,70,70,70,70,70,70,70,110,22.000,22.000,24.500,24.500,0,0,0,0
284.621,13859826608897719907,0,0.000,0.000,0.000,0,3920,0,27,27,27,27,70,70,70,70,70,70,70,70,110,22.000,22.000,24.500,24.500,0,0,0,0
284.635,13859826608897719907,0,0.000,0.000,0.000,0,3920,0,27,27,27,27,70,70,70,70,70,70,70,70,110,22.000,22.000,24.500,24.500,0,0,0,0
284.648,13859826608897719907,0,0.000,0.000,0.000,0,3920,0,27,27,27,27,70,70,70,70,70,70,70,70,110,22.000,22.000,24.500,24.500,0,0,0,0
284.674,13859826608897719907,0,0.000,0.000,0.000,0,3920,0,27,27,27,27,70,70,70,70,70,70,70,70,110,22.000,22.000,24.500,24.500,0,0,0,0
284.687,13859826608897719907,0,0.000,0.000,0.000,0,3920,0,27,27,27,27,70,70,70,70,70,70,70,70,110,22.000,22.000,24.500,24.500,0,0,0,0
284.700,13859826608897719907,0,0.000,0.000,0.000,0,3920,0,27,27,27,27,70,70,70,70,70,70,70,70,110,22.000,22.000,24.500,24.500,0,0,0,0
284.726,13859826608897719907,0,0.000,0.000,0.000,0,3920,0,27,27,27,27,70,70,70,70,70,70,70,70,110,22.000,22.000,24.500,24.500,0,0,0,0
284.738,13859826608897719907,0,0.000,0.000,0.000,0,3920,0,27,27,27,27,70,70,70,70,70,70,70,70,110,22.000,22.000,24.500,24.500,0,0,0,0
284.751,13859826608897719907,0,0.000,0.000,0.000,0,3920,0,27,27,27,27,70,70,70,70,70,70,70,70,110,22.000,22.000,24.500,24.500,0,0,0,0
284.764,13859826608897719907,0,0.000,0.000,0.000,0,3920,0,27,27,27,27,70,70,70,70,70,70,70,70,110,22.000,22.000,24.500,24.500,0,0,0,0
284.777,13859826608897719907,0,0.000,0.000,0.000,0,3920,0,27,27,27,27,70,70,70,70,70,70,70,70,110,22.000,22.000,24.500,24.500,0,0,0,0
284.804,13859826608897719907,0,0.000,0.000,0.000,0,3920,0,27,27,27,27,70,70,70,70,70,70,70,70,110,22.000,22.000,24.500,24.500,0,0,0,0
284.818,13859826608897719907,0,0.000,0.000,0.000,0,3920,0,27,27,27,27,70,70,70,70,70,70,70,70,110,22.000,22.000,24.500,24.500,0,0,0,0
284.832,13859826608897719907,0,0.000,0.000,0.000,0,3920,0,27,27,27,27,70,70,70,70,70,70,70,70,110,22.000,22.000,24.500,24.500,0,0,0,0
284.846,13859826608897719907,0,0.000,0.000,0.000,0,3920,0,27,27,27,27,70,70,70,70,70,70,70,70,110,22.000,22.000,24.500,24.500,0,0,0,0
284.861,13859826608897719907,0,0.000,0.000,0.000,0,3920,0,27,27,27,27,70,70,70,70,70,70,70,70,110,22.000,22.000,24.500,24.500,0,0,0,0
284.876,13859826608897719907,0,0.000,0.000,0.000,0,3920,0,27,27,27,27,70,70,70,70,70,70,70,70,110,22.000,22.000,24.500,24.500,0,0,0,0
284.891,13859826608897719907,0,0.000,0.000,0.000,0,3920,0,27,27,27,27,70,70,70,70,70,70,70,70,110,22.000,22.000,24.500,24.500,0,0,0,0
284.906,13859826608897719907,0,0.000,0.000,0.000,0,3920,0,27,27,27,27,70,70,70,70,70,70,70,70,110,22.000,22.000,24.500,24.500,0,0,0,0
284.922,13859826608897719907,0,0.000,0.000,0.000,0,3920,0,27,27,27,27,70,70,70,70,70,70,70,70,110,22.000,22.000,24.500,24.500,0,0,0,0
284.953,13859826608897719907,0,0.000,0.000,0.000,0,3920,0,27,27,27,27,70,70,70,70,70,70,70,70,110,22.000,22.000,24.500,24.500,0,0,0,0
284.968,13859826608897719907,0,0.000,0.000,0.000,0,3920,0,27,27,27,27,70,70,70,70,70,70,70,70,110,22.000,22.000,24.500,24.500,0,0,0,0
284.984,13859826608897719907,0,0.000,0.000,0.000,0,3920,0,27,27,27,27,70,70,70,70,70,70,70,70,110,22.000,22.000,24.500,24.500,0,0,0,0
284.999,13859826608897719907,0,0.000,0.000,0.000,0,3920,0,27,27,27,27,70,70,70,70,70,70,70,70,110,22.000,22.000,24.500,24.500,0,0,0,0
285.015,13859826608897719907,0,0.000,0.000,0.000,0,3920,0,27,27,27,27,70,70,70,70,70,70,70,70,110,22.000,22.000,24.500,24.500,0,0,0,0
285.030,13859826608897719907,0,0.000,0.000,0.000,0,3920,0,27,27,27,27,70,70,70,70,70,70,70,70,110,22.000,22.000,24.500,24.500,0,0,0,0
285.045,13859826608897719907,0,0.000,0.000,0.000,0,3920,0,27,27,27,27,70,70,70,70,70,70,70,70,110,22.000,22.000,24.500,24.500,0,0,0,0
285.060,13859826608897719907,0,0.000,0.000,0.000,0,3920,0,27,27,27,27,70,70,70,70,70,70,70,70,110,22.000,22.000,24.500,24.500,0,0,0,0
285.075,13859826608897719907,0,0.000,0.000,0.000,0,3920,0,27,27,27,27,70,70,70,70,70,70,70,70,110,22.000,22.000,24.500,24.500,0,0,0,0
285.091,13859826608897719907,0,0.000,0.000,0.000,0,3920,0,27,27,27,27,70,70,70,70,70,70,70,70,110,22.000,22.000,24.500,24.500,0,0,0,0
285.120,13859826608897719907,0,0.000,0.000,0.000,0,3920,0,27,27,27,27,70,70,70,70,70,70,70,70,110,22.000,22.000,24.500,24.500,0,0,0,0
285.135,13859826608897719907,0,0.000,0.000,0.000,0,3920,0,27,27,27,27,70,70,70,70,70,70,70,70,110,22.000,22.000,24.500,24.500,0,0,0,0
285.150,13859826608897719907,0,0.000,0.000,0.000,0,3920,0,27,27,27,27,70,70,70,70,70,70,70,70,110,22.000,22.000,24.500,24.500,0,0,0,0
285.165,13859826608897719907,0,0.000,0.000,0.000,0,3920,0,27,27,27,27,70,70,70,70,70,70,70,70,110,22.000,22.000,24.500,24.500,0,0,0,0
285.180,13859826608897719907,0,0.000,0.000,0.000,0,3920,0,27,27,27,27,70,70,70,70,70,70,70,70,110,22.000,22.000,24.500,24.500,0,0,0,0
285.195,13859826608897719907,0,0.000,0.000,0.000,0,3920,0,27,27,27,27,70,70,70,70,70,70,70,70,110,22.000,22.000,24.500,24.500,0,0,0,0
285.211,13859826608897719907,0,0.000,0.000,0.000,0,3920,0,27,27,27,27,70,70,70,70,70,70,70,70,110,22.000,22.000,24.500,24.500,0,0,0,0
285.226,13859826608897719907,0,0.000,0.000,0.000,0,3920,0,27,27,27,27,70,70,70,70,70,70,70,70,110,22.000,22.000,24.500,24.500,0,0,0,0
285.241,13859826608897719907,0,0.000,0.000,0.000,0,3920,0,27,27,27,27,70,70,70,70,70,70,70,70,110,22.000,22.000,24.500,24.500,0,0,0,0
285.271,13859826608897719907,0,0.000,0.000,0.000,0,3920,0,27,27,27,27,70,70,70,70,70,70,70,70,110,22.000,22.000,24.500,24.500,0,0,0,0
285.286,13859826608897719907,0,0.000,0.000,0.000,0,3920,0,27,27,27,27,70,70,70,70,70,70,70,70,110,22.000,22.000,24.500,24.500,0,0,0,0
285.301,13859826608897719907,0,0.000,0.000,0.000,0,3920,0,27,27,27,27,70,70,70,70,70,70,70,70,110,22.000,22.000,24.500,24.500,0,0,0,0
285.316,13859826608897719907,0,0.000,0.000,0.000,0,3920,0,27,27,27,27,70,70,70,70,70,70,70,70,110,22.000,22.000,24.500,24.500,0,0,0,0
285.331,13859826608897719907,0,0.000,0.000,0.000,0,3920,0,27,27,27,27,70,70,70,70,70,70,70,70,110,22.000,22.000,24.500,24.500,0,0,0,0
285.346,13859826608897719907,0,0.000,0.000,0.000,0,3920,0,27,27,27,27,70,70,70,70,70,70,70,70,110,22.000,22.000,24.500,24.500,0,0,0,0
285.361,13859826608897719907,0,0.000,0.000,0.000,0,3920,0,27,27,27,27,70,70,70,70,70,70,70,70,110,22.000,22.000,24.500,24.500,0,0,0,0
285.376,13859826608897719907,0,0.000,0.000,0.000,0,3920,0,27,27,27,27,70,70,70,70,70,70,70,70,110,22.000,22.000,24.500,24.500,0,0,0,0
285.392,13859826608897719907,0,0.000,0.000,0.000,0,3920,0,27,27,27,27,70,70,70,70,70,70,70,70,110,22.000,22.000,24.500,24.500,0,0,0,0
285.407,13859826608897719907,0,0.000,0.000,0.000,0,3920,0,27,27,27,27,70,70,70,70,70,70,70,70,110,22.000,22.000,24.500,24.500,0,0,0,0
285.438,13859826608897719907,0,0.000,0.000,0.000,0,3920,0,27,27,27,27,70,70,70,70,70,70,70,70,110,22.000,22.000,24.500,24.500,0,0,0,0
285.453,13859826608897719907,0,0.000,0.000,0.000,0,3920,0,27,27,27,27,70,70,70,70,70,70,70,70,110,22.000,22.000,24.500,24.500,0,0,0,0
285.468,13859826608897719907,0,0.000,0.000,0.000,0,3920,0,27,27,27,27,70,70,70,70,70,70,70,70,110,22.000,22.000,24.500,24.500,0,0,0,0
285.483,13859826608897719907,0,0.000,0.000,0.000,0,3920,0,27,27,27,27,70,70,70,70,70,70,70,70,110,22.000,22.000,24.500,24.500,0,0,0,0
285.498,13859826608897719907,0,0.000,0.000,0.000,0,3920,0,27,27,27,27,70,70,70,70,70,70,70,70,110,22.000,22.000,24.500,24.500,0,0,0,0
285.513,13859826608897719907,0,0.000,0.000,0.000,0,3920,0,27,27,27,27,70,70,70,70,70,70,70,70,110,22.000,22.000,24.500,24.500,0,0,0,0
285.528,13859826608897719907,0,0.000,0.000,0.000,0,3920,0,27,27,27,27,70,70,70,70,70,70,70,70,110,22.000,22.000,24.500,24.500,0,0,0,0
285.543,13859826608897719907,0,0.000,0.000,0.000,0,3920,0,27,27,27,27,70,70,70,70,70,70,70,70,110,22.000,22.000,24.500,24.500,0,0,0,0
285.558,13859826608897719907,0,0.000,0.000,0.000,0,3920,0,27,27,27,27,70,70,70,70,70,70,70,70,110,22.000,22.000,24.500,24.500,0,0,0,0
285.588,13859826608897719907,0,0.000,0.000,0.000,0,3920,0,27,27,27,27,70,70,70,70,70,70,70,70,110,22.000,22.000,24.500,24.500,0,0,0,0
285.603,13859826608897719907,0,0.000,0.000,0.000,0,3920,0,27,27,27,27,70,70,70,70,70,70,70,70,110,22.000,22.000,24.500,24.500,0,0,0,0
285.618,13859826608897719907,0,0.000,0.000,0.000,0,3920,0,27,27,27,27,70,70,70,70,70,70,70,70,110,22.000,22.000,24.500,24.500,0,0,0,0
285.633,13859826608897719907,0,0.000,0.000,0.000,0,3920,0,27,27,27,27,70,70,70,70,70,70,70,70,110,22.000,22.000,24.500,24.500,0,0,0,0
285.648,13859826608897719907,0,0.000,0.000,0.000,0,3920,0,27,27,27,27,70,70,70,70,70,70,70,70,110,22.000,22.000,24.500,24.500,0,0,0,0
285.663,13859826608897719907,0,0.000,0.000,0.000,0,3920,0,27,27,27,27,70,70,70,70,70,70,70,70,110,22.000,22.000,24.500,24.500,0,0,0,0
285.678,13859826608897719907,0,0.000,0.000,0.000,0,3920,0,27,27,27,27,70,70,70,70,70,70,70,70,110,22.000,22.000,24.500,24.500,0,0,0,0
285.693,13859826608897719907,0,0.000,0.000,0.000,0,3920,0,27,27,27,27,70,70,70,70,70,70,70,70,110,22.000,22.000,24.500,24.500,0,0,0,0
285.709,13859826608897719907,0,0.000,0.000,0.000,0,3920,0,27,27,27,27,70,70,70,70,70,70,70,70,110,22.000,22.000,24.500,24.500,0,0,0,0
285.724,13859826608897719907,0,0.000,0.000,0.000,0,3920,0,27,27,27,27,70,70,70,70,70,70,70,70,110,22.000,22.000,24.500,24.500,0,0,0,0
285.740,13859826608897719907,0,0.000,0.000,0.000,0,3920,0,27,27,27,27,70,70,70,70,70,70,70,70,110,22.000,22.000,24.500,24.500,0,0,0,0
285.756,13859826608897719907,0,0.000,0.000,0.000,0,3920,0,27,27,27,27,70,70,70,70,70,70,70,70,110,22.000,22.000,24.500,24.500,0,0,0,0
285.772,13859826608897719907,0,0.000,0.000,0.000,0,3920,0,27,27,27,27,70,70,70,70,70,70,70,70,110,22.000,22.000,24.500,24.500,0,0,0,0
285.788,13859826608897719907,0,0.000,0.000,0.000,0,3920,0,27,27,27,27,70,70,70,70,70,70,70,70,110,22.000,22.000,24.500,24.500,0,0,0,0
285.804,13859826608897719907,0,0.000,0.000,0.000,0,3920,0,27,27,27,27,70,70,70,70,70,70,70,70,110,22.000,22.000,24.500,24.500,0,0,0,0
285.835,13859826608897719907,0,0.000,0.000,0.000,0,3920,0,27,27,27,27,70,70,70,70,70,70,70,70,110,22.000,22.000,24.500,24.500,0,0,0,0
285.851,13859826608897719907,0,0.000,0.000,0.000,0,3920,0,27,27,27,27,70,70,70,70,70,70,70,70,110,22.000,22.000,24.500,24.500,0,0,0,0
285.866,13859826608897719907,0,0.000,0.000,0.000,0,3920,0,27,27,27,27,70,70,70,70,70,70,70,70,110,22.000,22.000,24.500,24.500,0,0,0,0
285.881,13859826608897719907,0,0.000,0.000,0.000,0,3920,0,27,27,27,27,70,70,70,70,70,70,70,70,110,22.000,22.000,24.500,24.500,0,0,0,0
285.897,13859826608897719907,0,0.000,0.000,0.000,0,3920,0,27,27,27,27,70,70,70,70,70,70,70,70,110,22.000,22.000,24.500,24.500,0,0,0,0
285.912,13859826608897719907,0,0.000,0.000,0.000,0,3920,0,27,27,27,27,70,70,70,70,70,70,70,70,110,22.000,22.000,24.500,24.500,0,0,0,0
285.927,13859826608897719907,0,0.000,0.000,0.000,0,3920,0,27,27,27,27,70,70,70,70,70,70,70,70,110,22.000,22.000,24.500,24.500,0,0,0,0
285.942,13859826608897719907,0,0.000,0.000,0.000,0,3920,0,27,27,27,27,70,70,70,70,70,70,70,70,110,22.000,22.000,24.500,24.500,0,0,0,0
285.971,13859826608897719907,0,0.000,0.000,0.000,0,3920,0,27,27,27,27,70,70,70,70,70,70,70,70,110,22.000,22.000,24.500,24.500,0,0,0,0
285.986,13859826608897719907,0,0.000,0.000,0.000,0,3920,0,27,27,27,27,70,70,70,70,70,70,70,70,110,22.000,22.000,24.500,24.500,0,0,0,0
286.001,13859826608897719907,0,0.000,0.000,0.000,0,3920,0,27,27,27,27,70,70,70,70,70,70,70,70,110,22.000,22.000,24.500,24.500,0,0,0,0
286.015,13859826608897719907,0,0.000,0.000,0.000,0,3920,0,27,27,27,27,70,70,70,70,70,70,70,70,110,22.000,22.000,24.500,24.500,0,0,0,0
286.030,13859826608897719907,0,0.000,0.000,0.000,0,3920,0,27,27,27,27,70,70,70,70,70,70,70,70,110,22.000,22.000,24.500,24.500,0,0,0,0
286.044,13859826608897719907,0,0.000,0.000,0.000,0,3920,0,27,27,27,27,70,70,70,70,70,70,70,70,110,22.000,22.000,24.500,24.500,0,0,0,0
286.059,13859826608897719907,0,0.000,0.000,0.000,0,3920,0,27,27,27,27,70,70,70,70,70,70,70,70,110,22.000,22.000,24.500,24.500,0,0,0,0
286.074,13859826608897719907,0,0.000,0.000,0.000,0,3920,0,27,27,27,27,70,70,70,70,70,70,70,70,110,22.000,22.000,24.500,24.500,0,0,0,0
286.089,13859826608897719907,0,0.000,0.000,0.000,0,3920,0,27,27,27,27,70,70,70,70,70,70,70,70,110,22.000,22.000,24.500,24.500,0,0,0,0
286.119,13859826608897719907,0,0.000,0.000,0.000,0,3920,0,27,27,27,27,70,70,70,70,70,70,70,70,110,22.000,22.000,24.500,24.500,0,0,0,0
286.133,13859826608897719907,0,0.000,0.000,0.000,0,3920,0,27,27,27,27,70,70,70,70,70,70,70,70,110,22.000,22.000,24.500,24.500,0,0,0,0
286.148,13859826608897719907,0,0.000,0.000,0.000,0,3920,0,27,27,27,27,70,70,70,70,70,70,70,70,110,22.000,22.000,24.500,24.500,0,0,0,0
286.164,13859826608897719907,0,0.000,0.000,0.000,0,3920,0,27,27,27,27,70,70,70,70,70,70,70,70,110,22.000,22.000,24.500,24.500,0,0,0,0
286.179,13859826608897719907,0,0.000,0.000,0.000,0,3920,0,27,27,27,27,70,70,70,70,70,70,70,70,110,22.000,22.000,24.500,24.500,0,0,0,0
286.194,13859826608897719907,0,0.000,0.000,0.000,0,3920,0,27,27,27,27,70,70,70,70,70,70,70,70,110,22.000,22.000,24.500,24.500,0,0,0,0
286.210,13859826608897719907,0,0.000,0.000,0.000,0,3920,0,27,27,27,27,70,70,70,70,70,70,70,70,110,22.000,22.000,24.500,24.500,0,0,0,0
286.225,13859826608897719907,0,0.000,0.000,0.000,0,3920,0,27,27,27,27,70,70,70,70,70,70,70,70,110,22.000,22.000,24.500,24.500,0,0,0,0
286.240,13859826608897719907,0,0.000,0.000,0.000,0,3920,0,27,27,27,27,70,70,70,70,70,70,70,70,110,22.000,22.000,24.500,24.500,0,0,0,0
286.270,13859826608897719907,0,0.000,0.000,0.000,0,3920,0,27,27,27,27,70,70,70,70,70,70,70,70,110,22.000,22.000,24.500,24.500,0,0,0,0
286.285,13859826608897719907,0,0.000,0.000,0.000,0,3920,0,27,27,27,27,70,70,70,70,70,70,70,70,110,22.000,22.000,24.500,24.500,0,0,0,0
286.299,13859826608897719907,0,0.000,0.000,0.000,0,3920,0,27,27,27,27,70,70,70,70,70,70,70,70,110,22.000,22.000,24.500,24.500,0,0,0,0
286.314,13859826608897719907,0,0.000,0.000,0.000,0,3920,0,27,27,27,27,70,70,70,70,70,70,70,70,110,22.000,22.000,24.500,24.500,0,0,0,0
286.328,13859826608897719907,0,0.000,0.000,0.000,0,3920,0,27,27,27,27,70,70,70,70,70,70,70,70,110,22.000,22.000,24.500,24.500,0,0,0,0
286.343,13859826608897719907,0,0.000,0.000,0.000,0,3920,0,27,27,27,27,70,70,70,70,70,70,70,70,110,22.000,22.000,24.500,24.500,0,0,0,0
286.358,13859826608897719907,0,0.000,0.000,0.000,0,3920,0,27,27,27,27,70,70,70,70,70,70,70,70,110,22.000,22.000,24.500,24.500,0,0,0,0
286.387,13859826608897719907,0,0.000,0.000,0.000,0,3920,0,27,27,27,27,70,70,70,70,70,70,70,70,110,22.000,22.000,24.500,24.500,0,0,0,0
286.401,13859826608897719907,0,0.000,0.000,0.000,0,3920,0,27,27,27,27,70,70,70,70,70,70,70,70,110,22.000,22.000,24.500,24.500,0,0,0,0
286.416,13859826608897719907,0,0.000,0.000,0.000,0,3920,0,27,27,27,27,70,70,70,70,70,70,70,70,110,22.000,22.000,24.500,24.500,0,0,0,0
286.431,13859826608897719907,0,0.000,0.000,0.000,0,3920,0,27,27,27,27,70,70,70,70,70,70,70,70,110,22.000,22.000,24.500,24.500,0,0,0,0
286.445,13859826608897719907,0,0.000,0.000,0.000,0,3920,0,27,27,27,27,70,70,70,70,70,70,70,70,110,22.000,22.000,24.500,24.500,0,0,0,0
286.460,13859826608897719907,0,0.000,0.000,0.000,0,3920,0,27,27,27,27,70,70,70,70,70,70,70,70,110,22.000,22.000,24.500,24.500,0,0,0,0
286.475,13859826608897719907,0,0.000,0.000,0.000,0,3920,0,27,27,27,27,70,70,70,70,70,70,70,70,110,22.000,22.000,24.500,24.500,0,0,0,0
286.490,13859826608897719907,0,0.000,0.000,0.000,0,3920,0,27,27,27,27,70,70,70,70,70,70,70,70,110,22.000,22.000,24.500,24.500,0,0,0,0
286.520,13859826608897719907,0,0.000,0.000,0.000,0,3920,0,27,27,27,27,70,70,70,70,70,70,70,70,110,22.000,22.000,24.500,24.500,0,0,0,0
286.535,13859826608897719907,0,0.000,0.000,0.000,0,3920,0,27,27,27,27,70,70,70,70,70,70,70,70,110,22.000,22.000,24.500,24.500,0,0,0,0
286.550,13859826608897719907,0,0.000,0.000,0.000,0,3920,0,27,27,27,27,70,70,70,70,70,70,70,70,110,22.000,22.000,24.500,24.500,0,0,0,0
286.565,13859826608897719907,0,0.000,0.000,0.000,0,3920,0,27,27,27,27,70,70,70,70,70,70,70,70,110,22.000,22.000,24.500,24.500,0,0,0,0
286.580,13859826608897719907,0,0.000,0.000,0.000,0,3920,0,27,27,27,27,70,70,70,70,70,70,70,70,110,22.000,22.000,24.500,24.500,0,0,0,0
286.595,13859826608897719907,0,0.000,0.000,0.000,0,3920,0,27,27,27,27,70,70,70,70,70,70,70,70,110,22.000,22.000,24.500,24.500,0,0,0,0
286.610,13859826608897719907,0,0.000,0.000,0.000,0,3920,0,27,27,27,27,70,70,70,70,70,70,70,70,110,22.000,22.000,24.500,24.500,0,0,0,0
286.626,13859826608897719907,0,0.000,0.000,0.000,0,3920,0,27,27,27,27,70,70,70,70,70,70,70,70,110,22.000,22.000,24.500,24.500,0,0,0,0
286.641,13859826608897719907,0,0.000,0.000,0.000,0,3920,0,27,27,27,27,70,70,70,70,70,70,70,70,110,22.000,22.000,24.500,24.500,0,0,0,0
286.656,13859826608897719907,0,0.000,0.000,0.000,0,3920,0,27,27,27,27,70,70,70,70,70,70,70,70,110,22.000,22.000,24.500,24.500,0,0,0,0
286.671,13859826608897719907,0,0.000,0.000,0.000,0,3920,0,27,27,27,27,70,70,70,70,70,70,70,70,110,22.000,22.000,24.500,24.500,0,0,0,0
286.701,13859826608897719907,0,0.000,0.000,0.000,0,3920,0,27,27,27,27,70,70,70,70,70,70,70,70,110,22.000,22.000,24.500,24.500,0,0,0,0
286.716,13859826608897719907,0,0.000,0.000,0.000,0,3920,0,27,27,27,27,70,70,70,70,70,70,70,70,110,22.000,22.000,24.500,24.500,0,0,0,0
286.731,13859826608897719907,0,0.000,0.000,0.000,0,3920,0,27,27,27,27,70,70,70,70,70,70,70,70,110,22.000,22.000,24.500,24.500,0,0,0,0
286.745,13859826608897719907,0,0.000,0.000,0.000,0,3920,0,27,27,27,27,70,70,70,70,70,70,70,70,110,22.000,22.000,24.500,24.500,0,0,0,0
286.760,13859826608897719907,0,0.000,0.000,0.000,0,3920,0,27,27,27,27,70,70,70,70,70,70,70,70,110,22.000,22.000,24.500,24.500,0,0,0,0
286.774,13859826608897719907,0,0.000,0.000,0.000,0,3920,0,27,27,27,27,70,70,70,70,70,70,70,70,110,22.000,22.000,24.500,24.500,0,0,0,0
286.803,13859826608897719907,0,0.000,0.000,0.000,0,3920,0,27,27,27,27,70,70,70,70,70,70,70,70,110,22.000,22.000,24.500,24.500,0,0,0,0
286.817,13859826608897719907,0,0.000,0.000,0.000,0,3920,0,27,27,27,27,70,70,70,70,70,70,70,70,110,22.000,22.000,24.500,24.500,0,0,0,0
286.832,13859826608897719907,0,0.000,0.000,0.000,0,3920,0,27,27,27,27,70,70,70,70,70,70,70,70,110,22.000,22.000,24.500,24.500,0,0,0,0
286.846,13859826608897719907,0,0.000,0.000,0.000,0,3920,0,27,27,27,27,70,70,70,70,70,70,70,70,110,22.000,22.000,24.500,24.500,0,0,0,0
286.860,13859826608897719907,0,0.000,0.000,0.000,0,3920,0,27,27,27,27,70,70,70,70,70,70,70,70,110,22.000,22.000,24.500,24.500,0,0,0,0
286.875,13859826608897719907,0,0.000,0.000,0.000,0,3920,0,27,27,27,27,70,70,70,70,70,70,70,70,110,22.000,22.000,24.500,24.500,0,0,0,0
286.904,13859826608897719907,0,0.000,0.000,0.000,0,3920,0,27,27,27,27,70,70,70,70,70,70,70,70,110,22.000,22.000,24.500,24.500,0,0,0,0
286.919,13859826608897719907,0,0.000,0.000,0.000,0,3920,0,27,27,27,27,70,70,70,70,70,70,70,70,110,22.000,22.000,24.500,24.500,0,0,0,0
286.934,13859826608897719907,0,0.000,0.000,0.000,0,3920,0,27,27,27,27,70,70,70,70,70,70,70,70,110,22.000,22.000,24.500,24.500,0,0,0,0
286.950,13859826608897719907,0,0.000,0.000,0.000,0,3920,0,27,27,27,27,70,70,70,70,70,70,70,70,110,22.000,22.000,24.500,24.500,0,0,0,0
286.967,13859826608897719907,0,0.000,0.000,0.000,0,3920,0,27,27,27,27,70,70,70,70,70,70,70,70,110,22.000,22.000,24.500,24.500,0,0,0,0
286.984,13859826608897719907,0,0.000,0.000,0.000,0,3920,0,27,27,27,27,70,70,70,70,70,70,70,70,110,22.000,22.000,24.500,24.500,0,0,0,0
287.002,13859826608897719907,0,0.000,0.000,0.000,0,3920,0,27,27,27,27,70,70,70,70,70,70,70,70,110,22.000,22.000,24.500,24.500,0,0,0,0
287.019,13859826608897719907,0,0.000,0.000,0.000,0,3920,0,27,27,27,27,70,70,70,70,70,70,70,70,110,22.000,22.000,24.500,24.500,0,0,0,0
287.037,13859826608897719907,0,0.000,0.000,0.000,0,3920,0,27,27,27,27,70,70,70,70,70,70,70,70,110,22.000,22.000,24.500,24.500,0,0,0,0
287.053,13859826608897719907,0,0.000,0.000,0.000,0,3920,0,27,27,27,27,70,70,70,70,70,70,70,70,110,22.000,22.000,24.500,24.500,0,0,0,0
287.070,13859826608897719907,0,0.000,0.000,0.000,0,3920,0,27,27,27,27,70,70,70,70,70,70,70,70,110,22.000,22.000,24.500,24.500,0,0,0,0
287.087,13859826608897719907,0,0.000,0.000,0.000,0,3920,0,27,27,27,27,70,70,70,70,70,70,70,70,110,22.000,22.000,24.500,24.500,0,0,0,0
287.103,13859826608897719907,0,0.000,0.000,0.000,0,3920,0,27,27,27,27,70,70,70,70,70,70,70,70,110,22.000,22.000,24.500,24.500,0,0,0,0
287.119,13859826608897719907,0,0.000,0.000,0.000,0,3920,0,27,27,27,27,70,70,70,70,70,70,70,70,110,22.000,22.000,24.500,24.500,0,0,0,0
287.135,13859826608897719907,0,0.000,0.000,0.000,0,3920,0,27,27,27,27,70,70,70,70,70,70,70,70,110,22.000,22.000,24.500,24.500,0,0,0,0
287.151,13859826608897719907,0,0.000,0.000,0.000,0,3920,0,27,27,27,27,70,70,70,70,70,70,70,70,110,22.000,22.000,24.500,24.500,0,0,0,0
287.167,13859826608897719907,0,0.000,0.000,0.000,0,3920,0,27,27,27,27,70,70,70,70,70,70,70,70,110,22.000,22.000,24.500,24.500,0,0,0,0
287.183,13859826608897719907,0,0.000,0.000,0.000,0,3920,0,27,27,27,27,70,70,70,70,70,70,70,70,110,22.000,22.000,24.500,24.500,0,0,0,0
287.198,13859826608897719907,0,0.000,0.000,0.000,0,3920,0,27,27,27,27,70,70,70,70,70,70,70,70,110,22.000,22.000,24.500,24.500,0,0,0,0
287.213,13859826608897719907,0,0.000,0.000,0.000,0,3920,0,27,27,27,27,70,70,70,70,70,70,70,70,110,22.000,22.000,24.500,24.500,0,0,0,0
287.228,13859826608897719907,0,0.000,0.000,0.000,0,3920,0,27,27,27,27,70,70,70,70,70,70,70,70,110,22.000,22.000,24.500,24.500,0,0,0,0
287.244,13859826608897719907,0,0.000,0.000,0.000,0,3920,0,27,27,27,27,70,70,70,70,70,70,70,70,110,22.000,22.000,24.500,24.500,0,0,0,0
287.259,13859826608897719907,0,0.000,0.000,0.000,0,3920,0,27,27,27,27,70,70,70,70,70,70,70,70,110,22.000,22.000,24.500,24.500,0,0,0,0
287.275,13859826608897719907,0,0.000,0.000,0.000,0,3920,0,27,27,27,27,70,70,70,70,70,70,70,70,110,22.000,22.000,24.500,24.500,0,0,0,0
287.290,13859826608897719907,0,0.000,0.000,0.000,0,3920,0,27,27,27,27,70,70,70,70,70,70,70,70,110,22.000,22.000,24.500,24.500,0,0,0,0
287.305,13859826608897719907,0,0.000,0.000,0.000,0,3920,0,27,27,27,27,70,70,70,70,70,70,70,70,110,22.000,22.000,24.500,24.500,0,0,0,0
287.336,13859826608897719907,0,0.000,0.000,0.000,0,3920,0,27,27,27,27,70,70,70,70,70,70,70,70,110,22.000,22.000,24.500,24.500,0,0,0,0
287.352,13859826608897719907,0,0.000,0.000,0.000,0,3920,0,27,27,27,27,70,70,70,70,70,70,70,70,110,22.000,22.000,24.500,24.500,0,0,0,0
287.367,13859826608897719907,0,0.000,0.000,0.000,0,3920,0,27,27,27,27,70,70,70,70,70,70,70,70,110,22.000,22.000,24.500,24.500,0,0,0,0
287.382,13859826608897719907,0,0.000,0.000,0.000,0,3920,0,27,27,27,27,70,70,70,70,70,70,70,70,110,22.000,22.000,24.500,24.500,0,0,0,0
287.398,13859826608897719907,0,0.000,0.000,0.000,0,3920,0,27,27,27,27,70,70,70,70,70,70,70,70,110,22.000,22.000,24.500,24.500,0,0,0,0
287.413,13859826608897719907,0,0.000,0.000,0.000,0,3920,0,27,27,27,27,70,70,70,70,70,70,70,70,110,22.000,22.000,24.500,24.500,0,0,0,0
287.429,13859826608897719907,0,0.000,0.000,0.000,0,3920,0,27,27,27,27,70,70,70,70,70,70,70,70,110,22.000,22.000,24.500,24.500,0,0,0,0
287.444,13859826608897719907,0,0.000,0.000,0.000,0,3920,0,27,27,27,27,70,70,70,70,70,70,70,70,110,22.000,22.000,24.500,24.500,0,0,0,0
287.460,13859826608897719907,0,0.000,0.000,0.000,0,3920,0,27,27,27,27,70,70,70,70,70,70,70,70,110,22.000,22.000,24.500,24.500,0,0,0,0
287.476,13859826608897719907,0,0.000,0.000,0.000,0,3920,0,27,27,27,27,70,70,70,70,70,70,70,70,110,22.000,22.000,24.500,24.500,0,0,0,0
287.491,13859826608897719907,0,0.000,0.000,0.000,0,3920,0,27,27,27,27,70,70,70,70,70,70,70,70,110,22.000,22.000,24.500,24.500,0,0,0,0
287.507,13859826608897719907,0,0.000,0.000,0.000,0,3920,0,27,27,27,27,70,70,70,70,70,70,70,70,110,22.000,22.000,24.500,24.500,0,0,0,0
287.522,13859826608897719907,0,0.000,0.000,0.000,0,3920,0,27,27,27,27,70,70,70,70,70,70,70,70,110,22.000,22.000,24.500,24.500,0,0,0,0
287.538,13859826608897719907,0,0.000,0.000,0.000,0,3920,0,27,27,27,27,70,70,70,70,70,70,70,70,110,22.000,22.000,24.500,24.500,0,0,0,0
287.553,13859826608897719907,0,0.000,0.000,0.000,0,3920,0,27,27,27,27,70,70,70,70,70,70,70,70,110,22.000,22.000,24.500,24.500,0,0,0,0
287.584,13859826608897719907,0,0.000,0.000,0.000,0,3920,0,27,27,27,27,70,70,70,70,70,70,70,70,110,22.000,22.000,24.500,24.500,0,0,0,0
287.599,13859826608897719907,0,0.000,0.000,0.000,0,3920,0,27,27,27,27,70,70,70,70,70,70,70,70,110,22.000,22.000,24.500,24.500,0,0,0,0
287.615,13859826608897719907,0,0.000,0.000,0.000,0,3920,0,27,27,27,27,70,70,70,70,70,70,70,70,110,22.000,22.000,24.500,24.500,0,0,0,0
287.630,13859826608897719907,0,0.000,0.000,0.000,0,3920,0,27,27,27,27,70,70,70,70,70,70,70,70,110,22.000,22.000,24.500,24.500,0,0,0,0
287.645,13859826608897719907,0,0.000,0.000,0.000,0,3920,0,27,27,27,27,70,70,70,70,70,70,70,70,110,22.000,22.000,24.500,24.500,0,0,0,0
287.661,13859826608897719907,0,0.000,0.000,0.000,0,3920,0,27,27,27,27,70,70,70,70,70,70,70,70,110,22.000,22.000,24.500,24.500,0,0,0,0
287.677,13859826608897719907,0,0.000,0.000,0.000,0,3920,0,27,27,27,27,70,70,70,70,70,70,70,70,110,22.000,22.000,24.500,24.500,0,0,0,0
287.692,13859826608897719907,0,0.000,0.000,0.000,0,3920,0,27,27,27,27,70,70,70,70,70,70,70,70,110,22.000,22.000,24.500,24.500,0,0,0,0
287.708,13859826608897719907,0,0.000,0.000,0.000,0,3920,0,27,27,27,27,70,70,70,70,70,70,70,70,110,22.000,22.000,24.500,24.500,0,0,0,0
287.723,13859826608897719907,0,0.000,0.000,0.000,0,3920,0,27,27,27,27,70,70,70,70,70,70,70,70,110,22.000,22.000,24.500,24.500,0,0,0,0
287.739,13859826608897719907,0,0.000,0.000,0.000,0,3920,0,27,27,27,27,70,70,70,70,70,70,70,70,110,22.000,22.000,24.500,24.500,0,0,0,0
287.754,13859826608897719907,0,0.000,0.000,0.000,0,3920,0,27,27,27,27,70,70,70,70,70,70,70,70,110,22.000,22.000,24.500,24.500,0,0,0,0
287.785,13859826608897719907,0,0.000,0.000,0.000,0,3920,0,27,27,27,27,70,70,70,70,70,70,70,70,110,22.000,22.000,24.500,24.500,0,0,0,0
287.800,13859826608897719907,0,0.000,0.000,0.000,0,3920,0,27,27,27,27,70,70,70,70,70,70,70,70,110,22.000,22.000,24.500,24.500,0,0,0,0
287.815,13859826608897719907,0,0.000,0.000,0.000,0,3920,0,27,27,27,27,70,70,70,70,70,70,70,70,110,22.000,22.000,24.500,24.500,0,0,0,0
287.831,13859826608897719907,0,0.000,0.000,0.000,0,3920,0,27,27,27,27,70,70,70,70,70,70,70,70,110,22.000,22.000,24.500,24.500,0,0,0,0
287.846,13859826608897719907,0,0.000,0.000,0.000,0,3920,0,27,27,27,27,70,70,70,70,70,70,70,70,110,22.000,22.000,24.500,24.500,0,0,0,0
287.861,13859826608897719907,0,0.000,0.000,0.000,0,3920,0,27,27,27,27,70,70,70,70,70,70,70,70,110,22.000,22.000,24.500,24.500,0,0,0,0
287.878,13859826608897719907,0,0.000,0.000,0.000,0,3920,0,27,27,27,27,70,70,70,70,70,70,70,70,110,22.000,22.000,24.500,24.500,0,0,0,0
287.894,13859826608897719907,0,0.000,0.000,0.000,0,3920,0,27,27,27,27,70,70,70,70,70,70,70,70,110,22.000,22.000,24.500,24.500,0,0,0,0
287.997,13859826608897719907,0,0.000,0.000,0.000,0,3920,0,27,27,27,27,70,70,70,70,70,70,70,70,110,22.000,22.000,24.500,24.500,0,0,0,0
288.014,13859826608897719907,0,0.000,0.000,0.000,0,3920,0,27,27,27,27,70,70,70,70,70,70,70,70,110,22.000,22.000,24.500,24.500,0,0,0,0
288.048,13859826608897719907,0,0.000,0.000,0.000,0,3920,0,27,27,27,27,70,70,70,70,70,70,70,70,110,22.000,22.000,24.500,24.500,0,0,0,0
288.079,13859826608897719907,0,0.000,0.000,0.000,0,3920,0,27,27,27,27,70,70,70,70,70,70,70,70,110,22.000,22.000,24.500,24.500,0,0,0,0
288.095,13859826608897719907,0,0.000,0.000,0.000,0,3920,0,27,27,27,27,70,70,70,70,70,70,70,70,110,22.000,22.000,24.500,24.500,0,0,0,0
288.110,13859826608897719907,0,0.000,0.000,0.000,0,3920,0,27,27,27,27,70,70,70,70,70,70,70,70,110,22.000,22.000,24.500,24.500,0,0,0,0
288.125,13859826608897719907,0,0.000,0.000,0.000,0,3920,0,27,27,27,27,70,70,70,70,70,70,70,70,110,22.000,22.000,24.500,24.500,0,0,0,0
288.154,13859826608897719907,0,0.000,0.000,0.000,0,3920,0,27,27,27,27,70,70,70,70,70,70,70,70,110,22.000,22.000,24.500,24.500,0,0,0,0
288.184,13859826608897719907,0,0.000,0.000,0.000,0,3920,0,27,27,27,27,70,70,70,70,70,70,70,70,110,22.000,22.000,24.500,24.500,0,0,0,0
288.199,13859826608897719907,0,0.000,0.000,0.000,0,3920,0,27,27,27,27,70,70,70,70,70,70,70,70,110,22.000,22.000,24.500,24.500,0,0,0,0
288.213,13859826608897719907,0,0.000,0.000,0.000,0,3920,0,27,27,27,27,70,70,70,70,70,70,70,70,110,22.000,22.000,24.500,24.500,0,0,0,0
288.228,13859826608897719907,0,0.000,0.000,0.000,0,3920,0,27,27,27,27,70,70,70,70,70,70,70,70,110,22.000,22.000,24.500,24.500,0,0,0,0
288.243,13859826608897719907,0,0.000,0.000,0.000,0,3920,0,27,27,27,27,70,70,70,70,70,70,70,70,110,22.000,22.000,24.500,24.500,0,0,0,0
288.257,13859826608897719907,0,0.000,0.000,0.000,0,3920,0,27,27,27,27,70,70,70,70,70,70,70,70,110,22.000,22.000,24.500,24.500,0,0,0,0
288.272,13859826608897719907,0,0.000,0.000,0.000,0,3920,0,27,27,27,27,70,70,70,70,70,70,70,70,110,22.000,22.000,24.500,24.500,0,0,0,0
288.302,13859826608897719907,0,0.000,0.000,0.000,0,3920,0,27,27,27,27,70,70,70,70,70,70,70,70,110,22.000,22.000,24.500,24.500,0,0,0,0
288.316,13859826608897719907,0,0.000,0.000,0.000,0,3920,0,27,27,27,27,70,70,70,70,70,70,70,70,110,22.000,22.000,24.500,24.500,0,0,0,0
288.331,13859826608897719907,0,0.000,0.000,0.000,0,3920,0,27,27,27,27,70,70,70,70,70,70,70,70,110,22.000,22.000,24.500,24.500,0,0,0,0
288.346,13859826608897719907,0,0.000,0.000,0.000,0,3920,0,27,27,27,27,70,70,70,70,70,70,70,70,110,22.000,22.000,24.500,24.500,0,0,0,0
288.361,13859826608897719907,0,0.000,0.000,0.000,0,3920,0,27,27,27,27,70,70,70,70,70,70,70,70,110,22.000,22.000,24.500,24.500,0,0,0,0
288.376,13859826608897719907,0,0.000,0.000,0.000,0,3920,0,27,27,27,27,70,70,70,70,70,70,70,70,110,22.000,22.000,24.500,24.500,0,0,0,0
288.391,13859826608897719907,0,0.000,0.000,0.000,0,3920,0,27,27,27,27,70,70,70,70,70,70,70,70,110,22.000,22.000,24.500,24.500,0,0,0,0
288.406,13859826608897719907,0,0.000,0.000,0.000,0,3920,0,27,27,27,27,70,70,70,70,70,70,70,70,110,22.000,22.000,24.500,24.500,0,0,0,0
288.421,13859826608897719907,0,0.000,0.000,0.000,0,3920,0,27,27,27,27,70,70,70,70,70,70,70,70,110,22.000,22.000,24.500,24.500,0,0,0,0
288.436,13859826608897719907,0,0.000,0.000,0.000,0,3920,0,27,27,27,27,70,70,70,70,70,70,70,70,110,22.000,22.000,24.500,24.500,0,0,0,0
288.466,13859826608897719907,0,0.000,0.000,0.000,0,3920,0,27,27,27,27,70,70,70,70,70,70,70,70,110,22.000,22.000,24.500,24.500,0,0,0,0
288.481,13859826608897719907,0,0.000,0.000,0.000,0,3920,0,27,27,27,27,70,70,70,70,70,70,70,70,110,22.000,22.000,24.500,24.500,0,0,0,0
288.496,13859826608897719907,0,0.000,0.000,0.000,0,3920,0,27,27,27,27,70,70,70,70,70,70,70,70,110,22.000,22.000,24.500,24.500,0,0,0,0
288.511,13859826608897719907,0,0.000,0.000,0.000,0,3920,0,27,27,27,27,70,70,70,70,70,70,70,70,110,22.000,22.000,24.500,24.500,0,0,0,0
288.526,13859826608897719907,0,0.000,0.000,0.000,0,3920,0,27,27,27,27,70,70,70,70,70,70,70,70,110,22.000,22.000,24.500,24.500,0,0,0,0
288.541,13859826608897719907,0,0.000,0.000,0.000,0,3920,0,27,27,27,27,70,70,70,70,70,70,70,70,110,22.000,22.000,24.500,24.500,0,0,0,0
288.571,13859826608897719907,0,0.000,0.000,0.000,0,3920,0,27,27,27,27,70,70,70,70,70,70,70,70,110,22.000,22.000,24.500,24.500,0,0,0,0
288.586,13859826608897719907,0,0.000,0.000,0.000,0,3920,0,27,27,27,27,70,70,70,70,70,70,70,70,110,22.000,22.000,24.500,24.500,0,0,0,0
288.600,13859826608897719907,0,0.000,0.000,0.000,0,3920,0,27,27,27,27,70,70,70,70,70,70,70,70,110,22.000,22.000,24.500,24.500,0,0,0,0
288.615,13859826608897719907,0,0.000,0.000,0.000,0,3920,0,27,27,27,27,70,70,70,70,70,70,70,70,110,22.000,22.000,24.500,24.500,0,0,0,0
288.645,13859826608897719907,0,0.000,0.000,0.000,0,3920,0,27,27,27,27,70,70,70,70,70,70,70,70,110,22.000,22.000,24.500,24.500,0,0,0,0
288.660,13859826608897719907,0,0.000,0.000,0.000,0,3920,0,27,27,27,27,70,70,70,70,70,70,70,70,110,22.000,22.000,24.500,24.500,0,0,0,0
288.690,13859826608897719907,0,0.000,0.000,0.000,0,3920,0,27,27,27,27,70,70,70,70,70,70,70,70,110,22.000,22.000,24.500,24.500,0,0,0,0
288.735,13859826608897719907,0,0.000,0.000,0.000,0,3920,0,27,27,27,27,70,70,70,70,70,70,70,70,110,22.000,22.000,24.500,24.500,0,0,0,0
288.750,13859826608897719907,0,0.000,0.000,0.000,0,3920,0,27,27,27,27,70,70,70,70,70,70,70,70,110,22.000,22.000,24.500,24.500,0,0,0,0
288.765,13859826608897719907,0,0.000,0.000,0.000,0,3920,0,27,27,27,27,70,70,70,70,70,70,70,70,110,22.000,22.000,24.500,24.500,0,0,0,0
288.794,13859826608897719907,0,0.000,0.000,0.000,0,3920,0,27,27,27,27,70,70,70,70,70,70,70,70,110,22.000,22.000,24.500,24.500,0,0,0,0
288.853,13859826608897719907,0,0.000,0.000,0.000,0,3920,0,27,27,27,27,70,70,70,70,70,70,70,70,110,22.000,22.000,24.500,24.500,0,0,0,0
288.867,13859826608897719907,0,0.000,0.000,0.000,0,3920,0,27,27,27,27,70,70,70,70,70,70,70,70,110,22.000,22.000,24.500,24.500,0,0,0,0
288.896,13859826608897719907,0,0.000,0.000,0.000,0,3920,0,27,27,27,27,70,70,70,70,70,70,70,70,110,22.000,22.000,24.500,24.500,0,0,0,0
288.911,13859826608897719907,0,0.000,0.000,0.000,0,3920,0,27,27,27,27,70,70,70,70,70,70,70,70,110,22.000,22.000,24.500,24.500,0,0,0,0
288.954,13859826608897719907,0,0.000,0.000,0.000,0,3920,0,27,27,27,27,70,70,70,70,70,70,70,70,110,22.000,22.000,24.500,24.500,0,0,0,0
288.969,13859826608897719907,0,0.000,0.000,0.000,0,3920,0,27,27,27,27,70,70,70,70,70,70,70,70,110,22.000,22.000,24.500,24.500,0,0,0,0
288.983,13859826608897719907,0,0.000,0.000,0.000,0,3920,0,27,27,27,27,70,70,70,70,70,70,70,70,110,22.000,22.000,24.500,24.500,0,0,0,0
288.997,13859826608897719907,0,0.000,0.000,0.000,0,3920,0,27,27,27,27,70,70,70,70,70,70,70,70,110,22.000,22.000,24.500,24.500,0,0,0,0
289.012,13859826608897719907,0,0.000,0.000,0.000,0,3920,0,27,27,27,27,70,70,70,70,70,70,70,70,110,22.000,22.000,24.500,24.500,0,0,0,0
289.026,13859826608897719907,0,0.000,0.000,0.000,0,3920,0,27,27,27,27,70,70,70,70,70,70,70,70,110,22.000,22.000,24.500,24.500,0,0,0,0
289.041,13859826608897719907,0,0.000,0.000,0.000,0,3920,0,27,27,27,27,70,70,70,70,70,70,70,70,110,22.000,22.000,24.500,24.500,0,0,0,0
289.070,13859826608897719907,0,0.000,0.000,0.000,0,3920,0,27,27,27,27,70,70,70,70,70,70,70,70,110,22.000,22.000,24.500,24.500,0,0,0,0
289.085,13859826608897719907,0,0.000,0.000,0.000,0,3920,0,27,27,27,27,70,70,70,70,70,70,70,70,110,22.000,22.000,24.500,24.500,0,0,0,0
289.099,13859826608897719907,0,0.000,0.000,0.000,0,3920,0,27,27,27,27,70,70,70,70,70,70,70,70,110,22.000,22.000,24.500,24.500,0,0,0,0
289.128,13859826608897719907,0,0.000,0.000,0.000,0,3920,0,27,27,27,27,70,70,70,70,70,70,70,70,110,22.000,22.000,24.500,24.500,0,0,0,0
289.157,13859826608897719907,0,0.000,0.000,0.000,0,3920,0,27,27,27,27,70,70,70,70,70,70,70,70,110,22.000,22.000,24.500,24.500,0,0,0,0
289.186,13859826608897719907,0,0.000,0.000,0.000,0,3920,0,27,27,27,27,70,70,70,70,70,70,70,70,110,22.000,22.000,24.500,24.500,0,0,0,0
289.200,13859826608897719907,0,0.000,0.000,0.000,0,3920,0,27,27,27,27,70,70,70,70,70,70,70,70,110,22.000,22.000,24.500,24.500,0,0,0,0
289.214,13859826608897719907,0,0.000,0.000,0.000,0,3920,0,27,27,27,27,70,70,70,70,70,70,70,70,110,22.000,22.000,24.500,24.500,0,0,0,0
289.228,13859826608897719907,0,0.000,0.000,0.000,0,3920,0,27,27,27,27,70,70,70,70,70,70,70,70,110,22.000,22.000,24.500,24.500,0,0,0,0
289.243,13859826608897719907,0,0.000,0.000,0.000,0,3920,0,27,27,27,27,70,70,70,70,70,70,70,70,110,22.000,22.000,24.500,24.500,0,0,0,0
289.271,13859826608897719907,0,0.000,0.000,0.000,0,3920,0,27,27,27,27,70,70,70,70,70,70,70,70,110,22.000,22.000,24.500,24.500,0,0,0,0
289.285,13859826608897719907,0,0.000,0.000,0.000,0,3920,0,27,27,27,27,70,70,70,70,70,70,70,70,110,22.000,22.000,24.500,24.500,0,0,0,0
289.299,13859826608897719907,0,0.000,0.000,0.000,0,3920,0,27,27,27,27,70,70,70,70,70,70,70,70,110,22.000,22.000,24.500,24.500,0,0,0,0
289.313,13859826608897719907,0,0.000,0.000,0.000,0,3920,0,27,27,27,27,70,70,70,70,70,70,70,70,110,22.000,22.000,24.500,24.500,0,0,0,0
289.327,13859826608897719907,0,0.000,0.000,0.000,0,3920,0,27,27,27,27,70,70,70,70,70,70,70,70,110,22.000,22.000,24.500,24.500,0,0,0,0
289.355,13859826608897719907,0,0.000,0.000,0.000,0,3920,0,27,27,27,27,70,70,70,70,70,70,70,70,110,22.000,22.000,24.500,24.500,0,0,0,0
289.369,13859826608897719907,0,0.000,0.000,0.000,0,3920,0,27,27,27,27,70,70,70,70,70,70,70,70,110,22.000,22.000,24.500,24.500,0,0,0,0
289.383,13859826608897719907,0,0.000,0.000,0.000,0,3920,0,27,27,27,27,70,70,70,70,70,70,70,70,110,22.000,22.000,24.500,24.500,0,0,0,0
289.397,13859826608897719907,0,0.000,0.000,0.000,0,3920,0,27,27,27,27,70,70,70,70,70,70,70,70,110,22.000,22.000,24.500,24.500,0,0,0,0
289.411,13859826608897719907,0,0.000,0.000,0.000,0,3920,0,27,27,27,27,70,70,70,70,70,70,70,70,110,22.000,22.000,24.500,24.500,0,0,0,0
289.439,13859826608897719907,0,0.000,0.000,0.000,0,3920,0,27,27,27,27,70,70,70,70,70,70,70,70,110,22.000,22.000,24.500,24.500,0,0,0,0
289.453,13859826608897719907,0,0.000,0.000,0.000,0,3920,0,27,27,27,27,70,70,70,70,70,70,70,70,110,22.000,22.000,24.500,24.500,0,0,0,0
289.468,13859826608897719907,0,0.000,0.000,0.000,0,3920,0,27,27,27,27,70,70,70,70,70,70,70,70,110,22.000,22.000,24.500,24.500,0,0,0,0
289.495,13859826608897719907,0,0.000,0.000,0.000,0,3920,0,27,27,27,27,70,70,70,70,70,70,70,70,110,22.000,22.000,24.500,24.500,0,0,0,0
289.509,13859826608897719907,0,0.000,0.000,0.000,0,3920,0,27,27,27,27,70,70,70,70,70,70,70,70,110,22.000,22.000,24.500,24.500,0,0,0,0
289.537,13859826608897719907,0,0.000,0.000,0.000,0,3920,0,27,27,27,27,70,70,70,70,70,70,70,70,110,22.000,22.000,24.500,24.500,0,0,0,0
289.551,13859826608897719907,0,0.000,0.000,0.000,0,3920,0,27,27,27,27,70,70,70,70,70,70,70,70,110,22.000,22.000,24.500,24.500,0,0,0,0
289.564,13859826608897719907,0,0.000,0.000,0.000,0,3920,0,27,27,27,27,70,70,70,70,70,70,70,70,110,22.000,22.000,24.500,24.500,0,0,0,0
289.592,13859826608897719907,0,0.000,0.000,0.000,0,3920,0,27,27,27,27,70,70,70,70,70,70,70,70,110,22.000,22.000,24.500,24.500,0,0,0,0
289.620,13859826608897719907,0,0.000,0.000,0.000,0,3920,0,27,27,27,27,70,70,70,70,70,70,70,70,110,22.000,22.000,24.500,24.500,0,0,0,0
289.634,13859826608897719907,0,0.000,0.000,0.000,0,3920,0,27,27,27,27,70,70,70,70,70,70,70,70,110,22.000,22.000,24.500,24.500,0,0,0,0
289.647,13859826608897719907,0,0.000,0.000,0.000,0,3920,0,27,27,27,27,70,70,70,70,70,70,70,70,110,22.000,22.000,24.500,24.500,0,0,0,0
289.661,13859826608897719907,0,0.000,0.000,0.000,0,3920,0,27,27,27,27,70,70,70,70,70,70,70,70,110,22.000,22.000,24.500,24.500,0,0,0,0
289.688,13859826608897719907,0,0.000,0.000,0.000,0,3920,0,27,27,27,27,70,70,70,70,70,70,70,70,110,22.000,22.000,24.500,24.500,0,0,0,0
289.715,13859826608897719907,0,0.000,0.000,0.000,0,3920,0,27,27,27,27,70,70,70,70,70,70,70,70,110,22.000,22.000,24.500,24.500,0,0,0,0
289.729,13859826608897719907,0,0.000,0.000,0.000,0,3920,0,27,27,27,27,70,70,70,70,70,70,70,70,110,22.000,22.000,24.500,24.500,0,0,0,0
289.756,13859826608897719907,0,0.000,0.000,0.000,0,3920,0,27,27,27,27,70,70,70,70,70,70,70,70,110,22.000,22.000,24.500,24.500,0,0,0,0
289.770,13859826608897719907,0,0.000,0.000,0.000,0,3920,0,27,27,27,27,70,70,70,70,70,70,70,70,110,22.000,22.000,24.500,24.500,0,0,0,0
289.783,13859826608897719907,0,0.000,0.000,0.000,0,3920,0,27,27,27,27,70,70,70,70,70,70,70,70,110,22.000,22.000,24.500,24.500,0,0,0,0
289.797,13859826608897719907,0,0.000,0.000,0.000,0,3920,0,27,27,27,27,70,70,70,70,70,70,70,70,110,22.000,22.000,24.500,24.500,0,0,0,0
289.810,13859826608897719907,0,0.000,0.000,0.000,0,3920,0,27,27,27,27,70,70,70,70,70,70,70,70,110,22.000,22.000,24.500,24.500,0,0,0,0
289.837,13859826608897719907,0,0.000,0.000,0.000,0,3920,0,27,27,27,27,70,70,70,70,70,70,70,70,110,22.000,22.000,24.500,24.500,0,0,0,0
289.851,13859826608897719907,0,0.000,0.000,0.000,0,3920,0,27,27,27,27,70,70,70,70,70,70,70,70,110,22.000,22.000,24.500,24.500,0,0,0,0
289.864,13859826608897719907,0,0.000,0.000,0.000,0,3920,0,27,27,27,27,70,70,70,70,70,70,70,70,110,22.000,22.000,24.500,24.500,0,0,0,0
289.891,13859826608897719907,0,0.000,0.000,0.000,0,3920,0,27,27,27,27,70,70,70,70,70,70,70,70,110,22.000,22.000,24.500,24.500,0,0,0,0
289.904,13859826608897719907,0,0.000,0.000,0.000,0,3920,0,27,27,27,27,70,70,70,70,70,70,70,70,110,22.000,22.000,24.500,24.500,0,0,0,0
289.918,13859826608897719907,0,0.000,0.000,0.000,0,3920,0,27,27,27,27,70,70,70,70,70,70,70,70,110,22.000,22.000,24.500,24.500,0,0,0,0
289.972,13859826608897719907,0,0.000,0.000,0.000,0,3920,0,27,27,27,27,70,70,70,70,70,70,70,70,110,22.000,22.000,24.500,24.500,0,0,0,0
289.986,13859826608897719907,0,0.000,0.000,0.000,0,3920,0,27,27,27,27,70,70,70,70,70,70,70,70,110,22.000,22.000,24.500,24.500,0,0,0,0
290.000,13859826608897719907,0,0.000,0.000,0.000,0,3920,0,27,27,27,27,70,70,70,70,70,70,70,70,110,22.000,22.000,24.500,24.500,0,0,0,0
290.014,13859826608897719907,0,0.000,0.000,0.000,0,3920,0,27,27,27,27,70,70,70,70,70,70,70,70,110,22.000,22.000,24.500,24.500,0,0,0,0
290.028,13859826608897719907,0,0.000,0.000,0.000,0,3920,0,27,27,27,27,70,70,70,70,70,70,70,70,110,22.000,22.000,24.500,24.500,0,0,0,0
290.055,13859826608897719907,0,0.000,0.000,0.000,0,3920,0,27,27,27,27,70,70,70,70,70,70,70,70,110,22.000,22.000,24.500,24.500,0,0,0,0
290.069,13859826608897719907,0,0.000,0.000,0.000,0,3920,0,27,27,27,27,70,70,70,70,70,70,70,70,110,22.000,22.000,24.500,24.500,0,0,0,0
290.096,13859826608897719907,0,0.000,0.000,0.000,0,3920,0,27,27,27,27,70,70,70,70,70,70,70,70,110,22.000,22.000,24.500,24.500,0,0,0,0
290.123,13859826608897719907,0,0.000,0.000,0.000,0,3920,0,27,27,27,27,70,70,70,70,70,70,70,70,110,22.000,22.000,24.500,24.500,0,0,0,0
290.137,13859826608897719907,0,0.000,0.000,0.000,0,3920,0,27,27,27,27,70,70,70,70,70,70,70,70,110,22.000,22.000,24.500,24.500,0,0,0,0
290.150,13859826608897719907,0,0.000,0.000,0.000,0,3920,0,27,27,27,27,70,70,70,70,70,70,70,70,110,22.000,22.000,24.500,24.500,0,0,0,0
290.164,13859826608897719907,0,0.000,0.000,0.000,0,3920,0,27,27,27,27,70,70,70,70,70,70,70,70,110,22.000,22.000,24.500,24.500,0,0,0,0
290.178,13859826608897719907,0,0.000,0.000,0.000,0,3920,0,27,27,27,27,70,70,70,70,70,70,70,70,110,22.000,22.000,24.500,24.500,0,0,0,0
290.206,13859826608897719907,0,0.000,0.000,0.000,0,3920,0,27,27,27,27,70,70,70,70,70,70,70,70,110,22.000,22.000,24.500,24.500,0,0,0,0
290.219,13859826608897719907,0,0.000,0.000,0.000,0,3920,0,27,27,27,27,70,70,70,70,70,70,70,70,110,22.000,22.000,24.500,24.500,0,0,0,0
290.233,13859826608897719907,0,0.000,0.000,0.000,0,3920,0,27,27,27,27,70,70,70,70,70,70,70,70,110,22.000,22.000,24.500,24.500,0,0,0,0
290.247,13859826608897719907,0,0.000,0.000,0.000,0,3920,0,27,27,27,27,70,70,70,70,70,70,70,70,110,22.000,22.000,24.500,24.500,0,0,0,0
290.260,13859826608897719907,0,0.000,0.000,0.000,0,3920,0,27,27,27,27,70,70,70,70,70,70,70,70,110,22.000,22.000,24.500,24.500,0,0,0,0
290.288,13859826608897719907,0,0.000,0.000,0.000,0,3920,0,27,27,27,27,70,70,70,70,70,70,70,70,110,22.000,22.000,24.500,24.500,0,0,0,0
290.301,13859826608897719907,0,0.000,0.000,0.000,0,3920,0,27,27,27,27,70,70,70,70,70,70,70,70,110,22.000,22.000,24.500,24.500,0,0,0,0
290.315,13859826608897719907,0,0.000,0.000,0.000,0,3920,0,27,27,27,27,70,70,70,70,70,70,70,70,110,22.000,22.000,24.500,24.500,0,0,0,0
290.329,13859826608897719907,0,0.000,0.000,0.000,0,3920,0,27,27,27,27,70,70,70,70,70,70,70,70,110,22.000,22.000,24.500,24.500,0,0,0,0
290.356,13859826608897719907,0,0.000,0.000,0.000,0,3920,0,27,27,27,27,70,70,70,70,70,70,70,70,110,22.000,22.000,24.500,24.500,0,0,0,0
290.370,13859826608897719907,0,0.000,0.000,0.000,0,3920,0,27,27,27,27,70,70,70,70,70,70,70,70,110,22.000,22.000,24.500,24.500,0,0,0,0
290.384,13859826608897719907,0,0.000,0.000,0.000,0,3920,0,27,27,27,27,70,70,70,70,70,70,70,70,110,22.000,22.000,24.500,24.500,0,0,0,0
290.398,13859826608897719907,0,0.000,0.000,0.000,0,3920,0,27,27,27,27,70,70,70,70,70,70,70,70,110,22.000,22.000,24.500,24.500,0,0,0,0
290.411,13859826608897719907,0,0.000,0.000,0.000,0,3920,0,27,27,27,27,70,70,70,70,70,70,70,70,110,22.000,22.000,24.500,24.500,0,0,0,0
290.439,13859826608897719907,0,0.000,0.000,0.000,0,3920,0,27,27,27,27,70,70,70,70,70,70,70,70,110,22.000,22.000,24.500,24.500,0,0,0,0
290.467,13859826608897719907,0,0.000,0.000,0.000,0,3920,0,27,27,27,27,70,70,70,70,70,70,70,70,110,22.000,22.000,24.500,24.500,0,0,0,0
290.482,13859826608897719907,0,0.000,0.000,0.000,0,3920,0,27,27,27,27,70,70,70,70,70,70,70,70,110,22.000,22.000,24.500,24.500,0,0,0,0
290.496,13859826608897719907,0,0.000,0.000,0.000,0,3920,0,27,27,27,27,70,70,70,70,70,70,70,70,110,22.000,22.000,24.500,24.500,0,0,0,0
290.511,13859826608897719907,0,0.000,0.000,0.000,0,3920,0,27,27,27,27,70,70,70,70,70,70,70,70,110,22.000,22.000,24.500,24.500,0,0,0,0
290.526,13859826608897719907,0,0.000,0.000,0.000,0,3920,0,27,27,27,27,70,70,70,70,70,70,70,70,110,22.000,22.000,24.500,24.500,0,0,0,0
290.540,13859826608897719907,0,0.000,0.000,0.000,0,3920,0,27,27,27,27,70,70,70,70,70,70,70,70,110,22.000,22.000,24.500,24.500,0,0,0,0
290.584,13859826608897719907,0,0.000,0.000,0.000,0,3920,0,27,27,27,27,70,70,70,70,70,70,70,70,110,22.000,22.000,24.500,24.500,0,0,0,0
290.598,13859826608897719907,0,0.000,0.000,0.000,0,3920,0,27,27,27,27,70,70,70,70,70,70,70,70,110,22.000,22.000,24.500,24.500,0,0,0,0
290.612,13859826608897719907,0,0.000,0.000,0.000,0,3920,0,27,27,27,27,70,70,70,70,70,70,70,70,110,22.000,22.000,24.500,24.500,0,0,0,0
290.626,13859826608897719907,0,0.000,0.000,0.000,0,3920,0,27,27,27,27,70,70,70,70,70,70,70,70,110,22.000,22.000,24.500,24.500,0,0,0,0
290.655,13859826608897719907,0,0.000,0.000,0.000,0,3920,0,27,27,27,27,70,70,70,70,70,70,70,70,110,22.000,22.000,24.500,24.500,0,0,0,0
290.669,13859826608897719907,0,0.000,0.000,0.000,0,3920,0,27,27,27,27,70,70,70,70,70,70,70,70,110,22.000,22.000,24.500,24.500,0,0,0,0
290.683,13859826608897719907,0,0.000,0.000,0.000,0,3920,0,27,27,27,27,70,70,70,70,70,70,70,70,110,22.000,22.000,24.500,24.500,0,0,0,0
290.697,13859826608897719907,0,0.000,0.000,0.000,0,3920,0,27,27,27,27,70,70,70,70,70,70,70,70,110,22.000,22.000,24.500,24.500,0,0,0,0
290.711,13859826608897719907,0,0.000,0.000,0.000,0,3920,0,27,27,27,27,70,70,70,70,70,70,70,70,110,22.000,22.000,24.500,24.500,0,0,0,0
290.740,13859826608897719907,0,0.000,0.000,0.000,0,3920,0,27,27,27,27,70,70,70,70,70,70,70,70,110,22.000,22.000,24.500,24.500,0,0,0,0
290.768,13859826608897719907,0,0.000,0.000,0.000,0,3920,0,27,27,27,27,70,70,70,70,70,70,70,70,110,22.000,22.000,24.500,24.500,0,0,0,0
290.782,13859826608897719907,0,0.000,0.000,0.000,0,3920,0,27,27,27,27,70,70,70,70,70,70,70,70,110,22.000,22.000,24.500,24.500,0,0,0,0
290.796,13859826608897719907,0,0.000,0.000,0.000,0,3920,0,27,27,27,27,70,70,70,70,70,70,70,70,110,22.000,22.000,24.500,24.500,0,0,0,0
290.811,13859826608897719907,0,0.000,0.000,0.000,0,3920,0,27,27,27,27,70,70,70,70,70,70,70,70,110,22.000,22.000,24.500,24.500,0,0,0,0
290.839,13859826608897719907,0,0.000,0.000,0.000,0,3920,0,27,27,27,27,70,70,70,70,70,70,70,70,110,22.000,22.000,24.500,24.500,0,0,0,0
290.853,13859826608897719907,0,0.000,0.000,0.000,0,3920,0,27,27,27,27,70,70,70,70,70,70,70,70,110,22.000,22.000,24.500,24.500,0,0,0,0
290.867,13859826608897719907,0,0.000,0.000,0.000,0,3920,0,27,27,27,27,70,70,70,70,70,70,70,70,110,22.000,22.000,24.500,24.500,0,0,0,0
290.896,13859826608897719907,0,0.000,0.000,0.000,0,3920,0,27,27,27,27,70,70,70,70,70,70,70,70,110,22.000,22.000,24.500,24.500,0,0,0,0
290.910,13859826608897719907,0,0.000,0.000,0.000,0,3920,0,27,27,27,27,70,70,70,70,70,70,70,70,110,22.000,22.000,24.500,24.500,0,0,0,0
290.953,13859826608897719907,0,0.000,0.000,0.000,0,3920,0,27,27,27,27,70,70,70,70,70,70,70,70,110,22.000,22.000,24.500,24.500,0,0,0,0
290.967,13859826608897719907,0,0.000,0.000,0.000,0,3920,0,27,27,27,27,70,70,70,70,70,70,70,70,110,22.000,22.000,24.500,24.500,0,0,0,0
290.982,13859826608897719907,0,0.000,0.000,0.000,0,3920,0,27,27,27,27,70,70,70,70,70,70,70,70,110,22.000,22.000,24.500,24.500,0,0,0,0
290.996,13859826608897719907,0,0.000,0.000,0.000,0,3920,0,27,27,27,27,70,70,70,70,70,70,70,70,110,22.000,22.000,24.500,24.500,0,0,0,0
291.010,13859826608897719907,0,0.000,0.000,0.000,0,3920,0,27,27,27,27,70,70,70,70,70,70,70,70,110,22.000,22.000,24.500,24.500,0,0,0,0
291.038,13859826608897719907,0,0.000,0.000,0.000,0,3920,0,27,27,27,27,70,70,70,70,70,70,70,70,110,22.000,22.000,24.500,24.500,0,0,0,0
291.053,13859826608897719907,0,0.000,0.000,0.000,0,3920,0,27,27,27,27,70,70,70,70,70,70,70,70,110,22.000,22.000,24.500,24.500,0,0,0,0
291.067,13859826608897719907,0,0.000,0.000,0.000,0,3920,0,27,27,27,27,70,70,70,70,70,70,70,70,110,22.000,22.000,24.500,24.500,0,0,0,0
291.081,13859826608897719907,0,0.000,0.000,0.000,0,3920,0,27,27,27,27,70,70,70,70,70,70,70,70,110,22.000,22.000,24.500,24.500,0,0,0,0
291.096,13859826608897719907,0,0.000,0.000,0.000,0,3920,0,27,27,27,27,70,70,70,70,70,70,70,70,110,22.000,22.000,24.500,24.500,0,0,0,0
291.110,13859826608897719907,0,0.000,0.000,0.000,0,3920,0,27,27,27,27,70,70,70,70,70,70,70,70,110,22.000,22.000,24.500,24.500,0,0,0,0
291.153,13859826608897719907,0,0.000,0.000,0.000,0,3920,0,27,27,27,27,70,70,70,70,70,70,70,70,110,22.000,22.000,24.500,24.500,0,0,0,0
291.167,13859826608897719907,0,0.000,0.000,0.000,0,3920,0,27,27,27,27,70,70,70,70,70,70,70,70,110,22.000,22.000,24.500,24.500,0,0,0,0
291.182,13859826608897719907,0,0.000,0.000,0.000,0,3920,0,27,27,27,27,70,70,70,70,70,70,70,70,110,22.000,22.000,24.500,24.500,0,0,0,0
291.196,13859826608897719907,0,0.000,0.000,0.000,0,3920,0,27,27,27,27,70,70,70,70,70,70,70,70,110,22.000,22.000,24.500,24.500,0,0,0,0
291.210,13859826608897719907,0,0.000,0.000,0.000,0,3920,0,27,27,27,27,70,70,70,70,70,70,70,70,110,22.000,22.000,24.500,24.500,0,0,0,0
291.224,13859826608897719907,0,0.000,0.000,0.000,0,3920,0,27,27,27,27,70,70,70,70,70,70,70,70,110,22.000,22.000,24.500,24.500,0,0,0,0
291.239,13859826608897719907,0,0.000,0.000,0.000,0,3920,0,27,27,27,27,70,70,70,70,70,70,70,70,110,22.000,22.000,24.500,24.500,0,0,0,0
291.268,13859826608897719907,0,0.000,0.000,0.000,0,3920,0,27,27,27,27,70,70,70,70,70,70,70,70,110,22.000,22.000,24.500,24.500,0,0,0,0
291.282,13859826608897719907,0,0.000,0.000,0.000,0,3920,0,27,27,27,27,70,70,70,70,70,70,70,70,110,22.000,22.000,24.500,24.500,0,0,0,0
291.297,13859826608897719907,0,0.000,0.000,0.000,0,3920,0,27,27,27,27,70,70,70,70,70,70,70,70,110,22.000,22.000,24.500,24.500,0,0,0,0
291.312,13859826608897719907,0,0.000,0.000,0.000,0,3920,0,27,27,27,27,70,70,70,70,70,70,70,70,110,22.000,22.000,24.500,24.500,0,0,0,0
291.327,13859826608897719907,0,0.000,0.000,0.000,0,3920,0,27,27,27,27,70,70,70,70,70,70,70,70,110,22.000,22.000,24.500,24.500,0,0,0,0
291.341,13859826608897719907,0,0.000,0.000,0.000,0,3920,0,27,27,27,27,70,70,70,70,70,70,70,70,110,22.000,22.000,24.500,24.500,0,0,0,0
291.356,13859826608897719907,0,0.000,0.000,0.000,0,3920,0,27,27,27,27,70,70,70,70,70,70,70,70,110,22.000,22.000,24.500,24.500,0,0,0,0
291.386,13859826608897719907,0,0.000,0.000,0.000,0,3920,0,27,27,27,27,70,70,70,70,70,70,70,70,110,22.000,22.000,24.500,24.500,0,0,0,0
291.401,13859826608897719907,0,0.000,0.000,0.000,0,3920,0,27,27,27,27,70,70,70,70,70,70,70,70,110,22.000,22.000,24.500,24.500,0,0,0,0
291.416,13859826608897719907,0,0.000,0.000,0.000,0,3920,0,27,27,27,27,70,70,70,70,70,70,70,70,110,22.000,22.000,24.500,24.500,0,0,0,0
291.431,13859826608897719907,0,0.000,0.000,0.000,0,3920,0,27,27,27,27,70,70,70,70,70,70,70,70,110,22.000,22.000,24.500,24.500,0,0,0,0
291.445,13859826608897719907,0,0.000,0.000,0.000,0,3920,0,27,27,27,27,70,70,70,70,70,70,70,70,110,22.000,22.000,24.500,24.500,0,0,0,0
291.460,13859826608897719907,0,0.000,0.000,0.000,0,3920,0,27,27,27,27,70,70,70,70,70,70,70,70,110,22.000,22.000,24.500,24.500,0,0,0,0
291.475,13859826608897719907,0,0.000,0.000,0.000,0,3920,0,27,27,27,27,70,70,70,70,70,70,70,70,110,22.000,22.000,24.500,24.500,0,0,0,0
291.490,13859826608897719907,0,0.000,0.000,0.000,0,3920,0,27,27,27,27,70,70,70,70,70,70,70,70,110,22.000,22.000,24.500,24.500,0,0,0,0
291.505,13859826608897719907,0,0.000,0.000,0.000,0,3920,0,27,27,27,27,70,70,70,70,70,70,70,70,110,22.000,22.000,24.500,24.500,0,0,0,0
291.535,13859826608897719907,0,0.000,0.000,0.000,0,3920,0,27,27,27,27,70,70,70,70,70,70,70,70,110,22.000,22.000,24.500,24.500,0,0,0,0
291.549,13859826608897719907,0,0.000,0.000,0.000,0,3920,0,27,27,27,27,70,70,70,70,70,70,70,70,110,22.000,22.000,24.500,24.500,0,0,0,0
291.564,13859826608897719907,0,0.000,0.000,0.000,0,3920,0,27,27,27,27,70,70,70,70,70,70,70,70,110,22.000,22.000,24.500,24.500,0,0,0,0
291.579,13859826608897719907,0,0.000,0.000,0.000,0,3920,0,27,27,27,27,70,70,70,70,70,70,70,70,110,22.000,22.000,24.500,24.500,0,0,0,0
291.594,13859826608897719907,0,0.000,0.000,0.000,0,3920,0,27,27,27,27,70,70,70,70,70,70,70,70,110,22.000,22.000,24.500,24.500,0,0,0,0
291.608,13859826608897719907,0,0.000,0.000,0.000,0,3920,0,27,27,27,27,70,70,70,70,70,70,70,70,110,22.000,22.000,24.500,24.500,0,0,0,0
291.623,13859826608897719907,0,0.000,0.000,0.000,0,3920,0,27,27,27,27,70,70,70,70,70,70,70,70,110,22.000,22.000,24.500,24.500,0,0,0,0
291.652,13859826608897719907,0,0.000,0.000,0.000,0,3920,0,27,27,27,27,70,70,70,70,70,70,70,70,110,22.000,22.000,24.500,24.500,0,0,0,0
291.667,13859826608897719907,0,0.000,0.000,0.000,0,3920,0,27,27,27,27,70,70,70,70,70,70,70,70,110,22.000,22.000,24.500,24.500,0,0,0,0
291.682,13859826608897719907,0,0.000,0.000,0.000,0,3920,0,27,27,27,27,70,70,70,70,70,70,70,70,110,22.000,22.000,24.500,24.500,0,0,0,0
291.696,13859826608897719907,0,0.000,0.000,0.000,0,3920,0,27,27,27,27,70,70,70,70,70,70,70,70,110,22.000,22.000,24.500,24.500,0,0,0,0
291.711,13859826608897719907,0,0.000,0.000,0.000,0,3920,0,27,27,27,27,70,70,70,70,70,70,70,70,110,22.000,22.000,24.500,24.500,0,0,0,0
291.726,13859826608897719907,0,0.000,0.000,0.000,0,3920,0,27,27,27,27,70,70,70,70,70,70,70,70,110,22.000,22.000,24.500,24.500,0,0,0,0
291.741,13859826608897719907,0,0.000,0.000,0.000,0,3920,0,27,27,27,27,70,70,70,70,70,70,70,70,110,22.000,22.000,24.500,24.500,0,0,0,0
291.755,13859826608897719907,0,0.000,0.000,0.000,0,3920,0,27,27,27,27,70,70,70,70,70,70,70,70,110,22.000,22.000,24.500,24.500,0,0,0,0
291.784,13859826608897719907,0,0.000,0.000,0.000,0,3920,0,27,27,27,27,70,70,70,70,70,70,70,70,110,22.000,22.000,24.500,24.500,0,0,0,0
291.799,13859826608897719907,0,0.000,0.000,0.000,0,3920,0,27,27,27,27,70,70,70,70,70,70,70,70,110,22.000,22.000,24.500,24.500,0,0,0,0
291.814,13859826608897719907,0,0.000,0.000,0.000,0,3920,0,27,27,27,27,70,70,70,70,70,70,70,70,110,22.000,22.000,24.500,24.500,0,0,0,0
291.828,13859826608897719907,0,0.000,0.000,0.000,0,3920,0,27,27,27,27,70,70,70,70,70,70,70,70,110,22.000,22.000,24.500,24.500,0,0,0,0
291.849,13859826608897719907,0,0.000,0.000,0.000,0,3920,0,27,27,27,27,70,70,70,70,70,70,70,70,110,22.000,22.000,24.500,24.500,0,0,0,0
291.870,13859826608897719907,0,0.000,0.000,0.000,0,3920,0,27,27,27,27,70,70,70,70,70,70,70,70,110,22.000,22.000,24.500,24.500,0,0,0,0
291.972,13859826608897719907,0,0.000,0.000,0.000,0,3920,0,27,27,27,27,70,70,70,70,70,70,70,70,110,22.000,22.000,24.500,24.500,0,0,0,0
292.016,13859826608897719907,0,0.000,0.000,0.000,0,3920,0,27,27,27,27,70,70,70,70,70,70,70,70,110,22.000,22.000,24.500,24.500,0,0,0,0
292.030,13859826608897719907,0,0.000,0.000,0.000,0,3920,0,27,27,27,27,70,70,70,70,70,70,70,70,110,22.000,22.000,24.500,24.500,0,0,0,0
292.060,13859826608897719907,0,0.000,0.000,0.000,0,3920,0,27,27,27,27,70,70,70,70,70,70,70,70,110,22.000,22.000,24.500,24.500,0,0,0,0
292.088,13859826608897719907,0,0.000,0.000,0.000,0,3920,0,27,27,27,27,70,70,70,70,70,70,70,70,110,22.000,22.000,24.500,24.500,0,0,0,0
292.103,13859826608897719907,0,0.000,0.000,0.000,0,3920,0,27,27,27,27,70,70,70,70,70,70,70,70,110,22.000,22.000,24.500,24.500,0,0,0,0
292.117,13859826608897719907,0,0.000,0.000,0.000,0,3920,0,27,27,27,27,70,70,70,70,70,70,70,70,110,22.000,22.000,24.500,24.500,0,0,0,0
292.146,13859826608897719907,0,0.000,0.000,0.000,0,3920,0,27,27,27,27,70,70,70,70,70,70,70,70,110,22.000,22.000,24.500,24.500,0,0,0,0
292.204,13859826608897719907,0,0.000,0.000,0.000,0,3920,0,27,27,27,27,70,70,70,70,70,70,70,70,110,22.000,22.000,24.500,24.500,0,0,0,0
292.219,13859826608897719907,0,0.000,0.000,0.000,0,3920,0,27,27,27,27,70,70,70,70,70,70,70,70,110,22.000,22.000,24.500,24.500,0,0,0,0
292.233,13859826608897719907,0,0.000,0.000,0.000,0,3920,0,27,27,27,27,70,70,70,70,70,70,70,70,110,22.000,22.000,24.500,24.500,0,0,0,0
292.248,13859826608897719907,0,0.000,0.000,0.000,0,3920,0,27,27,27,27,70,70,70,70,70,70,70,70,110,22.000,22.000,24.500,24.500,0,0,0,0
292.262,13859826608897719907,0,0.000,0.000,0.000,0,3920,0,27,27,27,27,70,70,70,70,70,70,70,70,110,22.000,22.000,24.500,24.500,0,0,0,0
292.292,13859826608897719907,0,0.000,0.000,0.000,0,3920,0,27,27,27,27,70,70,70,70,70,70,70,70,110,22.000,22.000,24.500,24.500,0,0,0,0
292.321,13859826608897719907,0,0.000,0.000,0.000,0,3920,0,27,27,27,27,70,70,70,70,70,70,70,70,110,22.000,22.000,24.500,24.500,0,0,0,0
292.335,13859826608897719907,0,0.000,0.000,0.000,0,3920,0,27,27,27,27,70,70,70,70,70,70,70,70,110,22.000,22.000,24.500,24.500,0,0,0,0
292.350,13859826608897719907,0,0.000,0.000,0.000,0,3920,0,27,27,27,27,70,70,70,70,70,70,70,70,110,22.000,22.000,24.500,24.500,0,0,0,0
292.364,13859826608897719907,0,0.000,0.000,0.000,0,3920,0,27,27,27,27,70,70,70,70,70,70,70,70,110,22.000,22.000,24.500,24.500,0,0,0,0
292.379,13859826608897719907,0,0.000,0.000,0.000,0,3920,0,27,27,27,27,70,70,70,70,70,70,70,70,110,22.000,22.000,24.500,24.500,0,0,0,0
292.393,13859826608897719907,0,0.000,0.000,0.000,0,3920,0,27,27,27,27,70,70,70,70,70,70,70,70,110,22.000,22.000,24.500,24.500,0,0,0,0
292.408,13859826608897719907,0,0.000,0.000,0.000,0,3920,0,27,27,27,27,70,70,70,70,70,70,70,70,110,22.000,22.000,24.500,24.500,0,0,0,0
292.452,13859826608897719907,0,0.000,0.000,0.000,0,3920,0,27,27,27,27,70,70,70,70,70,70,70,70,110,22.000,22.000,24.500,24.500,0,0,0,0
292.467,13859826608897719907,0,0.000,0.000,0.000,0,3920,0,27,27,27,27,70,70,70,70,70,70,70,70,110,22.000,22.000,24.500,24.500,0,0,0,0
292.482,13859826608897719907,0,0.000,0.000,0.000,0,3920,0,27,27,27,27,70,70,70,70,70,70,70,70,110,22.000,22.000,24.500,24.500,0,0,0,0
292.496,13859826608897719907,0,0.000,0.000,0.000,0,3920,0,27,27,27,27,70,70,70,70,70,70,70,70,110,22.000,22.000,24.500,24.500,0,0,0,0
292.511,13859826608897719907,0,0.000,0.000,0.000,0,3920,0,27,27,27,27,70,70,70,70,70,70,70,70,110,22.000,22.000,24.500,24.500,0,0,0,0
292.526,13859826608897719907,0,0.000,0.000,0.000,0,3920,0,27,27,27,27,70,70,70,70,70,70,70,70,110,22.000,22.000,24.500,24.500,0,0,0,0
292.541,13859826608897719907,0,0.000,0.000,0.000,0,3920,0,27,27,27,27,70,70,70,70,70,70,70,70,110,22.000,22.000,24.500,24.500,0,0,0,0
292.571,13859826608897719907,0,0.000,0.000,0.000,0,3920,0,27,27,27,27,70,70,70,70,70,70,70,70,110,22.000,22.000,24.500,24.500,0,0,0,0
292.585,13859826608897719907,0,0.000,0.000,0.000,0,3920,0,27,27,27,27,70,70,70,70,70,70,70,70,110,22.000,22.000,24.500,24.500,0,0,0,0
292.600,13859826608897719907,0,0.000,0.000,0.000,0,3920,0,27,27,27,27,70,70,70,70,70,70,70,70,110,22.000,22.000,24.500,24.500,0,0,0,0
292.615,13859826608897719907,0,0.000,0.000,0.000,0,3920,0,27,27,27,27,70,70,70,70,70,70,70,70,110,22.000,22.000,24.500,24.500,0,0,0,0
292.630,13859826608897719907,0,0.000,0.000,0.000,0,3920,0,27,27,27,27,70,70,70,70,70,70,70,70,110,22.000,22.000,24.500,24.500,0,0,0,0
292.645,13859826608897719907,0,0.000,0.000,0.000,0,3920,0,27,27,27,27,70,70,70,70,70,70,70,70,110,22.000,22.000,24.500,24.500,0,0,0,0
292.675,13859826608897719907,0,0.000,0.000,0.000,0,3920,0,27,27,27,27,70,70,70,70,70,70,70,70,110,22.000,22.000,24.500,24.500,0,0,0,0
292.690,13859826608897719907,0,0.000,0.000,0.000,0,3920,0,27,27,27,27,70,70,70,70,70,70,70,70,110,22.000,22.000,24.500,24.500,0,0,0,0
292.720,13859826608897719907,0,0.000,0.000,0.000,0,3920,0,27,27,27,27,70,70,70,70,70,70,70,70,110,22.000,22.000,24.500,24.500,0,0,0,0
292.735,13859826608897719907,0,0.000,0.000,0.000,0,3920,0,27,27,27,27,70,70,70,70,70,70,70,70,110,22.000,22.000,24.500,24.500,0,0,0,0
292.750,13859826608897719907,0,0.000,0.000,0.000,0,3920,0,27,27,27,27,70,70,70,70,70,70,70,70,110,22.000,22.000,24.500,24.500,0,0,0,0
292.765,13859826608897719907,0,0.000,0.000,0.000,0,3920,0,27,27,27,27,70,70,70,70,70,70,70,70,110,22.000,22.000,24.500,24.500,0,0,0,0
292.780,13859826608897719907,0,0.000,0.000,0.000,0,3920,0,27,27,27,27,70,70,70,70,70,70,70,70,110,22.000,22.000,24.500,24.500,0,0,0,0
292.795,13859826608897719907,0,0.000,0.000,0.000,0,3920,0,27,27,27,27,70,70,70,70,70,70,70,70,110,22.000,22.000,24.500,24.500,0,0,0,0
292.810,13859826608897719907,0,0.000,0.000,0.000,0,3920,0,27,27,27,27,70,70,70,70,70,70,70,70,110,22.000,22.000,24.500,24.500,0,0,0,0
292.825,13859826608897719907,0,0.000,0.000,0.000,0,3920,0,27,27,27,27,70,70,70,70,70,70,70,70,110,22.000,22.000,24.500,24.500,0,0,0,0
292.841,13859826608897719907,0,0.000,0.000,0.000,0,3920,0,27,27,27,27,70,70,70,70,70,70,70,70,110,22.000,22.000,24.500,24.500,0,0,0,0
292.870,13859826608897719907,0,0.000,0.000,0.000,0,3920,0,27,27,27,27,70,70,70,70,70,70,70,70,110,22.000,22.000,24.500,24.500,0,0,0,0
292.885,13859826608897719907,0,0.000,0.000,0.000,0,3920,0,27,27,27,27,70,70,70,70,70,70,70,70,110,22.000,22.000,24.500,24.500,0,0,0,0
292.900,13859826608897719907,0,0.000,0.000,0.000,0,3920,0,27,27,27,27,70,70,70,70,70,70,70,70,110,22.000,22.000,24.500,24.500,0,0,0,0
292.915,13859826608897719907,0,0.000,0.000,0.000,0,3920,0,27,27,27,27,70,70,70,70,70,70,70,70,110,22.000,22.000,24.500,24.500,0,0,0,0
292.944,13859826608897719907,0,0.000,0.000,0.000,0,3920,0,27,27,27,27,70,70,70,70,70,70,70,70,110,22.000,22.000,24.500,24.500,0,0,0,0
292.959,13859826608897719907,0,0.000,0.000,0.000,0,3920,0,27,27,27,27,70,70,70,70,70,70,70,70,110,22.000,22.000,24.500,24.500,0,0,0,0
292.990,13859826608897719907,0,0.000,0.000,0.000,0,3920,0,27,27,27,27,70,70,70,70,70,70,70,70,110,22.000,22.000,24.500,24.500,0,0,0,0
293.006,13859826608897719907,0,0.000,0.000,0.000,0,3920,0,27,27,27,27,70,70,70,70,70,70,70,70,110,22.000,22.000,24.500,24.500,0,0,0,0
293.037,13859826608897719907,0,0.000,0.000,0.000,0,3920,0,27,27,27,27,70,70,70,70,70,70,70,70,110,22.000,22.000,24.500,24.500,0,0,0,0
293.084,13859826608897719907,0,0.000,0.000,0.000,0,3920,0,27,27,27,27,70,70,70,70,70,70,70,70,110,22.000,22.000,24.500,24.500,0,0,0,0
293.099,13859826608897719907,0,0.000,0.000,0.000,0,3920,0,27,27,27,27,70,70,70,70,70,70,70,70,110,22.000,22.000,24.500,24.500,0,0,0,0
293.146,13859826608897719907,0,0.000,0.000,0.000,0,3920,0,27,27,27,27,70,70,70,70,70,70,70,70,110,22.000,22.000,24.500,24.500,0,0,0,0
293.193,13859826608897719907,0,0.000,0.000,0.000,0,3920,0,27,27,27,27,70,70,70,70,70,70,70,70,110,22.000,22.000,24.500,24.500,0,0,0,0
293.209,13859826608897719907,0,0.000,0.000,0.000,0,3920,0,27,27,27,27,70,70,70,70,70,70,70,70,110,22.000,22.000,24.500,24.500,0,0,0,0
293.254,13859826608897719907,0,0.000,0.000,0.000,0,3920,0,27,27,27,27,70,70,70,70,70,70,70,70,110,22.000,22.000,24.500,24.500,0,0,0,0
293.269,13859826608897719907,0,0.000,0.000,0.000,0,3920,0,27,27,27,27,70,70,70,70,70,70,70,70,110,22.000,22.000,24.500,24.500,0,0,0,0
293.313,13859826608897719907,0,0.000,0.000,0.000,0,3920,0,27,27,27,27,70,70,70,70,70,70,70,70,110,22.000,22.000,24.500,24.500,0,0,0,0
293.358,13859826608897719907,0,0.000,0.000,0.000,0,3920,0,27,27,27,27,70,70,70,70,70,70,70,70,110,22.000,22.000,24.500,24.500,0,0,0,0
293.387,13859826608897719907,0,0.000,0.000,0.000,0,3920,0,27,27,27,27,70,70,70,70,70,70,70,70,110,22.000,22.000,24.500,24.500,0,0,0,0
293.401,13859826608897719907,0,0.000,0.000,0.000,0,3920,0,27,27,27,27,70,70,70,70,70,70,70,70,110,22.000,22.000,24.500,24.500,0,0,0,0
293.416,13859826608897719907,0,0.000,0.000,0.000,0,3920,0,27,27,27,27,70,70,70,70,70,70,70,70,110,22.000,22.000,24.500,24.500,0,0,0,0
293.430,13859826608897719907,0,0.000,0.000,0.000,0,3920,0,27,27,27,27,70,70,70,70,70,70,70,70,110,22.000,22.000,24.500,24.500,0,0,0,0
293.459,13859826608897719907,0,0.000,0.000,0.000,0,3920,0,27,27,27,27,70,70,70,70,70,70,70,70,110,22.000,22.000,24.500,24.500,0,0,0,0
293.474,13859826608897719907,0,0.000,0.000,0.000,0,3920,0,27,27,27,27,70,70,70,70,70,70,70,70,110,22.000,22.000,24.500,24.500,0,0,0,0
293.504,13859826608897719907,0,0.000,0.000,0.000,0,3920,0,27,27,27,27,70,70,70,70,70,70,70,70,110,22.000,22.000,24.500,24.500,0,0,0,0
293.533,13859826608897719907,0,0.000,0.000,0.000,0,3920,0,27,27,27,27,70,70,70,70,70,70,70,70,110,22.000,22.000,24.500,24.500,0,0,0,0
293.548,13859826608897719907,0,0.000,0.000,0.000,0,3920,0,27,27,27,27,70,70,70,70,70,70,70,70,110,22.000,22.000,24.500,24.500,0,0,0,0
293.563,13859826608897719907,0,0.000,0.000,0.000,0,3920,0,27,27,27,27,70,70,70,70,70,70,70,70,110,22.000,22.000,24.500,24.500,0,0,0,0
293.577,13859826608897719907,0,0.000,0.000,0.000,0,3920,0,27,27,27,27,70,70,70,70,70,70,70,70,110,22.000,22.000,24.500,24.500,0,0,0,0
293.592,13859826608897719907,0,0.000,0.000,0.000,0,3920,0,27,27,27,27,70,70,70,70,70,70,70,70,110,22.000,22.000,24.500,24.500,0,0,0,0
293.607,13859826608897719907,0,0.000,0.000,0.000,0,3920,0,27,27,27,27,70,70,70,70,70,70,70,70,110,22.000,22.000,24.500,24.500,0,0,0,0
293.636,13859826608897719907,0,0.000,0.000,0.000,0,3920,0,27,27,27,27,70,70,70,70,70,70,70,70,110,22.000,22.000,24.500,24.500,0,0,0,0
293.651,13859826608897719907,0,0.000,0.000,0.000,0,3920,0,27,27,27,27,70,70,70,70,70,70,70,70,110,22.000,22.000,24.500,24.500,0,0,0,0
293.665,13859826608897719907,0,0.000,0.000,0.000,0,3920,0,27,27,27,27,70,70,70,70,70,70,70,70,110,22.000,22.000,24.500,24.500,0,0,0,0
293.680,13859826608897719907,0,0.000,0.000,0.000,0,3920,0,27,27,27,27,70,70,70,70,70,70,70,70,110,22.000,22.000,24.500,24.500,0,0,0,0
293.695,13859826608897719907,0,0.000,0.000,0.000,0,3920,0,27,27,27,27,70,70,70,70,70,70,70,70,110,22.000,22.000,24.500,24.500,0,0,0,0
293.710,13859826608897719907,0,0.000,0.000,0.000,0,3920,0,27,27,27,27,70,70,70,70,70,70,70,70,110,22.000,22.000,24.500,24.500,0,0,0,0
293.725,13859826608897719907,0,0.000,0.000,0.000,0,3920,0,27,27,27,27,70,70,70,70,70,70,70,70,110,22.000,22.000,24.500,24.500,0,0,0,0
293.740,13859826608897719907,0,0.000,0.000,0.000,0,3920,0,27,27,27,27,70,70,70,70,70,70,70,70,110,22.000,22.000,24.500,24.500,0,0,0,0
293.770,13859826608897719907,0,0.000,0.000,0.000,0,3920,0,27,27,27,27,70,70,70,70,70,70,70,70,110,22.000,22.000,24.500,24.500,0,0,0,0
293.785,13859826608897719907,0,0.000,0.000,0.000,0,3920,0,27,27,27,27,70,70,70,70,70,70,70,70,110,22.000,22.000,24.500,24.500,0,0,0,0
293.799,13859826608897719907,0,0.000,0.000,0.000,0,3920,0,27,27,27,27,70,70,70,70,70,70,70,70,110,22.000,22.000,24.500,24.500,0,0,0,0
293.814,13859826608897719907,0,0.000,0.000,0.000,0,3920,0,27,27,27,27,70,70,70,70,70,70,70,70,110,22.000,22.000,24.500,24.500,0,0,0,0
293.828,13859826608897719907,0,0.000,0.000,0.000,0,3920,0,27,27,27,27,70,70,70,70,70,70,70,70,110,22.000,22.000,24.500,24.500,0,0,0,0
293.843,13859826608897719907,0,0.000,0.000,0.000,0,3920,0,27,27,27,27,70,70,70,70,70,70,70,70,110,22.000,22.000,24.500,24.500,0,0,0,0
293.857,13859826608897719907,0,0.000,0.000,0.000,0,3920,0,27,27,27,27,70,70,70,70,70,70,70,70,110,22.000,22.000,24.500,24.500,0,0,0,0
293.886,13859826608897719907,0,0.000,0.000,0.000,0,3920,0,27,27,27,27,70,70,70,70,70,70,70,70,110,22.000,22.000,24.500,24.500,0,0,0,0
293.901,13859826608897719907,0,0.000,0.000,0.000,0,3920,0,27,27,27,27,70,70,70,70,70,70,70,70,110,22.000,22.000,24.500,24.500,0,0,0,0
293.916,13859826608897719907,0,0.000,0.000,0.000,0,3920,0,27,27,27,27,70,70,70,70,70,70,70,70,110,22.000,22.000,24.500,24.500,0,0,0,0
293.945,13859826608897719907,0,0.000,0.000,0.000,0,3920,0,27,27,27,27,70,70,70,70,70,70,70,70,110,22.000,22.000,24.500,24.500,0,0,0,0
293.959,13859826608897719907,0,0.000,0.000,0.000,0,3920,0,27,27,27,27,70,70,70,70,70,70,70,70,110,22.000,22.000,24.500,24.500,0,0,0,0
293.988,13859826608897719907,0,0.000,0.000,0.000,0,3920,0,27,27,27,27,70,70,70,70,70,70,70,70,110,22.000,22.000,24.500,24.500,0,0,0,0
294.003,13859826608897719907,0,0.000,0.000,0.000,0,3920,0,27,27,27,27,70,70,70,70,70,70,70,70,110,22.000,22.000,24.500,24.500,0,0,0,0
294.017,13859826608897719907,0,0.000,0.000,0.000,0,3920,0,27,27,27,27,70,70,70,70,70,70,70,70,110,22.000,22.000,24.500,24.500,0,0,0,0
294.031,13859826608897719907,0,0.000,0.000,0.000,0,3920,0,27,27,27,27,70,70,70,70,70,70,70,70,110,22.000,22.000,24.500,24.500,0,0,0,0
294.046,13859826608897719907,0,0.000,0.000,0.000,0,3920,0,27,27,27,27,70,70,70,70,70,70,70,70,110,22.000,22.000,24.500,24.500,0,0,0,0
294.060,13859826608897719907,0,0.000,0.000,0.000,0,3920,0,27,27,27,27,70,70,70,70,70,70,70,70,110,22.000,22.000,24.500,24.500,0,0,0,0
294.075,13859826608897719907,0,0.000,0.000,0.000,0,3920,0,27,27,27,27,70,70,70,70,70,70,70,70,110,22.000,22.000,24.500,24.500,0,0,0,0
294.089,13859826608897719907,0,0.000,0.000,0.000,0,3920,0,27,27,27,27,70,70,70,70,70,70,70,70,110,22.000,22.000,24.500,24.500,0,0,0,0
294.118,13859826608897719907,0,0.000,0.000,0.000,0,3920,0,27,27,27,27,70,70,70,70,70,70,70,70,110,22.000,22.000,24.500,24.500,0,0,0,0
294.133,13859826608897719907,0,0.000,0.000,0.000,0,3920,0,27,27,27,27,70,70,70,70,70,70,70,70,110,22.000,22.000,24.500,24.500,0,0,0,0
294.147,13859826608897719907,0,0.000,0.000,0.000,0,3920,0,27,27,27,27,70,70,70,70,70,70,70,70,110,22.000,22.000,24.500,24.500,0,0,0,0
294.162,13859826608897719907,0,0.000,0.000,0.000,0,3920,0,27,27,27,27,70,70,70,70,70,70,70,70,110,22.000,22.000,24.500,24.500,0,0,0,0
294.176,13859826608897719907,0,0.000,0.000,0.000,0,3920,0,27,27,27,27,70,70,70,70,70,70,70,70,110,22.000,22.000,24.500,24.500,0,0,0,0
294.190,13859826608897719907,0,0.000,0.000,0.000,0,3920,0,27,27,27,27,70,70,70,70,70,70,70,70,110,22.000,22.000,24.500,24.500,0,0,0,0
294.219,13859826608897719907,0,0.000,0.000,0.000,0,3920,0,27,27,27,27,70,70,70,70,70,70,70,70,110,22.000,22.000,24.500,24.500,0,0,0,0
294.234,13859826608897719907,0,0.000,0.000,0.000,0,3920,0,27,27,27,27,70,70,70,70,70,70,70,70,110,22.000,22.000,24.500,24.500,0,0,0,0
294.248,13859826608897719907,0,0.000,0.000,0.000,0,3920,0,27,27,27,27,70,70,70,70,70,70,70,70,110,22.000,22.000,24.500,24.500,0,0,0,0
294.262,13859826608897719907,0,0.000,0.000,0.000,0,3920,0,27,27,27,27,70,70,70,70,70,70,70,70,110,22.000,22.000,24.500,24.500,0,0,0,0
294.276,13859826608897719907,0,0.000,0.000,0.000,0,3920,0,27,27,27,27,70,70,70,70,70,70,70,70,110,22.000,22.000,24.500,24.500,0,0,0,0
294.305,13859826608897719907,0,0.000,0.000,0.000,0,3920,0,27,27,27,27,70,70,70,70,70,70,70,70,110,22.000,22.000,24.500,24.500,0,0,0,0
294.319,13859826608897719907,0,0.000,0.000,0.000,0,3920,0,27,27,27,27,70,70,70,70,70,70,70,70,110,22.000,22.000,24.500,24.500,0,0,0,0
294.333,13859826608897719907,0,0.000,0.000,0.000,0,3920,0,27,27,27,27,70,70,70,70,70,70,70,70,110,22.000,22.000,24.500,24.500,0,0,0,0
294.347,13859826608897719907,0,0.000,0.000,0.000,0,3920,0,27,27,27,27,70,70,70,70,70,70,70,70,110,22.000,22.000,24.500,24.500,0,0,0,0
294.362,13859826608897719907,0,0.000,0.000,0.000,0,3920,0,27,27,27,27,70,70,70,70,70,70,70,70,110,22.000,22.000,24.500,24.500,0,0,0,0
294.376,13859826608897719907,0,0.000,0.000,0.000,0,3920,0,27,27,27,27,70,70,70,70,70,70,70,70,110,22.000,22.000,24.500,24.500,0,0,0,0
294.390,13859826608897719907,0,0.000,0.000,0.000,0,3920,0,27,27,27,27,70,70,70,70,70,70,70,70,110,22.000,22.000,24.500,24.500,0,0,0,0
294.418,13859826608897719907,0,0.000,0.000,0.000,0,3920,0,27,27,27,27,70,70,70,70,70,70,70,70,110,22.000,22.000,24.500,24.500,0,0,0,0
294.432,13859826608897719907,0,0.000,0.000,0.000,0,3920,0,27,27,27,27,70,70,70,70,70,70,70,70,110,22.000,22.000,24.500,24.500,0,0,0,0
294.446,13859826608897719907,0,0.000,0.000,0.000,0,3920,0,27,27,27,27,70,70,70,70,70,70,70,70,110,22.000,22.000,24.500,24.500,0,0,0,0
294.460,13859826608897719907,0,0.000,0.000,0.000,0,3920,0,27,27,27,27,70,70,70,70,70,70,70,70,110,22.000,22.000,24.500,24.500,0,0,0,0
294.488,13859826608897719907,0,0.000,0.000,0.000,0,3920,0,27,27,27,27,70,70,70,70,70,70,70,70,110,22.000,22.000,24.500,24.500,0,0,0,0
294.503,13859826608897719907,0,0.000,0.000,0.000,0,3920,0,27,27,27,27,70,70,70,70,70,70,70,70,110,22.000,22.000,24.500,24.500,0,0,0,0
294.517,13859826608897719907,0,0.000,0.000,0.000,0,3920,0,27,27,27,27,70,70,70,70,70,70,70,70,110,22.000,22.000,24.500,24.500,0,0,0,0
294.532,13859826608897719907,0,0.000,0.000,0.000,0,3920,0,27,27,27,27,70,70,70,70,70,70,70,70,110,22.000,22.000,24.500,24.500,0,0,0,0
294.546,13859826608897719907,0,0.000,0.000,0.000,0,3920,0,27,27,27,27,70,70,70,70,70,70,70,70,110,22.000,22.000,24.500,24.500,0,0,0,0
294.561,13859826608897719907,0,0.000,0.000,0.000,0,3920,0,27,27,27,27,70,70,70,70,70,70,70,70,110,22.000,22.000,24.500,24.500,0,0,0,0
294.576,13859826608897719907,0,0.000,0.000,0.000,0,3920,0,27,27,27,27,70,70,70,70,70,70,70,70,110,22.000,22.000,24.500,24.500,0,0,0,0
294.591,13859826608897719907,0,0.000,0.000,0.000,0,3920,0,27,27,27,27,70,70,70,70,70,70,70,70,110,22.000,22.000,24.500,24.500,0,0,0,0
294.620,13859826608897719907,0,0.000,0.000,0.000,0,3920,0,27,27,27,27,70,70,70,70,70,70,70,70,110,22.000,22.000,24.500,24.500,0,0,0,0
294.634,13859826608897719907,0,0.000,0.000,0.000,0,3920,0,27,27,27,27,70,70,70,70,70,70,70,70,110,22.000,22.000,24.500,24.500,0,0,0,0
294.649,13859826608897719907,0,0.000,0.000,0.000,0,3920,0,27,27,27,27,70,70,70,70,70,70,70,70,110,22.000,22.000,24.500,24.500,0,0,0,0
294.663,13859826608897719907,0,0.000,0.000,0.000,0,3920,0,27,27,27,27,70,70,70,70,70,70,70,70,110,22.000,22.000,24.500,24.500,0,0,0,0
294.692,13859826608897719907,0,0.000,0.000,0.000,0,3920,0,27,27,27,27,70,70,70,70,70,70,70,70,110,22.000,22.000,24.500,24.500,0,0,0,0
294.707,13859826608897719907,0,0.000,0.000,0.000,0,3920,0,27,27,27,27,70,70,70,70,70,70,70,70,110,22.000,22.000,24.500,24.500,0,0,0,0
294.735,13859826608897719907,0,0.000,0.000,0.000,0,3920,0,27,27,27,27,70,70,70,70,70,70,70,70,110,22.000,22.000,24.500,24.500,0,0,0,0
294.750,13859826608897719907,0,0.000,0.000,0.000,0,3920,0,27,27,27,27,70,70,70,70,70,70,70,70,110,22.000,22.000,24.500,24.500,0,0,0,0
294.764,13859826608897719907,0,0.000,0.000,0.000,0,3920,0,27,27,27,27,70,70,70,70,70,70,70,70,110,22.000,22.000,24.500,24.500,0,0,0,0
294.778,13859826608897719907,0,0.000,0.000,0.000,0,3920,0,27,27,27,27,70,70,70,70,70,70,70,70,110,22.000,22.000,24.500,24.500,0,0,0,0
294.792,13859826608897719907,0,0.000,0.000,0.000,0,3920,0,27,27,27,27,70,70,70,70,70,70,70,70,110,22.000,22.000,24.500,24.500,0,0,0,0
294.821,13859826608897719907,0,0.000,0.000,0.000,0,3920,0,27,27,27,27,70,70,70,70,70,70,70,70,110,22.000,22.000,24.500,24.500,0,0,0,0
294.835,13859826608897719907,0,0.000,0.000,0.000,0,3920,0,27,27,27,27,70,70,70,70,70,70,70,70,110,22.000,22.000,24.500,24.500,0,0,0,0
294.849,13859826608897719907,0,0.000,0.000,0.000,0,3920,0,27,27,27,27,70,70,70,70,70,70,70,70,110,22.000,22.000,24.500,24.500,0,0,0,0
294.864,13859826608897719907,0,0.000,0.000,0.000,0,3920,0,27,27,27,27,70,70,70,70,70,70,70,70,110,22.000,22.000,24.500,24.500,0,0,0,0
294.906,13859826608897719907,0,0.000,0.000,0.000,0,3920,0,27,27,27,27,70,70,70,70,70,70,70,70,110,22.000,22.000,24.500,24.500,0,0,0,0
294.920,13859826608897719907,0,0.000,0.000,0.000,0,3920,0,27,27,27,27,70,70,70,70,70,70,70,70,110,22.000,22.000,24.500,24.500,0,0,0,0
294.962,13859826608897719907,0,0.000,0.000,0.000,0,3920,0,27,27,27,27,70,70,70,70,70,70,70,70,110,22.000,22.000,24.500,24.500,0,0,0,0
294.990,13859826608897719907,0,0.000,0.000,0.000,0,3920,0,27,27,27,27,70,70,70,70,70,70,70,70,110,22.000,22.000,24.500,24.500,0,0,0,0
295.018,13859826608897719907,0,0.000,0.000,0.000,0,3920,0,27,27,27,27,70,70,70,70,70,70,70,70,110,22.000,22.000,24.500,24.500,0,0,0,0
295.046,13859826608897719907,0,0.000,0.000,0.000,0,3920,0,27,27,27,27,70,70,70,70,70,70,70,70,110,22.000,22.000,24.500,24.500,0,0,0,0
295.060,13859826608897719907,0,0.000,0.000,0.000,0,3920,0,27,27,27,27,70,70,70,70,70,70,70,70,110,22.000,22.000,24.500,24.500,0,0,0,0
295.075,13859826608897719907,0,0.000,0.000,0.000,0,3920,0,27,27,27,27,70,70,70,70,70,70,70,70,110,22.000,22.000,24.500,24.500,0,0,0,0
295.103,13859826608897719907,0,0.000,0.000,0.000,0,3920,0,27,27,27,27,70,70,70,70,70,70,70,70,110,22.000,22.000,24.500,24.500,0,0,0,0
295.145,13859826608897719907,0,0.000,0.000,0.000,0,3920,0,27,27,27,27,70,70,70,70,70,70,70,70,110,22.000,22.000,24.500,24.500,0,0,0,0
295.174,13859826608897719907,0,0.000,0.000,0.000,0,3920,0,27,27,27,27,70,70,70,70,70,70,70,70,110,22.000,22.000,24.500,24.500,0,0,0,0
295.202,13859826608897719907,0,0.000,0.000,0.000,0,3920,0,27,27,27,27,70,70,70,70,70,70,70,70,110,22.000,22.000,24.500,24.500,0,0,0,0
295.217,13859826608897719907,0,0.000,0.000,0.000,0,3920,0,27,27,27,27,70,70,70,70,70,70,70,70,110,22.000,22.000,24.500,24.500,0,0,0,0
295.231,13859826608897719907,0,0.000,0.000,0.000,0,3920,0,27,27,27,27,70,70,70,70,70,70,70,70,110,22.000,22.000,24.500,24.500,0,0,0,0
295.246,13859826608897719907,0,0.000,0.000,0.000,0,3920,0,27,27,27,27,70,70,70,70,70,70,70,70,110,22.000,22.000,24.500,24.500,0,0,0,0
295.260,13859826608897719907,0,0.000,0.000,0.000,0,3920,0,27,27,27,27,70,70,70,70,70,70,70,70,110,22.000,22.000,24.500,24.500,0,0,0,0
295.289,13859826608897719907,0,0.000,0.000,0.000,0,3920,0,27,27,27,27,70,70,70,70,70,70,70,70,110,22.000,22.000,24.500,24.500,0,0,0,0
295.303,13859826608897719907,0,0.000,0.000,0.000,0,3920,0,27,27,27,27,70,70,70,70,70,70,70,70,110,22.000,22.000,24.500,24.500,0,0,0,0
295.317,13859826608897719907,0,0.000,0.000,0.000,0,3920,0,27,27,27,27,70,70,70,70,70,70,70,70,110,22.000,22.000,24.500,24.500,0,0,0,0
295.331,13859826608897719907,0,0.000,0.000,0.000,0,3920,0,27,27,27,27,70,70,70,70,70,70,70,70,110,22.000,22.000,24.500,24.500,0,0,0,0
295.346,13859826608897719907,0,0.000,0.000,0.000,0,3920,0,27,27,27,27,70,70,70,70,70,70,70,70,110,22.000,22.000,24.500,24.500,0,0,0,0
295.360,13859826608897719907,0,0.000,0.000,0.000,0,3920,0,27,27,27,27,70,70,70,70,70,70,70,70,110,22.000,22.000,24.500,24.500,0,0,0,0
295.388,13859826608897719907,0,0.000,0.000,0.000,0,3920,0,27,27,27,27,70,70,70,70,70,70,70,70,110,22.000,22.000,24.500,24.500,0,0,0,0
295.402,13859826608897719907,0,0.000,0.000,0.000,0,3920,0,27,27,27,27,70,70,70,70,70,70,70,70,110,22.000,22.000,24.500,24.500,0,0,0,0
295.417,13859826608897719907,0,0.000,0.000,0.000,0,3920,0,27,27,27,27,70,70,70,70,70,70,70,70,110,22.000,22.000,24.500,24.500,0,0,0,0
295.445,13859826608897719907,0,0.000,0.000,0.000,0,3920,0,27,27,27,27,70,70,70,70,70,70,70,70,110,22.000,22.000,24.500,24.500,0,0,0,0
295.473,13859826608897719907,0,0.000,0.000,0.000,0,3920,0,27,27,27,27,70,70,70,70,70,70,70,70,110,22.000,22.000,24.500,24.500,0,0,0,0
295.487,13859826608897719907,0,0.000,0.000,0.000,0,3920,0,27,27,27,27,70,70,70,70,70,70,70,70,110,22.000,22.000,24.500,24.500,0,0,0,0
295.501,13859826608897719907,0,0.000,0.000,0.000,0,3920,0,27,27,27,27,70,70,70,70,70,70,70,70,110,22.000,22.000,24.500,24.500,0,0,0,0
295.515,13859826608897719907,0,0.000,0.000,0.000,0,3920,0,27,27,27,27,70,70,70,70,70,70,70,70,110,22.000,22.000,24.500,24.500,0,0,0,0
295.529,13859826608897719907,0,0.000,0.000,0.000,0,3920,0,27,27,27,27,70,70,70,70,70,70,70,70,110,22.000,22.000,24.500,24.500,0,0,0,0
295.571,13859826608897719907,0,0.000,0.000,0.000,0,3920,0,27,27,27,27,70,70,70,70,70,70,70,70,110,22.000,22.000,24.500,24.500,0,0,0,0
295.585,13859826608897719907,0,0.000,0.000,0.000,0,3920,0,27,27,27,27,70,70,70,70,70,70,70,70,110,22.000,22.000,24.500,24.500,0,0,0,0
295.599,13859826608897719907,0,0.000,0.000,0.000,0,3920,0,27,27,27,27,70,70,70,70,70,70,70,70,110,22.000,22.000,24.500,24.500,0,0,0,0
295.613,13859826608897719907,0,0.000,0.000,0.000,0,3920,0,27,27,27,27,70,70,70,70,70,70,70,70,110,22.000,22.000,24.500,24.500,0,0,0,0
295.655,13859826608897719907,0,0.000,0.000,0.000,0,3920,0,27,27,27,27,70,70,70,70,70,70,70,70,110,22.000,22.000,24.500,24.500,0,0,0,0
295.669,13859826608897719907,0,0.000,0.000,0.000,0,3920,0,27,27,27,27,70,70,70,70,70,70,70,70,110,22.000,22.000,24.500,24.500,0,0,0,0
295.697,13859826608897719907,0,0.000,0.000,0.000,0,3920,0,27,27,27,27,70,70,70,70,70,70,70,70,110,22.000,22.000,24.500,24.500,0,0,0,0
295.711,13859826608897719907,0,0.000,0.000,0.000,0,3920,0,27,27,27,27,70,70,70,70,70,70,70,70,110,22.000,22.000,24.500,24.500,0,0,0,0
295.739,13859826608897719907,0,0.000,0.000,0.000,0,3920,0,27,27,27,27,70,70,70,70,70,70,70,70,110,22.000,22.000,24.500,24.500,0,0,0,0
295.753,13859826608897719907,0,0.000,0.000,0.000,0,3920,0,27,27,27,27,70,70,70,70,70,70,70,70,110,22.000,22.000,24.500,24.500,0,0,0,0
295.767,13859826608897719907,0,0.000,0.000,0.000,0,3920,0,27,27,27,27,70,70,70,70,70,70,70,70,110,22.000,22.000,24.500,24.500,0,0,0,0
295.808,13859826608897719907,0,0.000,0.000,0.000,0,3920,0,27,27,27,27,70,70,70,70,70,70,70,70,110,22.000,22.000,24.500,24.500,0,0,0,0
295.836,13859826608897719907,0,0.000,0.000,0.000,0,3920,0,27,27,27,27,70,70,70,70,70,70,70,70,110,22.000,22.000,24.500,24.500,0,0,0,0
295.850,13859826608897719907,0,0.000,0.000,0.000,0,3920,0,27,27,27,27,70,70,70,70,70,70,70,70,110,22.000,22.000,24.500,24.500,0,0,0,0
295.865,13859826608897719907,0,0.000,0.000,0.000,0,3920,0,27,27,27,27,70,70,70,70,70,70,70,70,110,22.000,22.000,24.500,24.500,0,0,0,0
295.879,13859826608897719907,0,0.000,0.000,0.000,0,3920,0,27,27,27,27,70,70,70,70,70,70,70,70,110,22.000,22.000,24.500,24.500,0,0,0,0
295.893,13859826608897719907,0,0.000,0.000,0.000,0,3920,0,27,27,27,27,70,70,70,70,70,70,70,70,110,22.000,22.000,24.500,24.500,0,0,0,0
295.921,13859826608897719907,0,0.000,0.000,0.000,0,3920,0,27,27,27,27,70,70,70,70,70,70,70,70,110,22.000,22.000,24.500,24.500,0,0,0,0
295.950,13859826608897719907,0,0.000,0.000,0.000,0,3920,0,27,27,27,27,70,70,70,70,70,70,70,70,110,22.000,22.000,24.500,24.500,0,0,0,0
295.978,13859826608897719907,0,0.000,0.000,0.000,0,3920,0,27,27,27,27,70,70,70,70,70,70,70,70,110,22.000,22.000,24.500,24.500,0,0,0,0
295.993,13859826608897719907,0,0.000,0.000,0.000,0,3920,0,27,27,27,27,70,70,70,70,70,70,70,70,110,22.000,22.000,24.500,24.500,0,0,0,0
296.007,13859826608897719907,0,0.000,0.000,0.000,0,3920,0,27,27,27,27,70,70,70,70,70,70,70,70,110,22.000,22.000,24.500,24.500,0,0,0,0
296.036,13859826608897719907,0,0.000,0.000,0.000,0,3920,0,27,27,27,27,70,70,70,70,70,70,70,70,110,22.000,22.000,24.500,24.500,0,0,0,0
296.051,13859826608897719907,0,0.000,0.000,0.000,0,3920,0,27,27,27,27,70,70,70,70,70,70,70,70,110,22.000,22.000,24.500,24.500,0,0,0,0
296.065,13859826608897719907,0,0.000,0.000,0.000,0,3920,0,27,27,27,27,70,70,70,70,70,70,70,70,110,22.000,22.000,24.500,24.500,0,0,0,0
296.094,13859826608897719907,0,0.000,0.000,0.000,0,3920,0,27,27,27,27,70,70,70,70,70,70,70,70,110,22.000,22.000,24.500,24.500,0,0,0,0
296.122,13859826608897719907,0,0.000,0.000,0.000,0,3920,0,27,27,27,27,70,70,70,70,70,70,70,70,110,22.000,22.000,24.500,24.500,0,0,0,0
296.136,13859826608897719907,0,0.000,0.000,0.000,0,3920,0,27,27,27,27,70,70,70,70,70,70,70,70,110,22.000,22.000,24.500,24.500,0,0,0,0
296.257,13859826608897719907,0,0.000,0.000,0.000,0,3920,0,27,27,27,27,70,70,70,70,70,70,70,70,110,22.000,22.000,24.500,24.500,0,0,0,0
296.285,13859826608897719907,0,0.000,0.000,0.000,0,3920,0,27,27,27,27,70,70,70,70,70,70,70,70,110,22.000,22.000,24.500,24.500,0,0,0,0
296.300,13859826608897719907,0,0.000,0.000,0.000,0,3920,0,27,27,27,27,70,70,70,70,70,70,70,70,110,22.000,22.000,24.500,24.500,0,0,0,0
296.314,13859826608897719907,0,0.000,0.000,0.000,0,3920,0,27,27,27,27,70,70,70,70,70,70,70,70,110,22.000,22.000,24.500,24.500,0,0,0,0
296.343,13859826608897719907,0,0.000,0.000,0.000,0,3920,0,27,27,27,27,70,70,70,70,70,70,70,70,110,22.000,22.000,24.500,24.500,0,0,0,0
296.387,13859826608897719907,0,0.000,0.000,0.000,0,3920,0,27,27,27,27,70,70,70,70,70,70,70,70,110,22.000,22.000,24.500,24.500,0,0,0,0
296.402,13859826608897719907,0,0.000,0.000,0.000,0,3920,0,27,27,27,27,70,70,70,70,70,70,70,70,110,22.000,22.000,24.500,24.500,0,0,0,0
296.417,13859826608897719907,0,0.000,0.000,0.000,0,3920,0,27,27,27,27,70,70,70,70,70,70,70,70,110,22.000,22.000,24.500,24.500,0,0,0,0
296.461,13859826608897719907,0,0.000,0.000,0.000,0,3920,0,27,27,27,27,70,70,70,70,70,70,70,70,110,22.000,22.000,24.500,24.500,0,0,0,0
296.476,13859826608897719907,0,0.000,0.000,0.000,0,3920,0,27,27,27,27,70,70,70,70,70,70,70,70,110,22.000,22.000,24.500,24.500,0,0,0,0
296.505,13859826608897719907,0,0.000,0.000,0.000,0,3920,0,27,27,27,27,70,70,70,70,70,70,70,70,110,22.000,22.000,24.500,24.500,0,0,0,0
296.520,13859826608897719907,0,0.000,0.000,0.000,0,3920,0,27,27,27,27,70,70,70,70,70,70,70,70,110,22.000,22.000,24.500,24.500,0,0,0,0
296.534,13859826608897719907,0,0.000,0.000,0.000,0,3920,0,27,27,27,27,70,70,70,70,70,70,70,70,110,22.000,22.000,24.500,24.500,0,0,0,0
296.548,13859826608897719907,0,0.000,0.000,0.000,0,3920,0,27,27,27,27,70,70,70,70,70,70,70,70,110,22.000,22.000,24.500,24.500,0,0,0,0
296.563,13859826608897719907,0,0.000,0.000,0.000,0,3920,0,27,27,27,27,70,70,70,70,70,70,70,70,110,22.000,22.000,24.500,24.500,0,0,0,0
296.592,13859826608897719907,0,0.000,0.000,0.000,0,3920,0,27,27,27,27,70,70,70,70,70,70,70,70,110,22.000,22.000,24.500,24.500,0,0,0,0
296.620,13859826608897719907,0,0.000,0.000,0.000,0,3920,0,27,27,27,27,70,70,70,70,70,70,70,70,110,22.000,22.000,24.500,24.500,0,0,0,0
296.662,13859826608897719907,0,0.000,0.000,0.000,0,3920,0,27,27,27,27,70,70,70,70,70,70,70,70,110,22.000,22.000,24.500,24.500,0,0,0,0
296.719,13859826608897719907,0,0.000,0.000,0.000,0,3920,0,27,27,27,27,70,70,70,70,70,70,70,70,110,22.000,22.000,24.500,24.500,0,0,0,0
296.819,13859826608897719907,0,0.000,0.000,0.000,0,3920,0,27,27,27,27,70,70,70,70,70,70,70,70,110,22.000,22.000,24.500,24.500,0,0,0,0
296.833,13859826608897719907,0,0.000,0.000,0.000,0,3920,0,27,27,27,27,70,70,70,70,70,70,70,70,110,22.000,22.000,24.500,24.500,0,0,0,0
296.847,13859826608897719907,0,0.000,0.000,0.000,0,3920,0,27,27,27,27,70,70,70,70,70,70,70,70,110,22.000,22.000,24.500,24.500,0,0,0,0
296.861,13859826608897719907,0,0.000,0.000,0.000,0,3920,0,27,27,27,27,70,70,70,70,70,70,70,70,110,22.000,22.000,24.500,24.500,0,0,0,0
296.903,13859826608897719907,0,0.000,0.000,0.000,0,3920,0,27,27,27,27,70,70,70,70,70,70,70,70,110,22.000,22.000,24.500,24.500,0,0,0,0
296.917,13859826608897719907,0,0.000,0.000,0.000,0,3920,0,27,27,27,27,70,70,70,70,70,70,70,70,110,22.000,22.000,24.500,24.500,0,0,0,0
296.971,13859826608897719907,0,0.000,0.000,0.000,0,3920,0,27,27,27,27,70,70,70,70,70,70,70,70,110,22.000,22.000,24.500,24.500,0,0,0,0
296.985,13859826608897719907,0,0.000,0.000,0.000,0,3920,0,27,27,27,27,70,70,70,70,70,70,70,70,110,22.000,22.000,24.500,24.500,0,0,0,0
297.053,13859826608897719907,0,0.000,0.000,0.000,0,3920,0,27,27,27,27,70,70,70,70,70,70,70,70,110,22.000,22.000,24.500,24.500,0,0,0,0
297.067,13859826608897719907,0,0.000,0.000,0.000,0,3920,0,27,27,27,27,70,70,70,70,70,70,70,70,110,22.000,22.000,24.500,24.500,0,0,0,0
297.081,13859826608897719907,0,0.000,0.000,0.000,0,3920,0,27,27,27,27,70,70,70,70,70,70,70,70,110,22.000,22.000,24.500,24.500,0,0,0,0
297.095,13859826608897719907,0,0.000,0.000,0.000,0,3920,0,27,27,27,27,70,70,70,70,70,70,70,70,110,22.000,22.000,24.500,24.500,0,0,0,0
297.109,13859826608897719907,0,0.000,0.000,0.000,0,3920,0,27,27,27,27,70,70,70,70,70,70,70,70,110,22.000,22.000,24.500,24.500,0,0,0,0
297.137,13859826608897719907,0,0.000,0.000,0.000,0,3920,0,27,27,27,27,70,70,70,70,70,70,70,70,110,22.000,22.000,24.500,24.500,0,0,0,0
297.151,13859826608897719907,0,0.000,0.000,0.000,0,3920,0,27,27,27,27,70,70,70,70,70,70,70,70,110,22.000,22.000,24.500,24.500,0,0,0,0
297.165,13859826608897719907,0,0.000,0.000,0.000,0,3920,0,27,27,27,27,70,70,70,70,70,70,70,70,110,22.000,22.000,24.500,24.500,0,0,0,0
297.179,13859826608897719907,0,0.000,0.000,0.000,0,3920,0,27,27,27,27,70,70,70,70,70,70,70,70,110,22.000,22.000,24.500,24.500,0,0,0,0
297.206,13859826608897719907,0,0.000,0.000,0.000,0,3920,0,27,27,27,27,70,70,70,70,70,70,70,70,110,22.000,22.000,24.500,24.500,0,0,0,0
297.220,13859826608897719907,0,0.000,0.000,0.000,0,3920,0,27,27,27,27,70,70,70,70,70,70,70,70,110,22.000,22.000,24.500,24.500,0,0,0,0
297.233,13859826608897719907,0,0.000,0.000,0.000,0,3920,0,27,27,27,27,70,70,70,70,70,70,70,70,110,22.000,22.000,24.500,24.500,0,0,0,0
297.247,13859826608897719907,0,0.000,0.000,0.000,0,3920,0,27,27,27,27,70,70,70,70,70,70,70,70,110,22.000,22.000,24.500,24.500,0,0,0,0
297.260,13859826608897719907,0,0.000,0.000,0.000,0,3920,0,27,27,27,27,70,70,70,70,70,70,70,70,110,22.000,22.000,24.500,24.500,0,0,0,0
297.288,13859826608897719907,0,0.000,0.000,0.000,0,3920,0,27,27,27,27,70,70,70,70,70,70,70,70,110,22.000,22.000,24.500,24.500,0,0,0,0
297.301,13859826608897719907,0,0.000,0.000,0.000,0,3920,0,27,27,27,27,70,70,70,70,70,70,70,70,110,22.000,22.000,24.500,24.500,0,0,0,0
297.315,13859826608897719907,0,0.000,0.000,0.000,0,3920,0,27,27,27,27,70,70,70,70,70,70,70,70,110,22.000,22.000,24.500,24.500,0,0,0,0
297.342,13859826608897719907,0,0.000,0.000,0.000,0,3920,0,27,27,27,27,70,70,70,70,70,70,70,70,110,22.000,22.000,24.500,24.500,0,0,0,0
297.370,13859826608897719907,0,0.000,0.000,0.000,0,3920,0,27,27,27,27,70,70,70,70,70,70,70,70,110,22.000,22.000,24.500,24.500,0,0,0,0
297.398,13859826608897719907,0,0.000,0.000,0.000,0,3920,0,27,27,27,27,70,70,70,70,70,70,70,70,110,22.000,22.000,24.500,24.500,0,0,0,0
297.469,13859826608897719907,0,0.000,0.000,0.000,0,3920,0,27,27,27,27,70,70,70,70,70,70,70,70,110,22.000,22.000,24.500,24.500,0,0,0,0
297.483,13859826608897719907,0,0.000,0.000,0.000,0,3920,0,27,27,27,27,70,70,70,70,70,70,70,70,110,22.000,22.000,24.500,24.500,0,0,0,0
297.510,13859826608897719907,0,0.000,0.000,0.000,0,3920,0,27,27,27,27,70,70,70,70,70,70,70,70,110,22.000,22.000,24.500,24.500,0,0,0,0
297.565,13859826608897719907,0,0.000,0.000,0.000,0,3920,0,27,27,27,27,70,70,70,70,70,70,70,70,110,22.000,22.000,24.500,24.500,0,0,0,0
297.593,13859826608897719907,0,0.000,0.000,0.000,0,3920,0,27,27,27,27,70,70,70,70,70,70,70,70,110,22.000,22.000,24.500,24.500,0,0,0,0
297.621,13859826608897719907,0,0.000,0.000,0.000,0,3920,0,27,27,27,27,70,70,70,70,70,70,70,70,110,22.000,22.000,24.500,24.500,0,0,0,0
297.634,13859826608897719907,0,0.000,0.000,0.000,0,3920,0,27,27,27,27,70,70,70,70,70,70,70,70,110,22.000,22.000,24.500,24.500,0,0,0,0
297.661,13859826608897719907,0,0.000,0.000,0.000,0,3920,0,27,27,27,27,70,70,70,70,70,70,70,70,110,22.000,22.000,24.500,24.500,0,0,0,0
297.702,13859826608897719907,0,0.000,0.000,0.000,0,3920,0,27,27,27,27,70,70,70,70,70,70,70,70,110,22.000,22.000,24.500,24.500,0,0,0,0
297.715,13859826608897719907,0,0.000,0.000,0.000,0,3920,0,27,27,27,27,70,70,70,70,70,70,70,70,110,22.000,22.000,24.500,24.500,0,0,0,0
297.756,13859826608897719907,0,0.000,0.000,0.000,0,3920,0,27,27,27,27,70,70,70,70,70,70,70,70,110,22.000,22.000,24.500,24.500,0,0,0,0
297.769,13859826608897719907,0,0.000,0.000,0.000,0,3920,0,27,27,27,27,70,70,70,70,70,70,70,70,110,22.000,22.000,24.500,24.500,0,0,0,0
297.783,13859826608897719907,0,0.000,0.000,0.000,0,3920,0,27,27,27,27,70,70,70,70,70,70,70,70,110,22.000,22.000,24.500,24.500,0,0,0,0
297.797,13859826608897719907,0,0.000,0.000,0.000,0,3920,0,27,27,27,27,70,70,70,70,70,70,70,70,110,22.000,22.000,24.500,24.500,0,0,0,0
297.811,13859826608897719907,0,0.000,0.000,0.000,0,3920,0,27,27,27,27,70,70,70,70,70,70,70,70,110,22.000,22.000,24.500,24.500,0,0,0,0
297.852,13859826608897719907,0,0.000,0.000,0.000,0,3920,0,27,27,27,27,70,70,70,70,70,70,70,70,110,22.000,22.000,24.500,24.500,0,0,0,0
297.865,13859826608897719907,0,0.000,0.000,0.000,0,3920,0,27,27,27,27,70,70,70,70,70,70,70,70,110,22.000,22.000,24.500,24.500,0,0,0,0
297.891,13859826608897719907,0,0.000,0.000,0.000,0,3920,0,27,27,27,27,70,70,70,70,70,70,70,70,110,22.000,22.000,24.500,24.500,0,0,0,0
297.918,13859826608897719907,0,0.000,0.000,0.000,0,3920,0,27,27,27,27,70,70,70,70,70,70,70,70,110,22.000,22.000,24.500,24.500,0,0,0,0
297.931,13859826608897719907,0,0.000,0.000,0.000,0,3920,0,27,27,27,27,70,70,70,70,70,70,70,70,110,22.000,22.000,24.500,24.500,0,0,0,0
297.945,13859826608897719907,0,0.000,0.000,0.000,0,3920,0,27,27,27,27,70,70,70,70,70,70,70,70,110,22.000,22.000,24.500,24.500,0,0,0,0
297.971,13859826608897719907,0,0.000,0.000,0.000,0,3920,0,27,27,27,27,70,70,70,70,70,70,70,70,110,22.000,22.000,24.500,24.500,0,0,0,0
297.984,13859826608897719907,0,0.000,0.000,0.000,0,3920,0,27,27,27,27,70,70,70,70,70,70,70,70,110,22.000,22.000,24.500,24.500,0,0,0,0
297.998,13859826608897719907,0,0.000,0.000,0.000,0,3920,0,27,27,27,27,70,70,70,70,70,70,70,70,110,22.000,22.000,24.500,24.500,0,0,0,0
298.011,13859826608897719907,0,0.000,0.000,0.000,0,3920,0,27,27,27,27,70,70,70,70,70,70,70,70,110,22.000,22.000,24.500,24.500,0,0,0,0
298.037,13859826608897719907,0,0.000,0.000,0.000,0,3920,0,27,27,27,27,70,70,70,70,70,70,70,70,110,22.000,22.000,24.500,24.500,0,0,0,0
298.051,13859826608897719907,0,0.000,0.000,0.000,0,3920,0,27,27,27,27,70,70,70,70,70,70,70,70,110,22.000,22.000,24.500,24.500,0,0,0,0
298.064,13859826608897719907,0,0.000,0.000,0.000,0,3920,0,27,27,27,27,70,70,70,70,70,70,70,70,110,22.000,22.000,24.500,24.500,0,0,0,0
298.078,13859826608897719907,0,0.000,0.000,0.000,0,3920,0,27,27,27,27,70,70,70,70,70,70,70,70,110,22.000,22.000,24.500,24.500,0,0,0,0
298.104,13859826608897719907,0,0.000,0.000,0.000,0,3920,0,27,27,27,27,70,70,70,70,70,70,70,70,110,22.000,22.000,24.500,24.500,0,0,0,0
298.118,13859826608897719907,0,0.000,0.000,0.000,0,3920,0,27,27,27,27,70,70,70,70,70,70,70,70,110,22.000,22.000,24.500,24.500,0,0,0,0
298.145,13859826608897719907,0,0.000,0.000,0.000,0,3920,0,27,27,27,27,70,70,70,70,70,70,70,70,110,22.000,22.000,24.500,24.500,0,0,0,0
298.172,13859826608897719907,0,0.000,0.000,0.000,0,3920,0,27,27,27,27,70,70,70,70,70,70,70,70,110,22.000,22.000,24.500,24.500,0,0,0,0
298.186,13859826608897719907,0,0.000,0.000,0.000,0,3920,0,27,27,27,27,70,70,70,70,70,70,70,70,110,22.000,22.000,24.500,24.500,0,0,0,0
298.199,13859826608897719907,0,0.000,0.000,0.000,0,3920,0,27,27,27,27,70,70,70,70,70,70,70,70,110,22.000,22.000,24.500,24.500,0,0,0,0
298.213,13859826608897719907,0,0.000,0.000,0.000,0,3920,0,27,27,27,27,70,70,70,70,70,70,70,70,110,22.000,22.000,24.500,24.500,0,0,0,0
298.253,13859826608897719907,0,0.000,0.000,0.000,0,3920,0,27,27,27,27,70,70,70,70,70,70,70,70,110,22.000,22.000,24.500,24.500,0,0,0,0
298.294,13859826608897719907,0,0.000,0.000,0.000,0,3920,0,27,27,27,27,70,70,70,70,70,70,70,70,110,22.000,22.000,24.500,24.500,0,0,0,0
298.320,13859826608897719907,0,0.000,0.000,0.000,0,3920,0,27,27,27,27,70,70,70,70,70,70,70,70,110,22.000,22.000,24.500,24.500,0,0,0,0
298.334,13859826608897719907,0,0.000,0.000,0.000,0,3920,0,27,27,27,27,70,70,70,70,70,70,70,70,110,22.000,22.000,24.500,24.500,0,0,0,0
298.361,13859826608897719907,0,0.000,0.000,0.000,0,3920,0,27,27,27,27,70,70,70,70,70,70,70,70,110,22.000,22.000,24.500,24.500,0,0,0,0
298.388,13859826608897719907,0,0.000,0.000,0.000,0,3920,0,27,27,27,27,70,70,70,70,70,70,70,70,110,22.000,22.000,24.500,24.500,0,0,0,0
298.401,13859826608897719907,0,0.000,0.000,0.000,0,3920,0,27,27,27,27,70,70,70,70,70,70,70,70,110,22.000,22.000,24.500,24.500,0,0,0,0
298.415,13859826608897719907,0,0.000,0.000,0.000,0,3920,0,27,27,27,27,70,70,70,70,70,70,70,70,110,22.000,22.000,24.500,24.500,0,0,0,0
298.455,13859826608897719907,0,0.000,0.000,0.000,0,3920,0,27,27,27,27,70,70,70,70,70,70,70,70,110,22.000,22.000,24.500,24.500,0,0,0,0
298.469,13859826608897719907,0,0.000,0.000,0.000,0,3920,0,27,27,27,27,70,70,70,70,70,70,70,70,110,22.000,22.000,24.500,24.500,0,0,0,0
298.482,13859826608897719907,0,0.000,0.000,0.000,0,3920,0,27,27,27,27,70,70,70,70,70,70,70,70,110,22.000,22.000,24.500,24.500,0,0,0,0
298.496,13859826608897719907,0,0.000,0.000,0.000,0,3920,0,27,27,27,27,70,70,70,70,70,70,70,70,110,22.000,22.000,24.500,24.500,0,0,0,0
298.523,13859826608897719907,0,0.000,0.000,0.000,0,3920,0,27,27,27,27,70,70,70,70,70,70,70,70,110,22.000,22.000,24.500,24.500,0,0,0,0
298.537,13859826608897719907,0,0.000,0.000,0.000,0,3920,0,27,27,27,27,70,70,70,70,70,70,70,70,110,22.000,22.000,24.500,24.500,0,0,0,0
298.551,13859826608897719907,0,0.000,0.000,0.000,0,3920,0,27,27,27,27,70,70,70,70,70,70,70,70,110,22.000,22.000,24.500,24.500,0,0,0,0
298.564,13859826608897719907,0,0.000,0.000,0.000,0,3920,0,27,27,27,27,70,70,70,70,70,70,70,70,110,22.000,22.000,24.500,24.500,0,0,0,0
298.578,13859826608897719907,0,0.000,0.000,0.000,0,3920,0,27,27,27,27,70,70,70,70,70,70,70,70,110,22.000,22.000,24.500,24.500,0,0,0,0
298.605,13859826608897719907,0,0.000,0.000,0.000,0,3920,0,27,27,27,27,70,70,70,70,70,70,70,70,110,22.000,22.000,24.500,24.500,0,0,0,0
298.618,13859826608897719907,0,0.000,0.000,0.000,0,3920,0,27,27,27,27,70,70,70,70,70,70,70,70,110,22.000,22.000,24.500,24.500,0,0,0,0
298.632,13859826608897719907,0,0.000,0.000,0.000,0,3920,0,27,27,27,27,70,70,70,70,70,70,70,70,110,22.000,22.000,24.500,24.500,0,0,0,0
298.646,13859826608897719907,0,0.000,0.000,0.000,0,3920,0,27,27,27,27,70,70,70,70,70,70,70,70,110,22.000,22.000,24.500,24.500,0,0,0,0
298.659,13859826608897719907,0,0.000,0.000,0.000,0,3920,0,27,27,27,27,70,70,70,70,70,70,70,70,110,22.000,22.000,24.500,24.500,0,0,0,0
298.700,13859826608897719907,0,0.000,0.000,0.000,0,3920,0,27,27,27,27,70,70,70,70,70,70,70,70,110,22.000,22.000,24.500,24.500,0,0,0,0
298.714,13859826608897719907,0,0.000,0.000,0.000,0,3920,0,27,27,27,27,70,70,70,70,70,70,70,70,110,22.000,22.000,24.500,24.500,0,0,0,0
298.728,13859826608897719907,0,0.000,0.000,0.000,0,3920,0,27,27,27,27,70,70,70,70,70,70,70,70,110,22.000,22.000,24.500,24.500,0,0,0,0
298.742,13859826608897719907,0,0.000,0.000,0.000,0,3920,0,27,27,27,27,70,70,70,70,70,70,70,70,110,22.000,22.000,24.500,24.500,0,0,0,0
298.769,13859826608897719907,0,0.000,0.000,0.000,0,3920,0,27,27,27,27,70,70,70,70,70,70,70,70,110,22.000,22.000,24.500,24.500,0,0,0,0
298.783,13859826608897719907,0,0.000,0.000,0.000,0,3920,0,27,27,27,27,70,70,70,70,70,70,70,70,110,22.000,22.000,24.500,24.500,0,0,0,0
298.797,13859826608897719907,0,0.000,0.000,0.000,0,3920,0,27,27,27,27,70,70,70,70,70,70,70,70,110,22.000,22.000,24.500,24.500,0,0,0,0
298.811,13859826608897719907,0,0.000,0.000,0.000,0,3920,0,27,27,27,27,70,70,70,70,70,70,70,70,110,22.000,22.000,24.500,24.500,0,0,0,0
298.839,13859826608897719907,0,0.000,0.000,0.000,0,3920,0,27,27,27,27,70,70,70,70,70,70,70,70,110,22.000,22.000,24.500,24.500,0,0,0,0
298.853,13859826608897719907,0,0.000,0.000,0.000,0,3920,0,27,27,27,27,70,70,70,70,70,70,70,70,110,22.000,22.000,24.500,24.500,0,0,0,0
298.867,13859826608897719907,0,0.000,0.000,0.000,0,3920,0,27,27,27,27,70,70,70,70,70,70,70,70,110,22.000,22.000,24.500,24.500,0,0,0,0
298.895,13859826608897719907,0,0.000,0.000,0.000,0,3920,0,27,27,27,27,70,70,70,70,70,70,70,70,110,22.000,22.000,24.500,24.500,0,0,0,0
298.923,13859826608897719907,0,0.000,0.000,0.000,0,3920,0,27,27,27,27,70,70,70,70,70,70,70,70,110,22.000,22.000,24.500,24.500,0,0,0,0
298.937,13859826608897719907,0,0.000,0.000,0.000,0,3920,0,27,27,27,27,70,70,70,70,70,70,70,70,110,22.000,22.000,24.500,24.500,0,0,0,0
298.951,13859826608897719907,0,0.000,0.000,0.000,0,3920,0,27,27,27,27,70,70,70,70,70,70,70,70,110,22.000,22.000,24.500,24.500,0,0,0,0
298.965,13859826608897719907,0,0.000,0.000,0.000,0,3920,0,27,27,27,27,70,70,70,70,70,70,70,70,110,22.000,22.000,24.500,24.500,0,0,0,0
299.006,13859826608897719907,0,0.000,0.000,0.000,0,3920,0,27,27,27,27,70,70,70,70,70,70,70,70,110,22.000,22.000,24.500,24.500,0,0,0,0
299.034,13859826608897719907,0,0.000,0.000,0.000,0,3920,0,27,27,27,27,70,70,70,70,70,70,70,70,110,22.000,22.000,24.500,24.500,0,0,0,0
299.048,13859826608897719907,0,0.000,0.000,0.000,0,3920,0,27,27,27,27,70,70,70,70,70,70,70,70,110,22.000,22.000,24.500,24.500,0,0,0,0
299.062,13859826608897719907,0,0.000,0.000,0.000,0,3920,0,27,27,27,27,70,70,70,70,70,70,70,70,110,22.000,22.000,24.500,24.500,0,0,0,0
299.076,13859826608897719907,0,0.000,0.000,0.000,0,3920,0,27,27,27,27,70,70,70,70,70,70,70,70,110,22.000,22.000,24.500,24.500,0,0,0,0
299.091,13859826608897719907,0,0.000,0.000,0.000,0,3920,0,27,27,27,27,70,70,70,70,70,70,70,70,110,22.000,22.000,24.500,24.500,0,0,0,0
299.119,13859826608897719907,0,0.000,0.000,0.000,0,3920,0,27,27,27,27,70,70,70,70,70,70,70,70,110,22.000,22.000,24.500,24.500,0,0,0,0
299.134,13859826608897719907,0,0.000,0.000,0.000,0,3920,0,27,27,27,27,70,70,70,70,70,70,70,70,110,22.000,22.000,24.500,24.500,0,0,0,0
299.148,13859826608897719907,0,0.000,0.000,0.000,0,3920,0,27,27,27,27,70,70,70,70,70,70,70,70,110,22.000,22.000,24.500,24.500,0,0,0,0
299.162,13859826608897719907,0,0.000,0.000,0.000,0,3920,0,27,27,27,27,70,70,70,70,70,70,70,70,110,22.000,22.000,24.500,24.500,0,0,0,0
299.177,13859826608897719907,0,0.000,0.000,0.000,0,3920,0,27,27,27,27,70,70,70,70,70,70,70,70,110,22.000,22.000,24.500,24.500,0,0,0,0
299.191,13859826608897719907,0,0.000,0.000,0.000,0,3920,0,27,27,27,27,70,70,70,70,70,70,70,70,110,22.000,22.000,24.500,24.500,0,0,0,0
299.206,13859826608897719907,0,0.000,0.000,0.000,0,3920,0,27,27,27,27,70,70,70,70,70,70,70,70,110,22.000,22.000,24.500,24.500,0,0,0,0
299.235,13859826608897719907,0,0.000,0.000,0.000,0,3920,0,27,27,27,27,70,70,70,70,70,70,70,70,110,22.000,22.000,24.500,24.500,0,0,0,0
299.250,13859826608897719907,0,0.000,0.000,0.000,0,3920,0,27,27,27,27,70,70,70,70,70,70,70,70,110,22.000,22.000,24.500,24.500,0,0,0,0
299.265,13859826608897719907,0,0.000,0.000,0.000,0,3920,0,27,27,27,27,70,70,70,70,70,70,70,70,110,22.000,22.000,24.500,24.500,0,0,0,0
299.280,13859826608897719907,0,0.000,0.000,0.000,0,3920,0,27,27,27,27,70,70,70,70,70,70,70,70,110,22.000,22.000,24.500,24.500,0,0,0,0
299.295,13859826608897719907,0,0.000,0.000,0.000,0,3920,0,27,27,27,27,70,70,70,70,70,70,70,70,110,22.000,22.000,24.500,24.500,0,0,0,0
299.310,13859826608897719907,0,0.000,0.000,0.000,0,3920,0,27,27,27,27,70,70,70,70,70,70,70,70,110,22.000,22.000,24.500,24.500,0,0,0,0
299.325,13859826608897719907,0,0.000,0.000,0.000,0,3920,0,27,27,27,27,70,70,70,70,70,70,70,70,110,22.000,22.000,24.500,24.500,0,0,0,0
299.399,13859826608897719907,0,0.000,0.000,0.000,0,3920,0,27,27,27,27,70,70,70,70,70,70,70,70,110,22.000,22.000,24.500,24.500,0,0,0,0
299.502,13859826608897719907,0,0.000,0.000,0.000,0,3920,0,27,27,27,27,70,70,70,70,70,70,70,70,110,22.000,22.000,24.500,24.500,0,0,0,0
299.545,13859826608897719907,0,0.000,0.000,0.000,0,3920,0,27,27,27,27,70,70,70,70,70,70,70,70,110,22.000,22.000,24.500,24.500,0,0,0,0
299.603,13859826608897719907,0,0.000,0.000,0.000,0,3920,0,27,27,27,27,70,70,70,70,70,70,70,70,110,22.000,22.000,24.500,24.500,0,0,0,0
299.617,13859826608897719907,0,0.000,0.000,0.000,0,3920,0,27,27,27,27,70,70,70,70,70,70,70,70,110,22.000,22.000,24.500,24.500,0,0,0,0
299.631,13859826608897719907,0,0.000,0.000,0.000,0,3920,0,27,27,27,27,70,70,70,70,70,70,70,70,110,22.000,22.000,24.500,24.500,0,0,0,0
299.645,13859826608897719907,0,0.000,0.000,0.000,0,3920,0,27,27,27,27,70,70,70,70,70,70,70,70,110,22.000,22.000,24.500,24.500,0,0,0,0
299.660,13859826608897719907,0,0.000,0.000,0.000,0,3920,0,27,27,27,27,70,70,70,70,70,70,70,70,110,22.000,22.000,24.500,24.500,0,0,0,0
299.674,13859826608897719907,0,0.000,0.000,0.000,0,3920,0,27,27,27,27,70,70,70,70,70,70,70,70,110,22.000,22.000,24.500,24.500,0,0,0,0
299.702,13859826608897719907,0,0.000,0.000,0.000,0,3920,0,27,27,27,27,70,70,70,70,70,70,70,70,110,22.000,22.000,24.500,24.500,0,0,0,0
299.716,13859826608897719907,0,0.000,0.000,0.000,0,3920,0,27,27,27,27,70,70,70,70,70,70,70,70,110,22.000,22.000,24.500,24.500,0,0,0,0
299.744,13859826608897719907,0,0.000,0.000,0.000,0,3920,0,27,27,27,27,70,70,70,70,70,70,70,70,110,22.000,22.000,24.500,24.500,0,0,0,0
299.759,13859826608897719907,0,0.000,0.000,0.000,0,3920,0,27,27,27,27,70,70,70,70,70,70,70,70,110,22.000,22.000,24.500,24.500,0,0,0,0
299.787,13859826608897719907,0,0.000,0.000,0.000,0,3920,0,27,27,27,27,70,70,70,70,70,70,70,70,110,22.000,22.000,24.500,24.500,0,0,0,0
299.801,13859826608897719907,0,0.000,0.000,0.000,0,3920,0,27,27,27,27,70,70,70,70,70,70,70,70,110,22.000,22.000,24.500,24.500,0,0,0,0
299.815,13859826608897719907,0,0.000,0.000,0.000,0,3920,0,27,27,27,27,70,70,70,70,70,70,70,70,110,22.000,22.000,24.500,24.500,0,0,0,0
299.844,13859826608897719907,0,0.000,0.000,0.000,0,3920,0,27,27,27,27,70,70,70,70,70,70,70,70,110,22.000,22.000,24.500,24.500,0,0,0,0
299.904,13859826608897719907,0,0.000,0.000,0.000,0,3920,0,27,27,27,27,70,70,70,70,70,70,70,70,110,22.000,22.000,24.500,24.500,0,0,0,0
299.935,13859826608897719907,0,0.000,0.000,0.000,0,3920,0,27,27,27,27,70,70,70,70,70,70,70,70,110,22.000,22.000,24.500,24.500,0,0,0,0
299.950,13859826608897719907,0,0.000,0.000,0.000,0,3920,0,27,27,27,27,70,70,70,70,70,70,70,70,110,22.000,22.000,24.500,24.500,0,0,0,0
299.965,13859826608897719907,0,0.000,0.000,0.000,0,3920,0,27,27,27,27,70,70,70,70,70,70,70,70,110,22.000,22.000,24.500,24.500,0,0,0,0
299.981,13859826608897719907,0,0.000,0.000,0.000,0,3920,0,27,27,27,27,70,70,70,70,70,70,70,70,110,22.000,22.000,24.500,24.500,0,0,0,0
299.996,13859826608897719907,0,0.000,0.000,0.000,0,3920,0,27,27,27,27,70,70,70,70,70,70,70,70,110,22.000,22.000,24.500,24.500,0,0,0,0
300.012,13859826608897719907,0,0.000,0.000,0.000,0,3920,0,27,27,27,27,70,70,70,70,70,70,70,70,110,22.000,22.000,24.500,24.500,0,0,0,0
300.027,13859826608897719907,0,0.000,0.000,0.000,0,3920,0,27,27,27,27,70,70,70,70,70,70,70,70,110,22.000,22.000,24.500,24.500,0,0,0,0
300.043,13859826608897719907,0,0.000,0.000,0.000,0,3920,0,27,27,27,27,70,70,70,70,70,70,70,70,110,22.000,22.000,24.500,24.500,0,0,0,0
300.058,13859826608897719907,0,0.000,0.000,0.000,0,3920,0,27,27,27,27,70,70,70,70,70,70,70,70,110,22.000,22.000,24.500,24.500,0,0,0,0
300.073,13859826608897719907,0,0.000,0.000,0.000,0,3920,0,27,27,27,27,70,70,70,70,70,70,70,70,110,22.000,22.000,24.500,24.500,0,0,0,0
300.103,13859826608897719907,0,0.000,0.000,0.000,0,3920,0,27,27,27,27,70,70,70,70,70,70,70,70,110,22.000,22.000,24.500,24.500,0,0,0,0
300.119,13859826608897719907,0,0.000,0.000,0.000,0,3920,0,27,27,27,27,70,70,70,70,70,70,70,70,110,22.000,22.000,24.500,24.500,0,0,0,0
300.134,13859826608897719907,0,0.000,0.000,0.000,0,3920,0,27,27,27,27,70,70,70,70,70,70,70,70,110,22.000,22.000,24.500,24.500,0,0,0,0
300.149,13859826608897719907,0,0.000,0.000,0.000,0,3920,0,27,27,27,27,70,70,70,70,70,70,70,70,110,22.000,22.000,24.500,24.500,0,0,0,0
300.165,13859826608897719907,0,0.000,0.000,0.000,0,3920,0,27,27,27,27,70,70,70,70,70,70,70,70,110,22.000,22.000,24.500,24.500,0,0,0,0
300.180,13859826608897719907,0,0.000,0.000,0.000,0,3920,0,27,27,27,27,70,70,70,70,70,70,70,70,110,22.000,22.000,24.500,24.500,0,0,0,0
300.195,13859826608897719907,0,0.000,0.000,0.000,0,3920,0,27,27,27,27,70,70,70,70,70,70,70,70,110,22.000,22.000,24.500,24.500,0,0,0,0
300.211,13859826608897719907,0,0.000,0.000,0.000,0,3920,0,27,27,27,27,70,70,70,70,70,70,70,70,110,22.000,22.000,24.500,24.500,0,0,0,0
300.226,13859826608897719907,0,0.000,0.000,0.000,0,3920,0,27,27,27,27,70,70,70,70,70,70,70,70,110,22.000,22.000,24.500,24.500,0,0,0,0
300.241,13859826608897719907,0,0.000,0.000,0.000,0,3920,0,27,27,27,27,70,70,70,70,70,70,70,70,110,22.000,22.000,24.500,24.500,0,0,0,0
300.257,13859826608897719907,0,0.000,0.000,0.000,0,3920,0,27,27,27,27,70,70,70,70,70,70,70,70,110,22.000,22.000,24.500,24.500,0,0,0,0
300.272,13859826608897719907,0,0.000,0.000,0.000,0,3920,0,27,27,27,27,70,70,70,70,70,70,70,70,110,22.000,22.000,24.500,24.500,0,0,0,0
300.302,13859826608897719907,0,0.000,0.000,0.000,0,3920,0,27,27,27,27,70,70,70,70,70,70,70,70,110,22.000,22.000,24.500,24.500,0,0,0,0
300.318,13859826608897719907,0,0.000,0.000,0.000,0,3920,0,27,27,27,27,70,70,70,70,70,70,70,70,110,22.000,22.000,24.500,24.500,0,0,0,0
300.333,13859826608897719907,0,0.000,0.000,0.000,0,3920,0,27,27,27,27,70,70,70,70,70,70,70,70,110,22.000,22.000,24.500,24.500,0,0,0,0
300.348,13859826608897719907,0,0.000,0.000,0.000,0,3920,0,27,27,27,27,70,70,70,70,70,70,70,70,110,22.000,22.000,24.500,24.500,0,0,0,0
300.363,13859826608897719907,0,0.000,0.000,0.000,0,3920,0,27,27,27,27,70,70,70,70,70,70,70,70,110,22.000,22.000,24.500,24.500,0,0,0,0
300.378,13859826608897719907,0,0.000,0.000,0.000,0,3920,0,27,27,27,27,70,70,70,70,70,70,70,70,110,22.000,22.000,24.500,24.500,0,0,0,0
300.394,13859826608897719907,0,0.000,0.000,0.000,0,3920,0,27,27,27,27,70,70,70,70,70,70,70,70,110,22.000,22.000,24.500,24.500,0,0,0,0
300.409,13859826608897719907,0,0.000,0.000,0.000,0,3920,0,27,27,27,27,70,70,70,70,70,70,70,70,110,22.000,22.000,24.500,24.500,0,0,0,0
300.504,13859826608897719907,0,0.000,0.000,0.000,0,3920,0,27,27,27,27,70,70,70,70,70,70,70,70,110,22.000,22.000,24.500,24.500,0,0,0,0
300.535,13859826608897719907,0,0.000,0.000,0.000,0,3920,0,27,27,27,27,70,70,70,70,70,70,70,70,110,22.000,22.000,24.500,24.500,0,0,0,0
300.566,13859826608897719907,0,0.000,0.000,0.000,0,3920,0,27,27,27,27,70,70,70,70,70,70,70,70,110,22.000,22.000,24.500,24.500,0,0,0,0
300.596,13859826608897719907,0,0.000,0.000,0.000,0,3920,0,27,27,27,27,70,70,70,70,70,70,70,70,110,22.000,22.000,24.500,24.500,0,0,0,0
300.612,13859826608897719907,0,0.000,0.000,0.000,0,3920,0,27,27,27,27,70,70,70,70,70,70,70,70,110,22.000,22.000,24.500,24.500,0,0,0,0
300.628,13859826608897719907,0,0.000,0.000,0.000,0,3920,0,27,27,27,27,70,70,70,70,70,70,70,70,110,22.000,22.000,24.500,24.500,0,0,0,0
300.643,13859826608897719907,0,0.000,0.000,0.000,0,3920,0,27,27,27,27,70,70,70,70,70,70,70,70,110,22.000,22.000,24.500,24.500,0,0,0,0
300.658,13859826608897719907,0,0.000,0.000,0.000,0,3920,0,27,27,27,27,70,70,70,70,70,70,70,70,110,22.000,22.000,24.500,24.500,0,0,0,0
300.689,13859826608897719907,0,0.000,0.000,0.000,0,3920,0,27,27,27,27,70,70,70,70,70,70,70,70,110,22.000,22.000,24.500,24.500,0,0,0,0
300.720,13859826608897719907,0,0.000,0.000,0.000,0,3920,0,27,27,27,27,70,70,70,70,70,70,70,70,110,22.000,22.000,24.500,24.500,0,0,0,0
300.735,13859826608897719907,0,0.000,0.000,0.000,0,3920,0,27,27,27,27,70,70,70,70,70,70,70,70,110,22.000,22.000,24.500,24.500,0,0,0,0
300.750,13859826608897719907,0,0.000,0.000,0.000,0,3920,0,27,27,27,27,70,70,70,70,70,70,70,70,110,22.000,22.000,24.500,24.500,0,0,0,0
300.765,13859826608897719907,0,0.000,0.000,0.000,0,3920,0,27,27,27,27,70,70,70,70,70,70,70,70,110,22.000,22.000,24.500,24.500,0,0,0,0
300.810,13859826608897719907,0,0.000,0.000,0.000,0,3920,0,27,27,27,27,70,70,70,70,70,70,70,70,110,22.000,22.000,24.500,24.500,0,0,0,0
300.841,13859826608897719907,0,0.000,0.000,0.000,0,3920,0,27,27,27,27,70,70,70,70,70,70,70,70,110,22.000,22.000,24.500,24.500,0,0,0,0
300.870,13859826608897719907,0,0.000,0.000,0.000,0,3920,0,27,27,27,27,70,70,70,70,70,70,70,70,110,22.000,22.000,24.500,24.500,0,0,0,0
300.885,13859826608897719907,0,0.000,0.000,0.000,0,3920,0,27,27,27,27,70,70,70,70,70,70,70,70,110,22.000,22.000,24.500,24.500,0,0,0,0
300.900,13859826608897719907,0,0.000,0.000,0.000,0,3920,0,27,27,27,27,70,70,70,70,70,70,70,70,110,22.000,22.000,24.500,24.500,0,0,0,0
300.915,13859826608897719907,0,0.000,0.000,0.000,0,3920,0,27,27,27,27,70,70,70,70,70,70,70,70,110,22.000,22.000,24.500,24.500,0,0,0,0
300.944,13859826608897719907,0,0.000,0.000,0.000,0,3920,0,27,27,27,27,70,70,70,70,70,70,70,70,110,22.000,22.000,24.500,24.500,0,0,0,0
300.959,13859826608897719907,0,0.000,0.000,0.000,0,3920,0,27,27,27,27,70,70,70,70,70,70,70,70,110,22.000,22.000,24.500,24.500,0,0,0,0
300.988,13859826608897719907,0,0.000,0.000,0.000,0,3920,0,27,27,27,27,70,70,70,70,70,70,70,70,110,22.000,22.000,24.500,24.500,0,0,0,0
301.002,13859826608897719907,0,0.000,0.000,0.000,0,3920,0,27,27,27,27,70,70,70,70,70,70,70,70,110,22.000,22.000,24.500,24.500,0,0,0,0
301.017,13859826608897719907,0,0.000,0.000,0.000,0,3920,0,27,27,27,27,70,70,70,70,70,70,70,70,110,22.000,22.000,24.500,24.500,0,0,0,0
301.031,13859826608897719907,0,0.000,0.000,0.000,0,3920,0,27,27,27,27,70,70,70,70,70,70,70,70,110,22.000,22.000,24.500,24.500,0,0,0,0
301.046,13859826608897719907,0,0.000,0.000,0.000,0,3920,0,27,27,27,27,70,70,70,70,70,70,70,70,110,22.000,22.000,24.500,24.500,0,0,0,0
301.060,13859826608897719907,0,0.000,0.000,0.000,0,3920,0,27,27,27,27,70,70,70,70,70,70,70,70,110,22.000,22.000,24.500,24.500,0,0,0,0
301.074,13859826608897719907,0,0.000,0.000,0.000,0,3920,0,27,27,27,27,70,70,70,70,70,70,70,70,110,22.000,22.000,24.500,24.500,0,0,0,0
301.103,13859826608897719907,0,0.000,0.000,0.000,0,3920,0,27,27,27,27,70,70,70,70,70,70,70,70,110,22.000,22.000,24.500,24.500,0,0,0,0
301.118,13859826608897719907,0,0.000,0.000,0.000,0,3920,0,27,27,27,27,70,70,70,70,70,70,70,70,110,22.000,22.000,24.500,24.500,0,0,0,0
301.132,13859826608897719907,0,0.000,0.000,0.000,0,3920,0,27,27,27,27,70,70,70,70,70,70,70,70,110,22.000,22.000,24.500,24.500,0,0,0,0
301.147,13859826608897719907,0,0.000,0.000,0.000,0,3920,0,27,27,27,27,70,70,70,70,70,70,70,70,110,22.000,22.000,24.500,24.500,0,0,0,0
301.176,13859826608897719907,0,0.000,0.000,0.000,0,3920,0,27,27,27,27,70,70,70,70,70,70,70,70,110,22.000,22.000,24.500,24.500,0,0,0,0
301.219,13859826608897719907,0,0.000,0.000,0.000,0,3920,0,27,27,27,27,70,70,70,70,70,70,70,70,110,22.000,22.000,24.500,24.500,0,0,0,0
301.234,13859826608897719907,0,0.000,0.000,0.000,0,3920,0,27,27,27,27,70,70,70,70,70,70,70,70,110,22.000,22.000,24.500,24.500,0,0,0,0
301.248,13859826608897719907,0,0.000,0.000,0.000,0,3920,0,27,27,27,27,70,70,70,70,70,70,70,70,110,22.000,22.000,24.500,24.500,0,0,0,0
301.305,13859826608897719907,0,0.000,0.000,0.000,0,3920,0,27,27,27,27,70,70,70,70,70,70,70,70,110,22.000,22.000,24.500,24.500,0,0,0,0
301.319,13859826608897719907,0,0.000,0.000,0.000,0,3920,0,27,27,27,27,70,70,70,70,70,70,70,70,110,22.000,22.000,24.500,24.500,0,0,0,0
301.347,13859826608897719907,0,0.000,0.000,0.000,0,3920,0,27,27,27,27,70,70,70,70,70,70,70,70,110,22.000,22.000,24.500,24.500,0,0,0,0
301.361,13859826608897719907,0,0.000,0.000,0.000,0,3920,0,27,27,27,27,70,70,70,70,70,70,70,70,110,22.000,22.000,24.500,24.500,0,0,0,0
301.403,13859826608897719907,0,0.000,0.000,0.000,0,3920,0,27,27,27,27,70,70,70,70,70,70,70,70,110,22.000,22.000,24.500,24.500,0,0,0,0
301.417,13859826608897719907,0,0.000,0.000,0.000,0,3920,0,27,27,27,27,70,70,70,70,70,70,70,70,110,22.000,22.000,24.500,24.500,0,0,0,0
301.488,13859826608897719907,0,0.000,0.000,0.000,0,3920,0,27,27,27,27,70,70,70,70,70,70,70,70,110,22.000,22.000,24.500,24.500,0,0,0,0
301.502,13859826608897719907,0,0.000,0.000,0.000,0,3920,0,27,27,27,27,70,70,70,70,70,70,70,70,110,22.000,22.000,24.500,24.500,0,0,0,0
301.516,13859826608897719907,0,0.000,0.000,0.000,0,3920,0,27,27,27,27,70,70,70,70,70,70,70,70,110,22.000,22.000,24.500,24.500,0,0,0,0
301.544,13859826608897719907,0,0.000,0.000,0.000,0,3920,0,27,27,27,27,70,70,70,70,70,70,70,70,110,22.000,22.000,24.500,24.500,0,0,0,0
301.586,13859826608897719907,0,0.000,0.000,0.000,0,3920,0,27,27,27,27,70,70,70,70,70,70,70,70,110,22.000,22.000,24.500,24.500,0,0,0,0
301.600,13859826608897719907,0,0.000,0.000,0.000,0,3920,0,27,27,27,27,70,70,70,70,70,70,70,70,110,22.000,22.000,24.500,24.500,0,0,0,0
301.613,13859826608897719907,0,0.000,0.000,0.000,0,3920,0,27,27,27,27,70,70,70,70,70,70,70,70,110,22.000,22.000,24.500,24.500,0,0,0,0
301.655,13859826608897719907,0,0.000,0.000,0.000,0,3920,0,27,27,27,27,70,70,70,70,70,70,70,70,110,22.000,22.000,24.500,24.500,0,0,0,0
301.668,13859826608897719907,0,0.000,0.000,0.000,0,3920,0,27,27,27,27,70,70,70,70,70,70,70,70,110,22.000,22.000,24.500,24.500,0,0,0,0
301.682,13859826608897719907,0,0.000,0.000,0.000,0,3920,0,27,27,27,27,70,70,70,70,70,70,70,70,110,22.000,22.000,24.500,24.500,0,0,0,0
301.696,13859826608897719907,0,0.000,0.000,0.000,0,3920,0,27,27,27,27,70,70,70,70,70,70,70,70,110,22.000,22.000,24.500,24.500,0,0,0,0
301.710,13859826608897719907,0,0.000,0.000,0.000,0,3920,0,27,27,27,27,70,70,70,70,70,70,70,70,110,22.000,22.000,24.500,24.500,0,0,0,0
301.751,13859826608897719907,0,0.000,0.000,0.000,0,3920,0,27,27,27,27,70,70,70,70,70,70,70,70,110,22.000,22.000,24.500,24.500,0,0,0,0
301.765,13859826608897719907,0,0.000,0.000,0.000,0,3920,0,27,27,27,27,70,70,70,70,70,70,70,70,110,22.000,22.000,24.500,24.500,0,0,0,0
301.821,13859826608897719907,0,0.000,0.000,0.000,0,3920,0,27,27,27,27,70,70,70,70,70,70,70,70,110,22.000,22.000,24.500,24.500,0,0,0,0
301.849,13859826608897719907,0,0.000,0.000,0.000,0,3920,0,27,27,27,27,70,70,70,70,70,70,70,70,110,22.000,22.000,24.500,24.500,0,0,0,0
301.863,13859826608897719907,0,0.000,0.000,0.000,0,3920,0,27,27,27,27,70,70,70,70,70,70,70,70,110,22.000,22.000,24.500,24.500,0,0,0,0
301.877,13859826608897719907,0,0.000,0.000,0.000,0,3920,0,27,27,27,27,70,70,70,70,70,70,70,70,110,22.000,22.000,24.500,24.500,0,0,0,0
301.905,13859826608897719907,0,0.000,0.000,0.000,0,3920,0,27,27,27,27,70,70,70,70,70,70,70,70,110,22.000,22.000,24.500,24.500,0,0,0,0
301.919,13859826608897719907,0,0.000,0.000,0.000,0,3920,0,27,27,27,27,70,70,70,70,70,70,70,70,110,22.000,22.000,24.500,24.500,0,0,0,0
301.946,13859826608897719907,0,0.000,0.000,0.000,0,3920,0,27,27,27,27,70,70,70,70,70,70,70,70,110,22.000,22.000,24.500,24.500,0,0,0,0
302.002,13859826608897719907,0,0.000,0.000,0.000,0,3920,0,27,27,27,27,70,70,70,70,70,70,70,70,110,22.000,22.000,24.500,24.500,0,0,0,0
302.015,13859826608897719907,0,0.000,0.000,0.000,0,3920,0,27,27,27,27,70,70,70,70,70,70,70,70,110,22.000,22.000,24.500,24.500,0,0,0,0
302.057,13859826608897719907,0,0.000,0.000,0.000,0,3920,0,27,27,27,27,70,70,70,70,70,70,70,70,110,22.000,22.000,24.500,24.500,0,0,0,0
302.070,13859826608897719907,0,0.000,0.000,0.000,0,3920,0,27,27,27,27,70,70,70,70,70,70,70,70,110,22.000,22.000,24.500,24.500,0,0,0,0
302.084,13859826608897719907,0,0.000,0.000,0.000,0,3920,0,27,27,27,27,70,70,70,70,70,70,70,70,110,22.000,22.000,24.500,24.500,0,0,0,0
302.098,13859826608897719907,0,0.000,0.000,0.000,0,3920,0,27,27,27,27,70,70,70,70,70,70,70,70,110,22.000,22.000,24.500,24.500,0,0,0,0
302.152,13859826608897719907,0,0.000,0.000,0.000,0,3920,0,27,27,27,27,70,70,70,70,70,70,70,70,110,22.000,22.000,24.500,24.500,0,0,0,0
302.166,13859826608897719907,0,0.000,0.000,0.000,0,3920,0,27,27,27,27,70,70,70,70,70,70,70,70,110,22.000,22.000,24.500,24.500,0,0,0,0
302.179,13859826608897719907,0,0.000,0.000,0.000,0,3920,0,27,27,27,27,70,70,70,70,70,70,70,70,110,22.000,22.000,24.500,24.500,0,0,0,0
302.207,13859826608897719907,0,0.000,0.000,0.000,0,3920,0,27,27,27,27,70,70,70,70,70,70,70,70,110,22.000,22.000,24.500,24.500,0,0,0,0
302.220,13859826608897719907,0,0.000,0.000,0.000,0,3920,0,27,27,27,27,70,70,70,70,70,70,70,70,110,22.000,22.000,24.500,24.500,0,0,0,0
302.234,13859826608897719907,0,0.000,0.000,0.000,0,3920,0,27,27,27,27,70,70,70,70,70,70,70,70,110,22.000,22.000,24.500,24.500,0,0,0,0
302.248,13859826608897719907,0,0.000,0.000,0.000,0,3920,0,27,27,27,27,70,70,70,70,70,70,70,70,110,22.000,22.000,24.500,24.500,0,0,0,0
302.261,13859826608897719907,0,0.000,0.000,0.000,0,3920,0,27,27,27,27,70,70,70,70,70,70,70,70,110,22.000,22.000,24.500,24.500,0,0,0,0
302.289,13859826608897719907,0,0.000,0.000,0.000,0,3920,0,27,27,27,27,70,70,70,70,70,70,70,70,110,22.000,22.000,24.500,24.500,0,0,0,0
302.302,13859826608897719907,0,0.000,0.000,0.000,0,3920,0,27,27,27,27,70,70,70,70,70,70,70,70,110,22.000,22.000,24.500,24.500,0,0,0,0
302.316,13859826608897719907,0,0.000,0.000,0.000,0,3920,0,27,27,27,27,70,70,70,70,70,70,70,70,110,22.000,22.000,24.500,24.500,0,0,0,0
302.344,13859826608897719907,0,0.000,0.000,0.000,0,3920,0,27,27,27,27,70,70,70,70,70,70,70,70,110,22.000,22.000,24.500,24.500,0,0,0,0
302.371,13859826608897719907,0,0.000,0.000,0.000,0,3920,0,27,27,27,27,70,70,70,70,70,70,70,70,110,22.000,22.000,24.500,24.500,0,0,0,0
302.386,13859826608897719907,0,0.000,0.000,0.000,0,3920,0,27,27,27,27,70,70,70,70,70,70,70,70,110,22.000,22.000,24.500,24.500,0,0,0,0
302.400,13859826608897719907,0,0.000,0.000,0.000,0,3920,0,27,27,27,27,70,70,70,70,70,70,70,70,110,22.000,22.000,24.500,24.500,0,0,0,0
302.414,13859826608897719907,0,0.000,0.000,0.000,0,3920,0,27,27,27,27,70,70,70,70,70,70,70,70,110,22.000,22.000,24.500,24.500,0,0,0,0
302.456,13859826608897719907,0,0.000,0.000,0.000,0,3920,0,27,27,27,27,70,70,70,70,70,70,70,70,110,22.000,22.000,24.500,24.500,0,0,0,0
302.470,13859826608897719907,0,0.000,0.000,0.000,0,3920,0,27,27,27,27,70,70,70,70,70,70,70,70,110,22.000,22.000,24.500,24.500,0,0,0,0
302.484,13859826608897719907,0,0.000,0.000,0.000,0,3920,0,27,27,27,27,70,70,70,70,70,70,70,70,110,22.000,22.000,24.500,24.500,0,0,0,0
302.498,13859826608897719907,0,0.000,0.000,0.000,0,3920,0,27,27,27,27,70,70,70,70,70,70,70,70,110,22.000,22.000,24.500,24.500,0,0,0,0
302.512,13859826608897719907,0,0.000,0.000,0.000,0,3920,0,27,27,27,27,70,70,70,70,70,70,70,70,110,22.000,22.000,24.500,24.500,0,0,0,0
302.525,13859826608897719907,0,0.000,0.000,0.000,0,3920,0,27,27,27,27,70,70,70,70,70,70,70,70,110,22.000,22.000,24.500,24.500,0,0,0,0
302.553,13859826608897719907,0,0.000,0.000,0.000,0,3920,0,27,27,27,27,70,70,70,70,70,70,70,70,110,22.000,22.000,24.500,24.500,0,0,0,0
302.567,13859826608897719907,0,0.000,0.000,0.000,0,3920,0,27,27,27,27,70,70,70,70,70,70,70,70,110,22.000,22.000,24.500,24.500,0,0,0,0
302.581,13859826608897719907,0,0.000,0.000,0.000,0,3920,0,27,27,27,27,70,70,70,70,70,70,70,70,110,22.000,22.000,24.500,24.500,0,0,0,0
302.595,13859826608897719907,0,0.000,0.000,0.000,0,3920,0,27,27,27,27,70,70,70,70,70,70,70,70,110,22.000,22.000,24.500,24.500,0,0,0,0
302.609,13859826608897719907,0,0.000,0.000,0.000,0,3920,0,27,27,27,27,70,70,70,70,70,70,70,70,110,22.000,22.000,24.500,24.500,0,0,0,0
302.637,13859826608897719907,0,0.000,0.000,0.000,0,3920,0,27,27,27,27,70,70,70,70,70,70,70,70,110,22.000,22.000,24.500,24.500,0,0,0,0
302.651,13859826608897719907,0,0.000,0.000,0.000,0,3920,0,27,27,27,27,70,70,70,70,70,70,70,70,110,22.000,22.000,24.500,24.500,0,0,0,0
302.665,13859826608897719907,0,0.000,0.000,0.000,0,3920,0,27,27,27,27,70,70,70,70,70,70,70,70,110,22.000,22.000,24.500,24.500,0,0,0,0
302.679,13859826608897719907,0,0.000,0.000,0.000,0,3920,0,27,27,27,27,70,70,70,70,70,70,70,70,110,22.000,22.000,24.500,24.500,0,0,0,0
302.693,13859826608897719907,0,0.000,0.000,0.000,0,3920,0,27,27,27,27,70,70,70,70,70,70,70,70,110,22.000,22.000,24.500,24.500,0,0,0,0
302.721,13859826608897719907,0,0.000,0.000,0.000,0,3920,0,27,27,27,27,70,70,70,70,70,70,70,70,110,22.000,22.000,24.500,24.500,0,0,0,0
302.734,13859826608897719907,0,0.000,0.000,0.000,0,3920,0,27,27,27,27,70,70,70,70,70,70,70,70,110,22.000,22.000,24.500,24.500,0,0,0,0
302.748,13859826608897719907,0,0.000,0.000,0.000,0,3920,0,27,27,27,27,70,70,70,70,70,70,70,70,110,22.000,22.000,24.500,24.500,0,0,0,0
302.762,13859826608897719907,0,0.000,0.000,0.000,0,3920,0,27,27,27,27,70,70,70,70,70,70,70,70,110,22.000,22.000,24.500,24.500,0,0,0,0
302.776,13859826608897719907,0,0.000,0.000,0.000,0,3920,0,27,27,27,27,70,70,70,70,70,70,70,70,110,22.000,22.000,24.500,24.500,0,0,0,0
302.803,13859826608897719907,0,0.000,0.000,0.000,0,3920,0,27,27,27,27,70,70,70,70,70,70,70,70,110,22.000,22.000,24.500,24.500,0,0,0,0
302.817,13859826608897719907,0,0.000,0.000,0.000,0,3920,0,27,27,27,27,70,70,70,70,70,70,70,70,110,22.000,22.000,24.500,24.500,0,0,0,0
302.831,13859826608897719907,0,0.000,0.000,0.000,0,3920,0,27,27,27,27,70,70,70,70,70,70,70,70,110,22.000,22.000,24.500,24.500,0,0,0,0
302.845,13859826608897719907,0,0.000,0.000,0.000,0,3920,0,27,27,27,27,70,70,70,70,70,70,70,70,110,22.000,22.000,24.500,24.500,0,0,0,0
302.859,13859826608897719907,0,0.000,0.000,0.000,0,3920,0,27,27,27,27,70,70,70,70,70,70,70,70,110,22.000,22.000,24.500,24.500,0,0,0,0
302.887,13859826608897719907,0,0.000,0.000,0.000,0,3920,0,27,27,27,27,70,70,70,70,70,70,70,70,110,22.000,22.000,24.500,24.500,0,0,0,0
302.901,13859826608897719907,0,0.000,0.000,0.000,0,3920,0,27,27,27,27,70,70,70,70,70,70,70,70,110,22.000,22.000,24.500,24.500,0,0,0,0
302.915,13859826608897719907,0,0.000,0.000,0.000,0,3920,0,27,27,27,27,70,70,70,70,70,70,70,70,110,22.000,22.000,24.500,24.500,0,0,0,0
302.943,13859826608897719907,0,0.000,0.000,0.000,0,3920,0,27,27,27,27,70,70,70,70,70,70,70,70,110,22.000,22.000,24.500,24.500,0,0,0,0
302.957,13859826608897719907,0,0.000,0.000,0.000,0,3920,0,27,27,27,27,70,70,70,70,70,70,70,70,110,22.000,22.000,24.500,24.500,0,0,0,0
302.984,13859826608897719907,0,0.000,0.000,0.000,0,3920,0,27,27,27,27,70,70,70,70,70,70,70,70,110,22.000,22.000,24.500,24.500,0,0,0,0
302.998,13859826608897719907,0,0.000,0.000,0.000,0,3920,0,27,27,27,27,70,70,70,70,70,70,70,70,110,22.000,22.000,24.500,24.500,0,0,0,0
303.012,13859826608897719907,0,0.000,0.000,0.000,0,3920,0,27,27,27,27,70,70,70,70,70,70,70,70,110,22.000,22.000,24.500,24.500,0,0,0,0
303.054,13859826608897719907,0,0.000,0.000,0.000,0,3920,0,27,27,27,27,70,70,70,70,70,70,70,70,110,22.000,22.000,24.500,24.500,0,0,0,0
303.067,13859826608897719907,0,0.000,0.000,0.000,0,3920,0,27,27,27,27,70,70,70,70,70,70,70,70,110,22.000,22.000,24.500,24.500,0,0,0,0
303.081,13859826608897719907,0,0.000,0.000,0.000,0,3920,0,27,27,27,27,70,70,70,70,70,70,70,70,110,22.000,22.000,24.500,24.500,0,0,0,0
303.095,13859826608897719907,0,0.000,0.000,0.000,0,3920,0,27,27,27,27,70,70,70,70,70,70,70,70,110,22.000,22.000,24.500,24.500,0,0,0,0
303.123,13859826608897719907,0,0.000,0.000,0.000,0,3920,0,27,27,27,27,70,70,70,70,70,70,70,70,110,22.000,22.000,24.500,24.500,0,0,0,0
303.137,13859826608897719907,0,0.000,0.000,0.000,0,3920,0,27,27,27,27,70,70,70,70,70,70,70,70,110,22.000,22.000,24.500,24.500,0,0,0,0
303.165,13859826608897719907,0,0.000,0.000,0.000,0,3920,0,27,27,27,27,70,70,70,70,70,70,70,70,110,22.000,22.000,24.500,24.500,0,0,0,0
303.193,13859826608897719907,0,0.000,0.000,0.000,0,3920,0,27,27,27,27,70,70,70,70,70,70,70,70,110,22.000,22.000,24.500,24.500,0,0,0,0
303.222,13859826608897719907,0,0.000,0.000,0.000,0,3920,0,27,27,27,27,70,70,70,70,70,70,70,70,110,22.000,22.000,24.500,24.500,0,0,0,0
303.236,13859826608897719907,0,0.000,0.000,0.000,0,3920,0,27,27,27,27,70,70,70,70,70,70,70,70,110,22.000,22.000,24.500,24.500,0,0,0,0
303.250,13859826608897719907,0,0.000,0.000,0.000,0,3920,0,27,27,27,27,70,70,70,70,70,70,70,70,110,22.000,22.000,24.500,24.500,0,0,0,0
303.264,13859826608897719907,0,0.000,0.000,0.000,0,3920,0,27,27,27,27,70,70,70,70,70,70,70,70,110,22.000,22.000,24.500,24.500,0,0,0,0
303.278,13859826608897719907,0,0.000,0.000,0.000,0,3920,0,27,27,27,27,70,70,70,70,70,70,70,70,110,22.000,22.000,24.500,24.500,0,0,0,0
303.321,13859826608897719907,0,0.000,0.000,0.000,0,3920,0,27,27,27,27,70,70,70,70,70,70,70,70,110,22.000,22.000,24.500,24.500,0,0,0,0
303.335,13859826608897719907,0,0.000,0.000,0.000,0,3920,0,27,27,27,27,70,70,70,70,70,70,70,70,110,22.000,22.000,24.500,24.500,0,0,0,0
303.349,13859826608897719907,0,0.000,0.000,0.000,0,3920,0,27,27,27,27,70,70,70,70,70,70,70,70,110,22.000,22.000,24.500,24.500,0,0,0,0
303.363,13859826608897719907,0,0.000,0.000,0.000,0,3920,0,27,27,27,27,70,70,70,70,70,70,70,70,110,22.000,22.000,24.500,24.500,0,0,0,0
303.377,13859826608897719907,0,0.000,0.000,0.000,0,3920,0,27,27,27,27,70,70,70,70,70,70,70,70,110,22.000,22.000,24.500,24.500,0,0,0,0
303.419,13859826608897719907,0,0.000,0.000,0.000,0,3920,0,27,27,27,27,70,70,70,70,70,70,70,70,110,22.000,22.000,24.500,24.500,0,0,0,0
303.433,13859826608897719907,0,0.000,0.000,0.000,0,3920,0,27,27,27,27,70,70,70,70,70,70,70,70,110,22.000,22.000,24.500,24.500,0,0,0,0
303.447,13859826608897719907,0,0.000,0.000,0.000,0,3920,0,27,27,27,27,70,70,70,70,70,70,70,70,110,22.000,22.000,24.500,24.500,0,0,0,0
303.461,13859826608897719907,0,0.000,0.000,0.000,0,3920,0,27,27,27,27,70,70,70,70,70,70,70,70,110,22.000,22.000,24.500,24.500,0,0,0,0
303.475,13859826608897719907,0,0.000,0.000,0.000,0,3920,0,27,27,27,27,70,70,70,70,70,70,70,70,110,22.000,22.000,24.500,24.500,0,0,0,0
303.504,13859826608897719907,0,0.000,0.000,0.000,0,3920,0,27,27,27,27,70,70,70,70,70,70,70,70,110,22.000,22.000,24.500,24.500,0,0,0,0
303.518,13859826608897719907,0,0.000,0.000,0.000,0,3920,0,27,27,27,27,70,70,70,70,70,70,70,70,110,22.000,22.000,24.500,24.500,0,0,0,0
303.546,13859826608897719907,0,0.000,0.000,0.000,0,3920,0,27,27,27,27,70,70,70,70,70,70,70,70,110,22.000,22.000,24.500,24.500,0,0,0,0
303.560,13859826608897719907,0,0.000,0.000,0.000,0,3920,0,27,27,27,27,70,70,70,70,70,70,70,70,110,22.000,22.000,24.500,24.500,0,0,0,0
303.602,13859826608897719907,0,0.000,0.000,0.000,0,3920,0,27,27,27,27,70,70,70,70,70,70,70,70,110,22.000,22.000,24.500,24.500,0,0,0,0
303.616,13859826608897719907,0,0.000,0.000,0.000,0,3920,0,27,27,27,27,70,70,70,70,70,70,70,70,110,22.000,22.000,24.500,24.500,0,0,0,0
303.630,13859826608897719907,0,0.000,0.000,0.000,0,3920,0,27,27,27,27,70,70,70,70,70,70,70,70,110,22.000,22.000,24.500,24.500,0,0,0,0
303.644,13859826608897719907,0,0.000,0.000,0.000,0,3920,0,27,27,27,27,70,70,70,70,70,70,70,70,110,22.000,22.000,24.500,24.500,0,0,0,0
303.687,13859826608897719907,0,0.000,0.000,0.000,0,3920,0,27,27,27,27,70,70,70,70,70,70,70,70,110,22.000,22.000,24.500,24.500,0,0,0,0
303.701,13859826608897719907,0,0.000,0.000,0.000,0,3920,0,27,27,27,27,70,70,70,70,70,70,70,70,110,22.000,22.000,24.500,24.500,0,0,0,0
303.716,13859826608897719907,0,0.000,0.000,0.000,0,3920,0,27,27,27,27,70,70,70,70,70,70,70,70,110,22.000,22.000,24.500,24.500,0,0,0,0
303.760,13859826608897719907,0,0.000,0.000,0.000,0,3920,0,27,27,27,27,70,70,70,70,70,70,70,70,110,22.000,22.000,24.500,24.500,0,0,0,0
303.803,13859826608897719907,0,0.000,0.000,0.000,0,3920,0,27,27,27,27,70,70,70,70,70,70,70,70,110,22.000,22.000,24.500,24.500,0,0,0,0
303.818,13859826608897719907,0,0.000,0.000,0.000,0,3920,0,27,27,27,27,70,70,70,70,70,70,70,70,110,22.000,22.000,24.500,24.500,0,0,0,0
303.861,13859826608897719907,0,0.000,0.000,0.000,0,3920,0,27,27,27,27,70,70,70,70,70,70,70,70,110,22.000,22.000,24.500,24.500,0,0,0,0
303.890,13859826608897719907,0,0.000,0.000,0.000,0,3920,0,27,27,27,27,70,70,70,70,70,70,70,70,110,22.000,22.000,24.500,24.500,0,0,0,0
303.919,13859826608897719907,0,0.000,0.000,0.000,0,3920,0,27,27,27,27,70,70,70,70,70,70,70,70,110,22.000,22.000,24.500,24.500,0,0,0,0
303.947,13859826608897719907,0,0.000,0.000,0.000,0,3920,0,27,27,27,27,70,70,70,70,70,70,70,70,110,22.000,22.000,24.500,24.500,0,0,0,0
303.961,13859826608897719907,0,0.000,0.000,0.000,0,3920,0,27,27,27,27,70,70,70,70,70,70,70,70,110,22.000,22.000,24.500,24.500,0,0,0,0
304.005,13859826608897719907,0,0.000,0.000,0.000,0,3920,0,27,27,27,27,70,70,70,70,70,70,70,70,110,22.000,22.000,24.500,24.500,0,0,0,0
304.019,13859826608897719907,0,0.000,0.000,0.000,0,3920,0,27,27,27,27,70,70,70,70,70,70,70,70,110,22.000,22.000,24.500,24.500,0,0,0,0
304.033,13859826608897719907,0,0.000,0.000,0.000,0,3920,0,27,27,27,27,70,70,70,70,70,70,70,70,110,22.000,22.000,24.500,24.500,0,0,0,0
304.048,13859826608897719907,0,0.000,0.000,0.000,0,3920,0,27,27,27,27,70,70,70,70,70,70,70,70,110,22.000,22.000,24.500,24.500,0,0,0,0
304.062,13859826608897719907,0,0.000,0.000,0.000,0,3920,0,27,27,27,27,70,70,70,70,70,70,70,70,110,22.000,22.000,24.500,24.500,0,0,0,0
304.076,13859826608897719907,0,0.000,0.000,0.000,0,3920,0,27,27,27,27,70,70,70,70,70,70,70,70,110,22.000,22.000,24.500,24.500,0,0,0,0
304.104,13859826608897719907,0,0.000,0.000,0.000,0,3920,0,27,27,27,27,70,70,70,70,70,70,70,70,110,22.000,22.000,24.500,24.500,0,0,0,0
304.118,13859826608897719907,0,0.000,0.000,0.000,0,3920,0,27,27,27,27,70,70,70,70,70,70,70,70,110,22.000,22.000,24.500,24.500,0,0,0,0
304.132,13859826608897719907,0,0.000,0.000,0.000,0,3920,0,27,27,27,27,70,70,70,70,70,70,70,70,110,22.000,22.000,24.500,24.500,0,0,0,0
304.146,13859826608897719907,0,0.000,0.000,0.000,0,3920,0,27,27,27,27,70,70,70,70,70,70,70,70,110,22.000,22.000,24.500,24.500,0,0,0,0
304.160,13859826608897719907,0,0.000,0.000,0.000,0,3920,0,27,27,27,27,70,70,70,70,70,70,70,70,110,22.000,22.000,24.500,24.500,0,0,0,0
304.188,13859826608897719907,0,0.000,0.000,0.000,0,3920,0,27,27,27,27,70,70,70,70,70,70,70,70,110,22.000,22.000,24.500,24.500,0,0,0,0
304.202,13859826608897719907,0,0.000,0.000,0.000,0,3920,0,27,27,27,27,70,70,70,70,70,70,70,70,110,22.000,22.000,24.500,24.500,0,0,0,0
304.216,13859826608897719907,0,0.000,0.000,0.000,0,3920,0,27,27,27,27,70,70,70,70,70,70,70,70,110,22.000,22.000,24.500,24.500,0,0,0,0
304.230,13859826608897719907,0,0.000,0.000,0.000,0,3920,0,27,27,27,27,70,70,70,70,70,70,70,70,110,22.000,22.000,24.500,24.500,0,0,0,0
304.259,13859826608897719907,0,0.000,0.000,0.000,0,3920,0,27,27,27,27,70,70,70,70,70,70,70,70,110,22.000,22.000,24.500,24.500,0,0,0,0
304.302,13859826608897719907,0,0.000,0.000,0.000,0,3920,0,27,27,27,27,70,70,70,70,70,70,70,70,110,22.000,22.000,24.500,24.500,0,0,0,0
304.316,13859826608897719907,0,0.000,0.000,0.000,0,3920,0,27,27,27,27,70,70,70,70,70,70,70,70,110,22.000,22.000,24.500,24.500,0,0,0,0
304.331,13859826608897719907,0,0.000,0.000,0.000,0,3920,0,27,27,27,27,70,70,70,70,70,70,70,70,110,22.000,22.000,24.500,24.500,0,0,0,0
304.345,13859826608897719907,0,0.000,0.000,0.000,0,3920,0,27,27,27,27,70,70,70,70,70,70,70,70,110,22.000,22.000,24.500,24.500,0,0,0,0
304.359,13859826608897719907,0,0.000,0.000,0.000,0,3920,0,27,27,27,27,70,70,70,70,70,70,70,70,110,22.000,22.000,24.500,24.500,0,0,0,0
304.388,13859826608897719907,0,0.000,0.000,0.000,0,3920,0,27,27,27,27,70,70,70,70,70,70,70,70,110,22.000,22.000,24.500,24.500,0,0,0,0
304.403,13859826608897719907,0,0.000,0.000,0.000,0,3920,0,27,27,27,27,70,70,70,70,70,70,70,70,110,22.000,22.000,24.500,24.500,0,0,0,0
304.417,13859826608897719907,0,0.000,0.000,0.000,0,3920,0,27,27,27,27,70,70,70,70,70,70,70,70,110,22.000,22.000,24.500,24.500,0,0,0,0
304.446,13859826608897719907,0,0.000,0.000,0.000,0,3920,0,27,27,27,27,70,70,70,70,70,70,70,70,110,22.000,22.000,24.500,24.500,0,0,0,0
304.461,13859826608897719907,0,0.000,0.000,0.000,0,3920,0,27,27,27,27,70,70,70,70,70,70,70,70,110,22.000,22.000,24.500,24.500,0,0,0,0
304.476,13859826608897719907,0,0.000,0.000,0.000,0,3920,0,27,27,27,27,70,70,70,70,70,70,70,70,110,22.000,22.000,24.500,24.500,0,0,0,0
304.519,13859826608897719907,0,0.000,0.000,0.000,0,3920,0,27,27,27,27,70,70,70,70,70,70,70,70,110,22.000,22.000,24.500,24.500,0,0,0,0
304.534,13859826608897719907,0,0.000,0.000,0.000,0,3920,0,27,27,27,27,70,70,70,70,70,70,70,70,110,22.000,22.000,24.500,24.500,0,0,0,0
304.549,13859826608897719907,0,0.000,0.000,0.000,0,3920,0,27,27,27,27,70,70,70,70,70,70,70,70,110,22.000,22.000,24.500,24.500,0,0,0,0
304.563,13859826608897719907,0,0.000,0.000,0.000,0,3920,0,27,27,27,27,70,70,70,70,70,70,70,70,110,22.000,22.000,24.500,24.500,0,0,0,0
304.578,13859826608897719907,0,0.000,0.000,0.000,0,3920,0,27,27,27,27,70,70,70,70,70,70,70,70,110,22.000,22.000,24.500,24.500,0,0,0,0
304.593,13859826608897719907,0,0.000,0.000,0.000,0,3920,0,27,27,27,27,70,70,70,70,70,70,70,70,110,22.000,22.000,24.500,24.500,0,0,0,0
304.607,13859826608897719907,0,0.000,0.000,0.000,0,3920,0,27,27,27,27,70,70,70,70,70,70,70,70,110,22.000,22.000,24.500,24.500,0,0,0,0
304.636,13859826608897719907,0,0.000,0.000,0.000,0,3920,0,27,27,27,27,70,70,70,70,70,70,70,70,110,22.000,22.000,24.500,24.500,0,0,0,0
304.651,13859826608897719907,0,0.000,0.000,0.000,0,3920,0,27,27,27,27,70,70,70,70,70,70,70,70,110,22.000,22.000,24.500,24.500,0,0,0,0
304.665,13859826608897719907,0,0.000,0.000,0.000,0,3920,0,27,27,27,27,70,70,70,70,70,70,70,70,110,22.000,22.000,24.500,24.500,0,0,0,0
304.694,13859826608897719907,0,0.000,0.000,0.000,0,3920,0,27,27,27,27,70,70,70,70,70,70,70,70,110,22.000,22.000,24.500,24.500,0,0,0,0
304.708,13859826608897719907,0,0.000,0.000,0.000,0,3920,0,27,27,27,27,70,70,70,70,70,70,70,70,110,22.000,22.000,24.500,24.500,0,0,0,0
304.737,13859826608897719907,0,0.000,0.000,0.000,0,3920,0,27,27,27,27,70,70,70,70,70,70,70,70,110,22.000,22.000,24.500,24.500,0,0,0,0
304.751,13859826608897719907,0,0.000,0.000,0.000,0,3920,0,27,27,27,27,70,70,70,70,70,70,70,70,110,22.000,22.000,24.500,24.500,0,0,0,0
304.905,13859826608897719907,0,0.000,0.000,0.000,0,3920,0,27,27,27,27,70,70,70,70,70,70,70,70,110,22.000,22.000,24.500,24.500,0,0,0,0
304.919,13859826608897719907,0,0.000,0.000,0.000,0,3920,0,27,27,27,27,70,70,70,70,70,70,70,70,110,22.000,22.000,24.500,24.500,0,0,0,0
304.948,13859826608897719907,0,0.000,0.000,0.000,0,3920,0,27,27,27,27,70,70,70,70,70,70,70,70,110,22.000,22.000,24.500,24.500,0,0,0,0
304.977,13859826608897719907,0,0.000,0.000,0.000,0,3920,0,27,27,27,27,70,70,70,70,70,70,70,70,110,22.000,22.000,24.500,24.500,0,0,0,0
304.991,13859826608897719907,0,0.000,0.000,0.000,0,3920,0,27,27,27,27,70,70,70,70,70,70,70,70,110,22.000,22.000,24.500,24.500,0,0,0,0
305.020,13859826608897719907,0,0.000,0.000,0.000,0,3920,0,27,27,27,27,70,70,70,70,70,70,70,70,110,22.000,22.000,24.500,24.500,0,0,0,0
305.035,13859826608897719907,0,0.000,0.000,0.000,0,3920,0,27,27,27,27,70,70,70,70,70,70,70,70,110,22.000,22.000,24.500,24.500,0,0,0,0
305.050,13859826608897719907,0,0.000,0.000,0.000,0,3920,0,27,27,27,27,70,70,70,70,70,70,70,70,110,22.000,22.000,24.500,24.500,0,0,0,0
305.065,13859826608897719907,0,0.000,0.000,0.000,0,3920,0,27,27,27,27,70,70,70,70,70,70,70,70,110,22.000,22.000,24.500,24.500,0,0,0,0
305.079,13859826608897719907,0,0.000,0.000,0.000,0,3920,0,27,27,27,27,70,70,70,70,70,70,70,70,110,22.000,22.000,24.500,24.500,0,0,0,0
305.094,13859826608897719907,0,0.000,0.000,0.000,0,3920,0,27,27,27,27,70,70,70,70,70,70,70,70,110,22.000,22.000,24.500,24.500,0,0,0,0
305.108,13859826608897719907,0,0.000,0.000,0.000,0,3920,0,27,27,27,27,70,70,70,70,70,70,70,70,110,22.000,22.000,24.500,24.500,0,0,0,0
305.123,13859826608897719907,0,0.000,0.000,0.000,0,3920,0,27,27,27,27,70,70,70,70,70,70,70,70,110,22.000,22.000,24.500,24.500,0,0,0,0
305.137,13859826608897719907,0,0.000,0.000,0.000,0,3920,0,27,27,27,27,70,70,70,70,70,70,70,70,110,22.000,22.000,24.500,24.500,0,0,0,0
305.166,13859826608897719907,0,0.000,0.000,0.000,0,3920,0,27,27,27,27,70,70,70,70,70,70,70,70,110,22.000,22.000,24.500,24.500,0,0,0,0
305.180,13859826608897719907,0,0.000,0.000,0.000,0,3920,0,27,27,27,27,70,70,70,70,70,70,70,70,110,22.000,22.000,24.500,24.500,0,0,0,0
305.195,13859826608897719907,0,0.000,0.000,0.000,0,3920,0,27,27,27,27,70,70,70,70,70,70,70,70,110,22.000,22.000,24.500,24.500,0,0,0,0
305.209,13859826608897719907,0,0.000,0.000,0.000,0,3920,0,27,27,27,27,70,70,70,70,70,70,70,70,110,22.000,22.000,24.500,24.500,0,0,0,0
305.224,13859826608897719907,0,0.000,0.000,0.000,0,3920,0,27,27,27,27,70,70,70,70,70,70,70,70,110,22.000,22.000,24.500,24.500,0,0,0,0
305.253,13859826608897719907,0,0.000,0.000,0.000,0,3920,0,27,27,27,27,70,70,70,70,70,70,70,70,110,22.000,22.000,24.500,24.500,0,0,0,0
305.268,13859826608897719907,0,0.000,0.000,0.000,0,3920,0,27,27,27,27,70,70,70,70,70,70,70,70,110,22.000,22.000,24.500,24.500,0,0,0,0
305.282,13859826608897719907,0,0.000,0.000,0.000,0,3920,0,27,27,27,27,70,70,70,70,70,70,70,70,110,22.000,22.000,24.500,24.500,0,0,0,0
305.509,13859826608897719907,0,0.000,0.000,0.000,0,3920,0,27,27,27,27,70,70,70,70,70,70,70,70,110,22.000,22.000,24.500,24.500,0,0,0,0
306.547,13859826608897719907,0,0.000,0.000,0.000,0,3920,0,27,27,27,27,70,70,70,70,70,70,70,70,110,22.000,22.000,24.500,24.500,0,0,0,0
307.112,13859826608897719907,0,0.000,0.000,0.000,0,3920,0,27,27,27,27,70,70,70,70,70,70,70,70,110,22.000,22.000,24.500,24.500,0,0,0,0
307.141,13859826608897719907,0,0.000,0.000,0.000,0,3920,0,27,27,27,27,70,70,70,70,70,70,70,70,110,22.000,22.000,24.500,24.500,0,0,0,0
307.202,13859826608897719907,0,0.000,0.000,0.000,0,3920,0,27,27,27,27,70,70,70,70,70,70,70,70,110,22.000,22.000,24.500,24.500,0,0,0,0
307.217,13859826608897719907,0,0.000,0.000,0.000,0,3920,0,27,27,27,27,70,70,70,70,70,70,70,70,110,22.000,22.000,24.500,24.500,0,0,0,0
307.262,13859826608897719907,0,0.000,0.000,0.000,0,3920,0,27,27,27,27,70,70,70,70,70,70,70,70,110,22.000,22.000,24.500,24.500,0,0,0,0
307.305,13859826608897719907,0,0.000,0.000,0.000,0,3920,0,27,27,27,27,70,70,70,70,70,70,70,70,110,22.000,22.000,24.500,24.500,0,0,0,0
307.319,13859826608897719907,0,0.000,0.000,0.000,0,3920,0,27,27,27,27,70,70,70,70,70,70,70,70,110,22.000,22.000,24.500,24.500,0,0,0,0
307.404,13859826608897719907,0,0.000,0.000,0.000,0,3920,0,27,27,27,27,70,70,70,70,70,70,70,70,110,22.000,22.000,24.500,24.500,0,0,0,0
307.446,13859826608897719907,0,0.000,0.000,0.000,0,3920,0,27,27,27,27,70,70,70,70,70,70,70,70,110,22.000,22.000,24.500,24.500,0,0,0,0
307.502,13859826608897719907,0,0.000,0.000,0.000,0,3920,0,27,27,27,27,70,70,70,70,70,70,70,70,110,22.000,22.000,24.500,24.500,0,0,0,0
307.516,13859826608897719907,0,0.000,0.000,0.000,0,3920,0,27,27,27,27,70,70,70,70,70,70,70,70,110,22.000,22.000,24.500,24.500,0,0,0,0
307.559,13859826608897719907,0,0.000,0.000,0.000,0,3920,0,27,27,27,27,70,70,70,70,70,70,70,70,110,22.000,22.000,24.500,24.500,0,0,0,0
307.587,13859826608897719907,0,0.000,0.000,0.000,0,3920,0,27,27,27,27,70,70,70,70,70,70,70,70,110,22.000,22.000,24.500,24.500,0,0,0,0
307.616,13859826608897719907,0,0.000,0.000,0.000,0,3920,0,27,27,27,27,70,70,70,70,70,70,70,70,110,22.000,22.000,24.500,24.500,0,0,0,0
307.630,13859826608897719907,0,0.000,0.000,0.000,0,3920,0,27,27,27,27,70,70,70,70,70,70,70,70,110,22.000,22.000,24.500,24.500,0,0,0,0
307.688,13859826608897719907,0,0.000,0.000,0.000,0,3920,0,27,27,27,27,70,70,70,70,70,70,70,70,110,22.000,22.000,24.500,24.500,0,0,0,0
307.702,13859826608897719907,0,0.000,0.000,0.000,0,3920,0,27,27,27,27,70,70,70,70,70,70,70,70,110,22.000,22.000,24.500,24.500,0,0,0,0
307.717,13859826608897719907,0,0.000,0.000,0.000,0,3920,0,27,27,27,27,70,70,70,70,70,70,70,70,110,22.000,22.000,24.500,24.500,0,0,0,0
307.774,13859826608897719907,0,0.000,0.000,0.000,0,3920,0,27,27,27,27,70,70,70,70,70,70,70,70,110,22.000,22.000,24.500,24.500,0,0,0,0
307.803,13859826608897719907,0,0.000,0.000,0.000,0,3920,0,27,27,27,27,70,70,70,70,70,70,70,70,110,22.000,22.000,24.500,24.500,0,0,0,0
307.817,13859826608897719907,0,0.000,0.000,0.000,0,3920,0,27,27,27,27,70,70,70,70,70,70,70,70,110,22.000,22.000,24.500,24.500,0,0,0,0
307.860,13859826608897719907,0,0.000,0.000,0.000,0,3920,0,27,27,27,27,70,70,70,70,70,70,70,70,110,22.000,22.000,24.500,24.500,0,0,0,0
307.874,13859826608897719907,0,0.000,0.000,0.000,0,3920,0,27,27,27,27,70,70,70,70,70,70,70,70,110,22.000,22.000,24.500,24.500,0,0,0,0
307.903,13859826608897719907,0,0.000,0.000,0.000,0,3920,0,27,27,27,27,70,70,70,70,70,70,70,70,110,22.000,22.000,24.500,24.500,0,0,0,0
307.917,13859826608897719907,0,0.000,0.000,0.000,0,3920,0,27,27,27,27,70,70,70,70,70,70,70,70,110,22.000,22.000,24.500,24.500,0,0,0,0
307.959,13859826608897719907,0,0.000,0.000,0.000,0,3920,0,27,27,27,27,70,70,70,70,70,70,70,70,110,22.000,22.000,24.500,24.500,0,0,0,0
307.988,13859826608897719907,0,0.000,0.000,0.000,0,3920,0,27,27,27,27,70,70,70,70,70,70,70,70,110,22.000,22.000,24.500,24.500,0,0,0,0
308.033,13859826608897719907,0,0.000,0.000,0.000,0,3920,0,27,27,27,27,70,70,70,70,70,70,70,70,110,22.000,22.000,24.500,24.500,0,0,0,0
308.078,13859826608897719907,0,0.000,0.000,0.000,0,3920,0,27,27,27,27,70,70,70,70,70,70,70,70,110,22.000,22.000,24.500,24.500,0,0,0,0
308.092,13859826608897719907,0,0.000,0.000,0.000,0,3920,0,27,27,27,27,70,70,70,70,70,70,70,70,110,22.000,22.000,24.500,24.500,0,0,0,0
308.134,13859826608897719907,0,0.000,0.000,0.000,0,3920,0,27,27,27,27,70,70,70,70,70,70,70,70,110,22.000,22.000,24.500,24.500,0,0,0,0
308.192,13859826608897719907,0,0.000,0.000,0.000,0,3920,0,27,27,27,27,70,70,70,70,70,70,70,70,110,22.000,22.000,24.500,24.500,0,0,0,0
308.206,13859826608897719907,0,0.000,0.000,0.000,0,3920,0,27,27,27,27,70,70,70,70,70,70,70,70,110,22.000,22.000,24.500,24.500,0,0,0,0
308.249,13859826608897719907,0,0.000,0.000,0.000,0,3920,0,27,27,27,27,70,70,70,70,70,70,70,70,110,22.000,22.000,24.500,24.500,0,0,0,0
308.459,13859826608897719907,0,0.000,0.000,0.000,0,3920,0,27,27,27,27,70,70,70,70,70,70,70,70,110,22.000,22.000,24.500,24.500,0,0,0,0
308.501,13859826608897719907,0,0.000,0.000,0.000,0,3920,0,27,27,27,27,70,70,70,70,70,70,70,70,110,22.000,22.000,24.500,24.500,0,0,0,0
308.515,13859826608897719907,0,0.000,0.000,0.000,0,3920,0,27,27,27,27,70,70,70,70,70,70,70,70,110,22.000,22.000,24.500,24.500,0,0,0,0
308.571,13859826608897719907,0,0.000,0.000,0.000,0,3920,0,27,27,27,27,70,70,70,70,70,70,70,70,110,22.000,22.000,24.500,24.500,0,0,0,0
308.585,13859826608897719907,0,0.000,0.000,0.000,0,3920,0,27,27,27,27,70,70,70,70,70,70,70,70,110,22.000,22.000,24.500,24.500,0,0,0,0
308.612,13859826608897719907,0,0.000,0.000,0.000,0,3920,0,27,27,27,27,70,70,70,70,70,70,70,70,110,22.000,22.000,24.500,24.500,0,0,0,0
308.639,13859826608897719907,0,0.000,0.000,0.000,0,3920,0,27,27,27,27,70,70,70,70,70,70,70,70,110,22.000,22.000,24.500,24.500,0,0,0,0
308.667,13859826608897719907,0,0.000,0.000,0.000,0,3920,0,27,27,27,27,70,70,70,70,70,70,70,70,110,22.000,22.000,24.500,24.500,0,0,0,0
308.722,13859826608897719907,0,0.000,0.000,0.000,0,3920,0,27,27,27,27,70,70,70,70,70,70,70,70,110,22.000,22.000,24.500,24.500,0,0,0,0
308.777,13859826608897719907,0,0.000,0.000,0.000,0,3920,0,27,27,27,27,70,70,70,70,70,70,70,70,110,22.000,22.000,24.500,24.500,0,0,0,0
308.804,13859826608897719907,0,0.000,0.000,0.000,0,3920,0,27,27,27,27,70,70,70,70,70,70,70,70,110,22.000,22.000,24.500,24.500,0,0,0,0
308.818,13859826608897719907,0,0.000,0.000,0.000,0,3920,0,27,27,27,27,70,70,70,70,70,70,70,70,110,22.000,22.000,24.500,24.500,0,0,0,0
308.872,13859826608897719907,0,0.000,0.000,0.000,0,3920,0,27,27,27,27,70,70,70,70,70,70,70,70,110,22.000,22.000,24.500,24.500,0,0,0,0
308.886,13859826608897719907,0,0.000,0.000,0.000,0,3920,0,27,27,27,27,70,70,70,70,70,70,70,70,110,22.000,22.000,24.500,24.500,0,0,0,0
308.900,13859826608897719907,0,0.000,0.000,0.000,0,3920,0,27,27,27,27,70,70,70,70,70,70,70,70,110,22.000,22.000,24.500,24.500,0,0,0,0
308.955,13859826608897719907,0,0.000,0.000,0.000,0,3920,0,27,27,27,27,70,70,70,70,70,70,70,70,110,22.000,22.000,24.500,24.500,0,0,0,0
308.969,13859826608897719907,0,0.000,0.000,0.000,0,3920,0,27,27,27,27,70,70,70,70,70,70,70,70,110,22.000,22.000,24.500,24.500,0,0,0,0
309.009,13859826608897719907,0,0.000,0.000,0.000,0,3920,0,27,27,27,27,70,70,70,70,70,70,70,70,110,22.000,22.000,24.500,24.500,0,0,0,0
309.064,13859826608897719907,0,0.000,0.000,0.000,0,3920,0,27,27,27,27,70,70,70,70,70,70,70,70,110,22.000,22.000,24.500,24.500,0,0,0,0
309.119,13859826608897719907,0,0.000,0.000,0.000,0,3920,0,27,27,27,27,70,70,70,70,70,70,70,70,110,22.000,22.000,24.500,24.500,0,0,0,0
309.187,13859826608897719907,0,0.000,0.000,0.000,0,3920,0,27,27,27,27,70,70,70,70,70,70,70,70,110,22.000,22.000,24.500,24.500,0,0,0,0
309.201,13859826608897719907,0,0.000,0.000,0.000,0,3920,0,27,27,27,27,70,70,70,70,70,70,70,70,110,22.000,22.000,24.500,24.500,0,0,0,0
309.256,13859826608897719907,0,0.000,0.000,0.000,0,3920,0,27,27,27,27,70,70,70,70,70,70,70,70,110,22.000,22.000,24.500,24.500,0,0,0,0
309.270,13859826608897719907,0,0.000,0.000,0.000,0,3920,0,27,27,27,27,70,70,70,70,70,70,70,70,110,22.000,22.000,24.500,24.500,0,0,0,0
309.298,13859826608897719907,0,0.000,0.000,0.000,0,3920,0,27,27,27,27,70,70,70,70,70,70,70,70,110,22.000,22.000,24.500,24.500,0,0,0,0
309.312,13859826608897719907,0,0.000,0.000,0.000,0,3920,0,27,27,27,27,70,70,70,70,70,70,70,70,110,22.000,22.000,24.500,24.500,0,0,0,0
309.354,13859826608897719907,0,0.000,0.000,0.000,0,3920,0,27,27,27,27,70,70,70,70,70,70,70,70,110,22.000,22.000,24.500,24.500,0,0,0,0
309.367,13859826608897719907,0,0.000,0.000,0.000,0,3920,0,27,27,27,27,70,70,70,70,70,70,70,70,110,22.000,22.000,24.500,24.500,0,0,0,0
309.381,13859826608897719907,0,0.000,0.000,0.000,0,3920,0,27,27,27,27,70,70,70,70,70,70,70,70,110,22.000,22.000,24.500,24.500,0,0,0,0
309.422,13859826608897719907,0,0.000,0.000,0.000,0,3920,0,27,27,27,27,70,70,70,70,70,70,70,70,110,22.000,22.000,24.500,24.500,0,0,0,0
309.435,13859826608897719907,0,0.000,0.000,0.000,0,3920,0,27,27,27,27,70,70,70,70,70,70,70,70,110,22.000,22.000,24.500,24.500,0,0,0,0
309.518,13859826608897719907,0,0.000,0.000,0.000,0,3920,0,27,27,27,27,70,70,70,70,70,70,70,70,110,22.000,22.000,24.500,24.500,0,0,0,0
309.546,13859826608897719907,0,0.000,0.000,0.000,0,3920,0,27,27,27,27,70,70,70,70,70,70,70,70,110,22.000,22.000,24.500,24.500,0,0,0,0
309.588,13859826608897719907,0,0.000,0.000,0.000,0,3920,0,27,27,27,27,70,70,70,70,70,70,70,70,110,22.000,22.000,24.500,24.500,0,0,0,0
309.616,13859826608897719907,0,0.000,0.000,0.000,0,3920,0,27,27,27,27,70,70,70,70,70,70,70,70,110,22.000,22.000,24.500,24.500,0,0,0,0
309.672,13859826608897719907,0,0.000,0.000,0.000,0,3920,0,27,27,27,27,70,70,70,70,70,70,70,70,110,22.000,22.000,24.500,24.500,0,0,0,0
309.854,13859826608897719907,0,0.000,0.000,0.000,0,3920,0,27,27,27,27,70,70,70,70,70,70,70,70,110,22.000,22.000,24.500,24.500,0,0,0,0
309.868,13859826608897719907,0,0.000,0.000,0.000,0,3920,0,27,27,27,27,70,70,70,70,70,70,70,70,110,22.000,22.000,24.500,24.500,0,0,0,0
309.897,13859826608897719907,0,0.000,0.000,0.000,0,3920,0,27,27,27,27,70,70,70,70,70,70,70,70,110,22.000,22.000,24.500,24.500,0,0,0,0
309.912,13859826608897719907,0,0.000,0.000,0.000,0,3920,0,27,27,27,27,70,70,70,70,70,70,70,70,110,22.000,22.000,24.500,24.500,0,0,0,0
309.941,13859826608897719907,0,0.000,0.000,0.000,0,3920,0,27,27,27,27,70,70,70,70,70,70,70,70,110,22.000,22.000,24.500,24.500,0,0,0,0
309.970,13859826608897719907,0,0.000,0.000,0.000,0,3920,0,27,27,27,27,70,70,70,70,70,70,70,70,110,22.000,22.000,24.500,24.500,0,0,0,0
309.999,13859826608897719907,0,0.000,0.000,0.000,0,3920,0,27,27,27,27,70,70,70,70,70,70,70,70,110,22.000,22.000,24.500,24.500,0,0,0,0
310.101,13859826608897719907,0,0.000,0.000,0.000,0,3920,0,27,27,27,27,70,70,70,70,70,70,70,70,110,22.000,22.000,24.500,24.500,0,0,0,0
310.159,13859826608897719907,0,0.000,0.000,0.000,0,3920,0,27,27,27,27,70,70,70,70,70,70,70,70,110,22.000,22.000,24.500,24.500,0,0,0,0
310.203,13859826608897719907,0,0.000,0.000,0.000,0,3920,0,27,27,27,27,70,70,70,70,70,70,70,70,110,22.000,22.000,24.500,24.500,0,0,0,0
310.217,13859826608897719907,0,0.000,0.000,0.000,0,3920,0,27,27,27,27,70,70,70,70,70,70,70,70,110,22.000,22.000,24.500,24.500,0,0,0,0
310.260,13859826608897719907,0,0.000,0.000,0.000,0,3920,0,27,27,27,27,70,70,70,70,70,70,70,70,110,22.000,22.000,24.500,24.500,0,0,0,0
310.303,13859826608897719907,0,0.000,0.000,0.000,0,3920,0,27,27,27,27,70,70,70,70,70,70,70,70,110,22.000,22.000,24.500,24.500,0,0,0,0
310.317,13859826608897719907,0,0.000,0.000,0.000,0,3920,0,27,27,27,27,70,70,70,70,70,70,70,70,110,22.000,22.000,24.500,24.500,0,0,0,0
310.360,13859826608897719907,0,0.000,0.000,0.000,0,3920,0,27,27,27,27,70,70,70,70,70,70,70,70,110,22.000,22.000,24.500,24.500,0,0,0,0
310.374,13859826608897719907,0,0.000,0.000,0.000,0,3920,0,27,27,27,27,70,70,70,70,70,70,70,70,110,22.000,22.000,24.500,24.500,0,0,0,0
310.403,13859826608897719907,0,0.000,0.000,0.000,0,3920,0,27,27,27,27,70,70,70,70,70,70,70,70,110,22.000,22.000,24.500,24.500,0,0,0,0
310.417,13859826608897719907,0,0.000,0.000,0.000,0,3920,0,27,27,27,27,70,70,70,70,70,70,70,70,110,22.000,22.000,24.500,24.500,0,0,0,0
310.489,13859826608897719907,0,0.000,0.000,0.000,0,3920,0,27,27,27,27,70,70,70,70,70,70,70,70,110,22.000,22.000,24.500,24.500,0,0,0,0
310.518,13859826608897719907,0,0.000,0.000,0.000,0,3920,0,27,27,27,27,70,70,70,70,70,70,70,70,110,22.000,22.000,24.500,24.500,0,0,0,0
310.548,13859826608897719907,0,0.000,0.000,0.000,0,3920,0,27,27,27,27,70,70,70,70,70,70,70,70,110,22.000,22.000,24.500,24.500,0,0,0,0
310.592,13859826608897719907,0,0.000,0.000,0.000,0,3920,0,27,27,27,27,70,70,70,70,70,70,70,70,110,22.000,22.000,24.500,24.500,0,0,0,0
310.607,13859826608897719907,0,0.000,0.000,0.000,0,3920,0,27,27,27,27,70,70,70,70,70,70,70,70,110,22.000,22.000,24.500,24.500,0,0,0,0
310.636,13859826608897719907,0,0.000,0.000,0.000,0,3920,0,27,27,27,27,70,70,70,70,70,70,70,70,110,22.000,22.000,24.500,24.500,0,0,0,0
310.665,13859826608897719907,0,0.000,0.000,0.000,0,3920,0,27,27,27,27,70,70,70,70,70,70,70,70,110,22.000,22.000,24.500,24.500,0,0,0,0
310.752,13859826608897719907,0,0.000,0.000,0.000,0,3920,0,27,27,27,27,70,70,70,70,70,70,70,70,110,22.000,22.000,24.500,24.500,0,0,0,0
310.767,13859826608897719907,0,0.000,0.000,0.000,0,3920,0,27,27,27,27,70,70,70,70,70,70,70,70,110,22.000,22.000,24.500,24.500,0,0,0,0
310.796,13859826608897719907,0,0.000,0.000,0.000,0,3920,0,27,27,27,27,70,70,70,70,70,70,70,70,110,22.000,22.000,24.500,24.500,0,0,0,0
310.811,13859826608897719907,0,0.000,0.000,0.000,0,3920,0,27,27,27,27,70,70,70,70,70,70,70,70,110,22.000,22.000,24.500,24.500,0,0,0,0
310.870,13859826608897719907,0,0.000,0.000,0.000,0,3920,0,27,27,27,27,70,70,70,70,70,70,70,70,110,22.000,22.000,24.500,24.500,0,0,0,0
310.914,13859826608897719907,0,0.000,0.000,0.000,0,3920,0,27,27,27,27,70,70,70,70,70,70,70,70,110,22.000,22.000,24.500,24.500,0,0,0,0
311.003,13859826608897719907,0,0.000,0.000,0.000,0,3920,0,27,27,27,27,70,70,70,70,70,70,70,70,110,22.000,22.000,24.500,24.500,0,0,0,0
311.017,13859826608897719907,0,0.000,0.000,0.000,0,3920,0,27,27,27,27,70,70,70,70,70,70,70,70,110,22.000,22.000,24.500,24.500,0,0,0,0
312.512,13859826608897719907,0,0.000,0.000,0.000,0,3920,0,27,27,27,27,70,70,70,70,70,70,70,70,110,22.000,22.000,24.500,24.500,0,0,0,0
312.557,13859826608897719907,0,0.000,0.000,0.000,0,3920,0,27,27,27,27,70,70,70,70,70,70,70,70,110,22.000,22.000,24.500,24.500,0,0,0,0
312.587,13859826608897719907,0,0.000,0.000,0.000,0,3920,0,27,27,27,27,70,70,70,70,70,70,70,70,110,22.000,22.000,24.500,24.500,0,0,0,0
312.602,13859826608897719907,0,0.000,0.000,0.000,0,3920,0,27,27,27,27,70,70,70,70,70,70,70,70,110,22.000,22.000,24.500,24.500,0,0,0,0
312.647,13859826608897719907,0,0.000,0.000,0.000,0,3920,0,27,27,27,27,70,70,70,70,70,70,70,70,110,22.000,22.000,24.500,24.500,0,0,0,0
312.662,13859826608897719907,0,0.000,0.000,0.000,0,3920,0,27,27,27,27,70,70,70,70,70,70,70,70,110,22.000,22.000,24.500,24.500,0,0,0,0
312.720,13859826608897719907,0,0.000,0.000,0.000,0,3920,0,27,27,27,27,70,70,70,70,70,70,70,70,110,22.000,22.000,24.500,24.500,0,0,0,0
312.777,13859826608897719907,0,0.000,0.000,0.000,0,3920,0,27,27,27,27,70,70,70,70,70,70,70,70,110,22.000,22.000,24.500,24.500,0,0,0,0
312.918,13859826608897719907,0,0.000,0.000,0.000,0,3920,0,27,27,27,27,70,70,70,70,70,70,70,70,110,22.000,22.000,24.500,24.500,0,0,0,0
312.988,13859826608897719907,0,0.000,0.000,0.000,0,3920,0,27,27,27,27,70,70,70,70,70,70,70,70,110,22.000,22.000,24.500,24.500,0,0,0,0
313.045,13859826608897719907,0,0.000,0.000,0.000,0,3920,0,27,27,27,27,70,70,70,70,70,70,70,70,110,22.000,22.000,24.500,24.500,0,0,0,0
313.088,13859826608897719907,0,0.000,0.000,0.000,0,3920,0,27,27,27,27,70,70,70,70,70,70,70,70,110,22.000,22.000,24.500,24.500,0,0,0,0
313.103,13859826608897719907,0,0.000,0.000,0.000,0,3920,0,27,27,27,27,70,70,70,70,70,70,70,70,110,22.000,22.000,24.500,24.500,0,0,0,0
313.145,13859826608897719907,0,0.000,0.000,0.000,0,3920,0,27,27,27,27,70,70,70,70,70,70,70,70,110,22.000,22.000,24.500,24.500,0,0,0,0
313.203,13859826608897719907,0,0.000,0.000,0.000,0,3920,0,27,27,27,27,70,70,70,70,70,70,70,70,110,22.000,22.000,24.500,24.500,0,0,0,0
313.248,13859826608897719907,0,0.000,0.000,0.000,0,3920,0,27,27,27,27,70,70,70,70,70,70,70,70,110,22.000,22.000,24.500,24.500,0,0,0,0
313.336,13859826608897719907,0,0.000,0.000,0.000,0,3920,0,27,27,27,27,70,70,70,70,70,70,70,70,110,22.000,22.000,24.500,24.500,0,0,0,0
313.364,13859826608897719907,0,0.000,0.000,0.000,0,3920,0,27,27,27,27,70,70,70,70,70,70,70,70,110,22.000,22.000,24.500,24.500,0,0,0,0
313.570,13859826608897719907,0,0.000,0.000,0.000,0,3920,0,27,27,27,27,70,70,70,70,70,70,70,70,110,22.000,22.000,24.500,24.500,0,0,0,0
313.644,13859826608897719907,0,0.000,0.000,0.000,0,3920,0,27,27,27,27,70,70,70,70,70,70,70,70,110,22.000,22.000,24.500,24.500,0,0,0,0
313.703,13859826608897719907,0,0.000,0.000,0.000,0,3920,0,27,27,27,27,70,70,70,70,70,70,70,70,110,22.000,22.000,24.500,24.500,0,0,0,0
313.948,13859826608897719907,0,0.000,0.000,0.000,0,3920,0,27,27,27,27,70,70,70,70,70,70,70,70,110,22.000,22.000,24.500,24.500,0,0,0,0
313.964,13859826608897719907,0,0.000,0.000,0.000,0,3920,0,27,27,27,27,70,70,70,70,70,70,70,70,110,22.000,22.000,24.500,24.500,0,0,0,0
314.013,13859826608897719907,0,0.000,0.000,0.000,0,3920,0,27,27,27,27,70,70,70,70,70,70,70,70,110,22.000,22.000,24.500,24.500,0,0,0,0
314.045,13859826608897719907,0,0.000,0.000,0.000,0,3920,0,27,27,27,27,70,70,70,70,70,70,70,70,110,22.000,22.000,24.500,24.500,0,0,0,0
314.139,13859826608897719907,0,0.000,0.000,0.000,0,3920,0,27,27,27,27,70,70,70,70,70,70,70,70,110,22.000,22.000,24.500,24.500,0,0,0,0
314.170,13859826608897719907,0,0.000,0.000,0.000,0,3920,0,27,27,27,27,70,70,70,70,70,70,70,70,110,22.000,22.000,24.500,24.500,0,0,0,0
314.186,13859826608897719907,0,0.000,0.000,0.000,0,3920,0,27,27,27,27,70,70,70,70,70,70,70,70,110,22.000,22.000,24.500,24.500,0,0,0,0
314.236,13859826608897719907,0,0.000,0.000,0.000,0,3920,0,27,27,27,27,70,70,70,70,70,70,70,70,110,22.000,22.000,24.500,24.500,0,0,0,0
314.271,13859826608897719907,0,0.000,0.000,0.000,0,3920,0,27,27,27,27,70,70,70,70,70,70,70,70,110,22.000,22.000,24.500,24.500,0,0,0,0
314.288,13859826608897719907,0,0.000,0.000,0.000,0,3920,0,27,27,27,27,70,70,70,70,70,70,70,70,110,22.000,22.000,24.500,24.500,0,0,0,0
314.352,13859826608897719907,0,0.000,0.000,0.000,0,3920,0,27,27,27,27,70,70,70,70,70,70,70,70,110,22.000,22.000,24.500,24.500,0,0,0,0
314.383,13859826608897719907,0,0.000,0.000,0.000,0,3920,0,27,27,27,27,70,70,70,70,70,70,70,70,110,22.000,22.000,24.500,24.500,0,0,0,0
314.398,13859826608897719907,0,0.000,0.000,0.000,0,3920,0,27,27,27,27,70,70,70,70,70,70,70,70,110,22.000,22.000,24.500,24.500,0,0,0,0
314.413,13859826608897719907,0,0.000,0.000,0.000,0,3920,0,27,27,27,27,70,70,70,70,70,70,70,70,110,22.000,22.000,24.500,24.500,0,0,0,0
314.427,13859826608897719907,0,0.000,0.000,0.000,0,3920,0,27,27,27,27,70,70,70,70,70,70,70,70,110,22.000,22.000,24.500,24.500,0,0,0,0
314.442,13859826608897719907,0,0.000,0.000,0.000,0,3920,0,27,27,27,27,70,70,70,70,70,70,70,70,110,22.000,22.000,24.500,24.500,0,0,0,0
314.458,13859826608897719907,0,0.000,0.000,0.000,0,3920,0,27,27,27,27,70,70,70,70,70,70,70,70,110,22.000,22.000,24.500,24.500,0,0,0,0
314.473,13859826608897719907,0,0.000,0.000,0.000,0,3920,0,27,27,27,27,70,70,70,70,70,70,70,70,110,22.000,22.000,24.500,24.500,0,0,0,0
314.489,13859826608897719907,0,0.000,0.000,0.000,0,3920,0,27,27,27,27,70,70,70,70,70,70,70,70,110,22.000,22.000,24.500,24.500,0,0,0,0
314.505,13859826608897719907,0,0.000,0.000,0.000,0,3920,0,27,27,27,27,70,70,70,70,70,70,70,70,110,22.000,22.000,24.500,24.500,0,0,0,0
314.520,13859826608897719907,0,0.000,0.000,0.000,0,3920,0,27,27,27,27,70,70,70,70,70,70,70,70,110,22.000,22.000,24.500,24.500,0,0,0,0
314.536,13859826608897719907,0,0.000,0.000,0.000,0,3920,0,27,27,27,27,70,70,70,70,70,70,70,70,110,22.000,22.000,24.500,24.500,0,0,0,0
314.552,13859826608897719907,0,0.000,0.000,0.000,0,3920,0,27,27,27,27,70,70,70,70,70,70,70,70,110,22.000,22.000,24.500,24.500,0,0,0,0
314.568,13859826608897719907,0,0.000,0.000,0.000,0,3920,0,27,27,27,27,70,70,70,70,70,70,70,70,110,22.000,22.000,24.500,24.500,0,0,0,0
314.584,13859826608897719907,0,0.000,0.000,0.000,0,3920,0,27,27,27,27,70,70,70,70,70,70,70,70,110,22.000,22.000,24.500,24.500,0,0,0,0
314.600,13859826608897719907,0,0.000,0.000,0.000,0,3920,0,27,27,27,27,70,70,70,70,70,70,70,70,110,22.000,22.000,24.500,24.500,0,0,0,0
314.616,13859826608897719907,0,0.000,0.000,0.000,0,3920,0,27,27,27,27,70,70,70,70,70,70,70,70,110,22.000,22.000,24.500,24.500,0,0,0,0
314.632,13859826608897719907,0,0.000,0.000,0.000,0,3920,0,27,27,27,27,70,70,70,70,70,70,70,70,110,22.000,22.000,24.500,24.500,0,0,0,0
314.648,13859826608897719907,0,0.000,0.000,0.000,0,3920,0,27,27,27,27,70,70,70,70,70,70,70,70,110,22.000,22.000,24.500,24.500,0,0,0,0
314.664,13859826608897719907,0,0.000,0.000,0.000,0,3920,0,27,27,27,27,70,70,70,70,70,70,70,70,110,22.000,22.000,24.500,24.500,0,0,0,0
314.696,13859826608897719907,0,0.000,0.000,0.000,0,3920,0,27,27,27,27,70,70,70,70,70,70,70,70,110,22.000,22.000,24.500,24.500,0,0,0,0
314.712,13859826608897719907,0,0.000,0.000,0.000,0,3920,0,27,27,27,27,70,70,70,70,70,70,70,70,110,22.000,22.000,24.500,24.500,0,0,0,0
314.728,13859826608897719907,0,0.000,0.000,0.000,0,3920,0,27,27,27,27,70,70,70,70,70,70,70,70,110,22.000,22.000,24.500,24.500,0,0,0,0
314.744,13859826608897719907,0,0.000,0.000,0.000,0,3920,0,27,27,27,27,70,70,70,70,70,70,70,70,110,22.000,22.000,24.500,24.500,0,0,0,0
314.759,13859826608897719907,0,0.000,0.000,0.000,0,3920,0,27,27,27,27,70,70,70,70,70,70,70,70,110,22.000,22.000,24.500,24.500,0,0,0,0
314.775,13859826608897719907,0,0.000,0.000,0.000,0,3920,0,27,27,27,27,70,70,70,70,70,70,70,70,110,22.000,22.000,24.500,24.500,0,0,0,0
314.791,13859826608897719907,0,0.000,0.000,0.000,0,3920,0,27,27,27,27,70,70,70,70,70,70,70,70,110,22.000,22.000,24.500,24.500,0,0,0,0
314.806,13859826608897719907,0,0.000,0.000,0.000,0,3920,0,27,27,27,27,70,70,70,70,70,70,70,70,110,22.000,22.000,24.500,24.500,0,0,0,0
314.822,13859826608897719907,0,0.000,0.000,0.000,0,3920,0,27,27,27,27,70,70,70,70,70,70,70,70,110,22.000,22.000,24.500,24.500,0,0,0,0
314.837,13859826608897719907,0,0.000,0.000,0.000,0,3920,0,27,27,27,27,70,70,70,70,70,70,70,70,110,22.000,22.000,24.500,24.500,0,0,0,0
314.853,13859826608897719907,0,0.000,0.000,0.000,0,3920,0,27,27,27,27,70,70,70,70,70,70,70,70,110,22.000,22.000,24.500,24.500,0,0,0,0
314.868,13859826608897719907,0,0.000,0.000,0.000,0,3920,0,27,27,27,27,70,70,70,70,70,70,70,70,110,22.000,22.000,24.500,24.500,0,0,0,0
314.884,13859826608897719907,0,0.000,0.000,0.000,0,3920,0,27,27,27,27,70,70,70,70,70,70,70,70,110,22.000,22.000,24.500,24.500,0,0,0,0
314.900,13859826608897719907,0,0.000,0.000,0.000,0,3920,0,27,27,27,27,70,70,70,70,70,70,70,70,110,22.000,22.000,24.500,24.500,0,0,0,0
314.916,13859826608897719907,0,0.000,0.000,0.000,0,3920,0,27,27,27,27,70,70,70,70,70,70,70,70,110,22.000,22.000,24.500,24.500,0,0,0,0
314.933,13859826608897719907,0,0.000,0.000,0.000,0,3920,0,27,27,27,27,70,70,70,70,70,70,70,70,110,22.000,22.000,24.500,24.500,0,0,0,0
314.949,13859826608897719907,0,0.000,0.000,0.000,0,3920,0,27,27,27,27,70,70,70,70,70,70,70,70,110,22.000,22.000,24.500,24.500,0,0,0,0
314.965,13859826608897719907,0,0.000,0.000,0.000,0,3920,0,27,27,27,27,70,70,70,70,70,70,70,70,110,22.000,22.000,24.500,24.500,0,0,0,0
314.981,13859826608897719907,0,0.000,0.000,0.000,0,3920,0,27,27,27,27,70,70,70,70,70,70,70,70,110,22.000,22.000,24.500,24.500,0,0,0,0
314.997,13859826608897719907,0,0.000,0.000,0.000,0,3920,0,27,27,27,27,70,70,70,70,70,70,70,70,110,22.000,22.000,24.500,24.500,0,0,0,0
315.029,13859826608897719907,0,0.000,0.000,0.000,0,3920,0,27,27,27,27,70,70,70,70,70,70,70,70,110,22.000,22.000,24.500,24.500,0,0,0,0
315.045,13859826608897719907,0,0.000,0.000,0.000,0,3920,0,27,27,27,27,70,70,70,70,70,70,70,70,110,22.000,22.000,24.500,24.500,0,0,0,0
315.061,13859826608897719907,0,0.000,0.000,0.000,0,3920,0,27,27,27,27,70,70,70,70,70,70,70,70,110,22.000,22.000,24.500,24.500,0,0,0,0
315.077,13859826608897719907,0,0.000,0.000,0.000,0,3920,0,27,27,27,27,70,70,70,70,70,70,70,70,110,22.000,22.000,24.500,24.500,0,0,0,0
421.917,13859826608897719907,0,0.000,0.000,0.000,0,4021,0,27,27,27,27,70,70,70,70,70,70,70,70,110,22.000,22.000,24.500,24.500,0,0,0,0
421.939,13859826608897719907,0,0.000,0.000,0.000,0,4018,0,27,27,27,27,70,70,70,70,70,70,70,70,110,22.000,22.000,24.500,24.500,0,0,0,0
421.961,13859826608897719907,0,0.000,0.000,0.000,0,4017,0,27,27,27,27,70,70,70,70,70,70,70,70,110,22.000,22.000,24.500,24.500,0,0,0,0
421.983,13859826608897719907,0,0.000,0.000,0.000,0,4015,0,27,27,27,27,70,70,70,70,70,70,70,70,110,22.000,22.000,24.500,24.500,0,0,0,0
422.004,13859826608897719907,0,0.000,0.000,0.000,0,4012,0,27,27,27,27,70,70,70,70,70,70,70,70,110,22.000,22.000,24.500,24.500,0,0,0,0
422.025,13859826608897719907,0,0.000,0.000,0.000,0,4008,0,27,27,27,27,70,70,70,70,70,70,70,70,110,22.000,22.000,24.500,24.500,0,0,0,0
422.046,13859826608897719907,0,0.000,0.000,0.000,0,4004,0,27,27,27,27,70,70,70,70,70,70,70,70,110,22.000,22.000,24.500,24.500,0,0,0,0
422.068,13859826608897719907,0,0.000,0.000,0.000,0,4000,0,27,27,27,27,70,70,70,70,70,70,70,70,110,22.000,22.000,24.500,24.500,0,0,0,0
422.089,13859826608897719907,0,0.000,0.000,0.000,0,3996,0,27,27,27,27,70,70,70,70,70,70,70,70,110,22.000,22.000,24.500,24.500,0,0,0,0
422.110,13859826608897719907,0,0.000,0.000,0.000,0,3992,0,27,27,27,27,70,70,70,70,70,70,70,70,110,22.000,22.000,24.500,24.500,0,0,0,0
422.131,13859826608897719907,0,0.000,0.000,0.000,0,3989,0,27,27,27,27,70,70,70,70,70,70,70,70,110,22.000,22.000,24.500,24.500,0,0,0,0
422.153,13859826608897719907,0,0.000,0.000,0.000,0,3986,0,27,27,27,27,70,70,70,70,70,70,70,70,110,22.000,22.000,24.500,24.500,0,0,0,0
422.174,13859826608897719907,0,0.000,0.000,0.000,0,3983,0,27,27,27,27,70,70,70,70,70,70,70,70,110,22.000,22.000,24.500,24.500,0,0,0,0
422.195,13859826608897719907,0,0.000,0.000,0.000,0,3982,0,27,27,27,27,70,70,70,70,70,70,70,70,110,22.000,22.000,24.500,24.500,0,0,0,0
422.216,13859826608897719907,0,0.000,0.000,0.000,0,3981,0,27,27,27,27,70,70,70,70,70,70,70,70,110,22.000,22.000,24.500,24.500,0,0,0,0
422.237,13859826608897719907,0,0.000,0.000,0.000,0,3981,0,27,27,27,27,70,70,70,70,70,70,70,70,110,22.000,22.000,24.500,24.500,0,0,0,0
422.258,13859826608897719907,0,0.000,0.000,0.000,0,3981,0,27,27,27,27,70,70,70,70,70,70,70,70,110,22.000,22.000,24.500,24.500,0,0,0,0
422.279,13859826608897719907,0,0.000,0.000,0.000,0,3983,0,27,27,27,27,70,70,70,70,70,70,70,70,110,22.000,22.000,24.500,24.500,0,0,0,0
422.301,13859826608897719907,0,0.000,0.000,0.000,0,3985,0,27,27,27,27,70,70,70,70,70,70,70,70,110,22.000,22.000,24.500,24.500,0,0,0,0
422.322,13859826608897719907,0,0.000,0.000,0.000,0,3988,0,27,27,27,27,70,70,70,70,70,70,70,70,110,22.000,22.000,24.500,24.500,0,0,0,0
422.343,13859826608897719907,0,0.000,0.000,0.000,0,3992,0,27,27,27,27,70,70,70,70,70,70,70,70,110,22.000,22.000,24.500,24.500,0,0,0,0
422.364,13859826608897719907,0,0.000,0.000,0.000,0,3995,0,27,27,27,27,70,70,70,70,70,70,70,70,110,22.000,22.000,24.500,24.500,0,0,0,0
422.386,13859826608897719907,0,0.000,0.000,0.000,0,3999,0,27,27,27,27,70,70,70,70,70,70,70,70,110,22.000,22.000,24.500,24.500,0,0,0,0
422.407,13859826608897719907,0,0.000,0.000,0.000,0,4003,0,27,27,27,27,70,70,70,70,70,70,70,70,110,22.000,22.000,24.500,24.500,0,0,0,0
422.428,13859826608897719907,0,0.000,0.000,0.000,0,4007,0,27,27,27,27,70,70,70,70,70,70,70,70,110,22.000,22.000,24.500,24.500,0,0,0,0
422.450,13859826608897719907,0,0.000,0.000,0.000,0,4011,0,27,27,27,27,70,70,70,70,70,70,70,70,110,22.000,22.000,24.500,24.500,0,0,0,0
422.471,13859826608897719907,0,0.000,0.000,0.000,0,4014,0,27,27,27,27,70,70,70,70,70,70,70,70,110,22.000,22.000,24.500,24.500,0,0,0,0
422.492,13859826608897719907,0,0.000,0.000,0.000,0,4016,0,27,27,27,27,70,70,70,70,70,70,70,70,110,22.000,22.000,24.500,24.500,0,0,0,0
422.513,13859826608897719907,0,0.000,0.000,0.000,0,4018,0,27,27,27,27,70,70,70,70,70,70,70,70,110,22.000,22.000,24.500,24.500,0,0,0,0
422.534,13859826608897719907,0,0.000,0.000,0.000,0,4019,0,27,27,27,27,70,70,70,70,70,70,70,70,110,22.000,22.000,24.500,24.500,0,0,0,0
422.555,13859826608897719907,0,0.000,0.000,0.000,0,4019,0,27,27,27,27,70,70,70,70,70,70,70,70,110,22.000,22.000,24.500,24.500,0,0,0,0
422.576,13859826608897719907,0,0.000,0.000,0.000,0,4018,0,27,27,27,27,70,70,70,70,70,70,70,70,110,22.000,22.000,24.500,24.500,0,0,0,0
422.597,13859826608897719907,0,0.000,0.000,0.000,0,4016,0,27,27,27,27,70,70,70,70,70,70,70,70,110,22.000,22.000,24.500,24.500,0,0,0,0
422.619,13859826608897719907,0,0.000,0.000,0.000,0,4014,0,27,27,27,27,70,70,70,70,70,70,70,70,110,22.000,22.000,24.500,24.500,0,0,0,0
422.640,13859826608897719907,0,0.000,0.000,0.000,0,4010,0,27,27,27,27,70,70,70,70,70,70,70,70,110,22.000,22.000,24.500,24.500,0,0,0,0
422.661,13859826608897719907,0,0.000,0.000,0.000,0,4007,0,27,27,27,27,70,70,70,70,70,70,70,70,110,22.000,22.000,24.500,24.500,0,0,0,0
422.682,13859826608897719907,0,0.000,0.000,0.000,0,4003,0,27,27,27,27,70,70,70,70,70,70,70,70,110,22.000,22.000,24.500,24.500,0,0,0,0
422.704,13859826608897719907,0,0.000,0.000,0.000,0,3999,0,27,27,27,27,70,70,70,70,70,70,70,70,110,22.000,22.000,24.500,24.500,0,0,0,0
422.725,13859826608897719907,0,0.000,0.000,0.000,0,3995,0,27,27,27,27,70,70,70,70,70,70,70,70,110,22.000,22.000,24.500,24.500,0,0,0,0
422.746,13859826608897719907,0,0.000,0.000,0.000,0,3991,0,27,27,27,27,70,70,70,70,70,70,70,70,110,22.000,22.000,24.500,24.500,0,0,0,0
422.767,13859826608897719907,0,0.000,0.000,0.000,0,3988,0,27,27,27,27,70,70,70,70,70,70,70,70,110,22.000,22.000,24.500,24.500,0,0,0,0
422.788,13859826608897719907,0,0.000,0.000,0.000,0,3985,0,27,27,27,27,70,70,70,70,70,70,70,70,110,22.000,22.000,24.500,24.500,0,0,0,0
422.809,13859826608897719907,0,0.000,0.000,0.000,0,3983,0,27,27,27,27,70,70,70,70,70,70,70,70,110,22.000,22.000,24.500,24.500,0,0,0,0
422.830,13859826608897719907,0,0.000,0.000,0.000,0,3981,0,27,27,27,27,70,70,70,70,70,70,70,70,110,22.000,22.000,24.500,24.500,0,0,0,0
422.852,13859826608897719907,0,0.000,0.000,0.000,0,3980,0,27,27,27,27,70,70,70,70,70,70,70,70,110,22.000,22.000,24.500,24.500,0,0,0,0
422.873,13859826608897719907,0,0.000,0.000,0.000,0,3981,0,27,27,27,27,70,70,70,70,70,70,70,70,110,22.000,22.000,24.500,24.500,0,0,0,0
422.894,13859826608897719907,0,0.000,0.000,0.000,0,3982,0,27,27,27,27,70,70,70,70,70,70,70,70,110,22.000,22.000,24.500,24.500,0,0,0,0
422.915,13859826608897719907,0,0.000,0.000,0.000,0,3984,0,27,27,27,27,70,70,70,70,70,70,70,70,110,22.000,22.000,24.500,24.500,0,0,0,0
422.936,13859826608897719907,0,0.000,0.000,0.000,0,3986,0,27,27,27,27,70,70,70,70,70,70,70,70,110,22.000,22.000,24.500,24.500,0,0,0,0
422.957,13859826608897719907,0,0.000,0.000,0.000,0,3989,0,27,27,27,27,70,70,70,70,70,70,70,70,110,22.000,22.000,24.500,24.500,0,0,0,0
422.979,13859826608897719907,0,0.000,0.000,0.000,0,3993,0,27,27,27,27,70,70,70,70,70,70,70,70,110,22.000,22.000,24.500,24.500,0,0,0,0
423.000,13859826608897719907,0,0.000,0.000,0.000,0,3997,0,27,27,27,27,70,70,70,70,70,70,70,70,110,22.000,22.000,24.500,24.500,0,0,0,0
423.021,13859826608897719907,0,0.000,0.000,0.000,0,4001,0,27,27,27,27,70,70,70,70,70,70,70,70,110,22.000,22.000,24.500,24.500,0,0,0,0
423.043,13859826608897719907,0,0.000,0.000,0.000,0,4005,0,27,27,27,27,70,70,70,70,70,70,70,70,110,22.000,22.000,24.500,24.500,0,0,0,0
423.064,13859826608897719907,0,0.000,0.000,0.000,0,4009,0,27,27,27,27,70,70,70,70,70,70,70,70,110,22.000,22.000,24.500,24.500,0,0,0,0
423.085,13859826608897719907,0,0.000,0.000,0.000,0,4012,0,27,27,27,27,70,70,70,70,70,70,70,70,110,22.000,22.000,24.500,24.500,0,0,0,0
423.107,13859826608897719907,0,0.000,0.000,0.000,0,4015,0,27,27,27,27,70,70,70,70,70,70,70,70,110,22.000,22.000,24.500,24.500,0,0,0,0
423.128,13859826608897719907,0,0.000,0.000,0.000,0,4017,0,27,27,27,27,70,70,70,70,70,70,70,70,110,22.000,22.000,24.500,24.500,0,0,0,0
423.149,13859826608897719907,0,0.000,0.000,0.000,0,4018,0,27,27,27,27,70,70,70,70,70,70,70,70,110,22.000,22.000,24.500,24.500,0,0,0,0
423.171,13859826608897719907,0,0.000,0.000,0.000,0,4019,0,27,27,27,27,70,70,70,70,70,70,70,70,110,22.000,22.000,24.500,24.500,0,0,0,0
423.192,13859826608897719907,0,0.000,0.000,0.000,0,4018,0,27,27,27,27,70,70,70,70,70,70,70,70,110,22.000,22.000,24.500,24.500,0,0,0,0
423.213,13859826608897719907,0,0.000,0.000,0.000,0,4017,0,27,27,27,27,70,70,70,70,70,70,70,70,110,22.000,22.000,24.500,24.500,0,0,0,0
423.234,13859826608897719907,0,0.000,0.000,0.000,0,4015,0,27,27,27,27,70,70,70,70,70,70,70,70,110,22.000,22.000,24.500,24.500,0,0,0,0
423.255,13859826608897719907,0,0.000,0.000,0.000,0,4012,0,27,27,27,27,70,70,70,70,70,70,70,70,110,22.000,22.000,24.500,24.500,0,0,0,0
423.277,13859826608897719907,0,0.000,0.000,0.000,0,4009,0,27,27,27,27,70,70,70,70,70,70,70,70,110,22.000,22.000,24.500,24.500,0,0,0,0
423.298,13859826608897719907,0,0.000,0.000,0.000,0,4005,0,27,27,27,27,70,70,70,70,70,70,70,70,110,22.000,22.000,24.500,24.500,0,0,0,0
423.319,13859826608897719907,0,0.000,0.000,0.000,0,4001,0,27,27,27,27,70,70,70,70,70,70,70,70,110,22.000,22.000,24.500,24.500,0,0,0,0
423.340,13859826608897719907,0,0.000,0.000,0.000,0,3997,0,27,27,27,27,70,70,70,70,70,70,70,70,110,22.000,22.000,24.500,24.500,0,0,0,0
423.362,13859826608897719907,0,0.000,0.000,0.000,0,3993,0,27,27,27,27,70,70,70,70,70,70,70,70,110,22.000,22.000,24.500,24.500,0,0,0,0
423.383,13859826608897719907,0,0.000,0.000,0.000,0,3990,0,27,27,27,27,70,70,70,70,70,70,70,70,110,22.000,22.000,24.500,24.500,0,0,0,0
423.405,13859826608897719907,0,0.000,0.000,0.000,0,3986,0,27,27,27,27,70,70,70,70,70,70,70,70,110,22.000,22.000,24.500,24.500,0,0,0,0
423.427,13859826608897719907,0,0.000,0.000,0.000,0,3984,0,27,27,27,27,70,70,70,70,70,70,70,70,110,22.000,22.000,24.500,24.500,0,0,0,0
423.449,13859826608897719907,0,0.000,0.000,0.000,0,3982,0,27,27,27,27,70,70,70,70,70,70,70,70,110,22.000,22.000,24.500,24.500,0,0,0,0
423.472,13859826608897719907,0,0.000,0.000,0.000,0,3981,0,27,27,27,27,70,70,70,70,70,70,70,70,110,22.000,22.000,24.500,24.500,0,0,0,0
423.494,13859826608897719907,0,0.000,0.000,0.000,0,3980,0,27,27,27,27,70,70,70,70,70,70,70,70,110,22.000,22.000,24.500,24.500,0,0,0,0
423.516,13859826608897719907,0,0.000,0.000,0.000,0,3981,0,27,27,27,27,70,70,70,70,70,70,70,70,110,22.000,22.000,24.500,24.500,0,0,0,0
423.540,13859826608897719907,0,0.000,0.000,0.000,0,3983,0,27,27,27,27,70,70,70,70,70,70,70,70,110,22.000,22.000,24.500,24.500,0,0,0,0
423.563,13859826608897719907,0,0.000,0.000,0.000,0,3986,0,27,27,27,27,70,70,70,70,70,70,70,70,110,22.000,22.000,24.500,24.500,0,0,0,0
423.586,13859826608897719907,0,0.000,0.000,0.000,0,3989,0,27,27,27,27,70,70,70,70,70,70,70,70,110,22.000,22.000,24.500,24.500,0,0,0,0
423.609,13859826608897719907,0,0.000,0.000,0.000,0,3993,0,27,27,27,27,70,70,70,70,70,70,70,70,110,22.000,22.000,24.500,24.500,0,0,0,0
423.632,13859826608897719907,0,0.000,0.000,0.000,0,3997,0,27,27,27,27,70,70,70,70,70,70,70,70,110,22.000,22.000,24.500,24.500,0,0,0,0
423.655,13859826608897719907,0,0.000,0.000,0.000,0,4002,0,27,27,27,27,70,70,70,70,70,70,70,70,110,22.000,22.000,24.500,24.500,0,0,0,0
423.678,13859826608897719907,0,0.000,0.000,0.000,0,4006,0,27,27,27,27,70,70,70,70,70,70,70,70,110,22.000,22.000,24.500,24.500,0,0,0,0
423.701,13859826608897719907,0,0.000,0.000,0.000,0,4010,0,27,27,27,27,70,70,70,70,70,70,70,70,110,22.000,22.000,24.500,24.500,0,0,0,0
423.724,13859826608897719907,0,0.000,0.000,0.000,0,4013,0,27,27,27,27,70,70,70,70,70,70,70,70,110,22.000,22.000,24.500,24.500,0,0,0,0
423.746,13859826608897719907,0,0.000,0.000,0.000,0,4016,0,27,27,27,27,70,70,70,70,70,70,70,70,110,22.000,22.000,24.500,24.500,0,0,0,0
423.769,13859826608897719907,0,0.000,0.000,0.000,0,4018,0,27,27,27,27,70,70,70,70,70,70,70,70,110,22.000,22.000,24.500,24.500,0,0,0,0
423.792,13859826608897719907,0,0.000,0.000,0.000,0,4019,0,27,27,27,27,70,70,70,70,70,70,70,70,110,22.000,22.000,24.500,24.500,0,0,0,0
423.815,13859826608897719907,0,0.000,0.000,0.000,0,4018,0,27,27,27,27,70,70,70,70,70,70,70,70,110,22.000,22.000,24.500,24.500,0,0,0,0
423.837,13859826608897719907,0,0.000,0.000,0.000,0,4017,0,27,27,27,27,70,70,70,70,70,70,70,70,110,22.000,22.000,24.500,24.500,0,0,0,0
423.860,13859826608897719907,0,0.000,0.000,0.000,0,4015,0,27,27,27,27,70,70,70,70,70,70,70,70,110,22.000,22.000,24.500,24.500,0,0,0,0
423.882,13859826608897719907,0,0.000,0.000,0.000,0,4013,0,27,27,27,27,70,70,70,70,70,70,70,70,110,22.000,22.000,24.500,24.500,0,0,0,0
423.905,13859826608897719907,0,0.000,0.000,0.000,0,4009,0,27,27,27,27,70,70,70,70,70,70,70,70,110,22.000,22.000,24.500,24.500,0,0,0,0
423.927,13859826608897719907,0,0.000,0.000,0.000,0,4005,0,27,27,27,27,70,70,70,70,70,70,70,70,110,22.000,22.000,24.500,24.500,0,0,0,0
423.950,13859826608897719907,0,0.000,0.000,0.000,0,4001,0,27,27,27,27,70,70,70,70,70,70,70,70,110,22.000,22.000,24.500,24.500,0,0,0,0
423.972,13859826608897719907,0,0.000,0.000,0.000,0,3997,0,27,27,27,27,70,70,70,70,70,70,70,70,110,22.000,22.000,24.500,24.500,0,0,0,0
423.995,13859826608897719907,0,0.000,0.000,0.000,0,3993,0,27,27,27,27,70,70,70,70,70,70,70,70,110,22.000,22.000,24.500,24.500,0,0,0,0
424.018,13859826608897719907,0,0.000,0.000,0.000,0,3989,0,27,27,27,27,70,70,70,70,70,70,70,70,110,22.000,22.000,24.500,24.500,0,0,0,0
424.041,13859826608897719907,0,0.000,0.000,0.000,0,3986,0,27,27,27,27,70,70,70,70,70,70,70,70,110,22.000,22.000,24.500,24.500,0,0,0,0
424.065,13859826608897719907,0,0.000,0.000,0.000,0,3983,0,27,27,27,27,70,70,70,70,70,70,70,70,110,22.000,22.000,24.500,24.500,0,0,0,0
424.088,13859826608897719907,0,0.000,0.000,0.000,0,3981,0,27,27,27,27,70,70,70,70,70,70,70,70,110,22.000,22.000,24.500,24.500,0,0,0,0
424.112,13859826608897719907,0,0.000,0.000,0.000,0,3980,0,27,27,27,27,70,70,70,70,70,70,70,70,110,22.000,22.000,24.500,24.500,0,0,0,0
424.136,13859826608897719907,0,0.000,0.000,0.000,0,3981,0,27,27,27,27,70,70,70,70,70,70,70,70,110,22.000,22.000,24.500,24.500,0,0,0,0
424.160,13859826608897719907,0,0.000,0.000,0.000,0,3982,0,27,27,27,27,70,70,70,70,70,70,70,70,110,22.000,22.000,24.500,24.500,0,0,0,0
424.184,13859826608897719907,0,0.000,0.000,0.000,0,3985,0,27,27,27,27,70,70,70,70,70,70,70,70,110,22.000,22.000,24.500,24.500,0,0,0,0
424.208,13859826608897719907,0,0.000,0.000,0.000,0,3988,0,27,27,27,27,70,70,70,70,70,70,70,70,110,22.000,22.000,24.500,24.500,0,0,0,0
424.232,13859826608897719907,0,0.000,0.000,0.000,0,3992,0,27,27,27,27,70,70,70,70,70,70,70,70,110,22.000,22.000,24.500,24.500,0,0,0,0
424.255,13859826608897719907,0,0.000,0.000,0.000,0,3996,0,27,27,27,27,70,70,70,70,70,70,70,70,110,22.000,22.000,24.500,24.500,0,0,0,0
424.277,13859826608897719907,0,0.000,0.000,0.000,0,4000,0,27,27,27,27,70,70,70,70,70,70,70,70,110,22.000,22.000,24.500,24.500,0,0,0,0
424.299,13859826608897719907,0,0.000,0.000,0.000,0,4005,0,27,27,27,27,70,70,70,70,70,70,70,70,110,22.000,22.000,24.500,24.500,0,0,0,0
424.321,13859826608897719907,0,0.000,0.000,0.000,0,4009,0,27,27,27,27,70,70,70,70,70,70,70,70,110,22.000,22.000,24.500,24.500,0,0,0,0
424.343,13859826608897719907,0,0.000,0.000,0.000,0,4012,0,27,27,27,27,70,70,70,70,70,70,70,70,110,22.000,22.000,24.500,24.500,0,0,0,0
424.364,13859826608897719907,0,0.000,0.000,0.000,0,4015,0,27,27,27,27,70,70,70,70,70,70,70,70,110,22.000,22.000,24.500,24.500,0,0,0,0
424.388,13859826608897719907,0,0.000,0.000,0.000,0,4017,0,27,27,27,27,70,70,70,70,70,70,70,70,110,22.000,22.000,24.500,24.500,0,0,0,0
424.436,13859826608897719907,0,0.000,0.000,0.000,0,4019,0,27,27,27,27,70,70,70,70,70,70,70,70,110,22.000,22.000,24.500,24.500,0,0,0,0
424.459,13859826608897719907,0,0.000,0.000,0.000,0,4018,0,27,27,27,27,70,70,70,70,70,70,70,70,110,22.000,22.000,24.500,24.500,0,0,0,0
424.482,13859826608897719907,0,0.000,0.000,0.000,0,4016,0,27,27,27,27,70,70,70,70,70,70,70,70,110,22.000,22.000,24.500,24.500,0,0,0,0
424.506,13859826608897719907,0,0.000,0.000,0.000,0,4014,0,27,27,27,27,70,70,70,70,70,70,70,70,110,22.000,22.000,24.500,24.500,0,0,0,0
424.530,13859826608897719907,0,0.000,0.000,0.000,0,4010,0,27,27,27,27,70,70,70,70,70,70,70,70,110,22.000,22.000,24.500,24.500,0,0,0,0
424.551,13859826608897719907,0,0.000,0.000,0.000,0,4006,0,27,27,27,27,70,70,70,70,70,70,70,70,110,22.000,22.000,24.500,24.500,0,0,0,0
424.572,13859826608897719907,0,0.000,0.000,0.000,0,4002,0,27,27,27,27,70,70,70,70,70,70,70,70,110,22.000,22.000,24.500,24.500,0,0,0,0
424.594,13859826608897719907,0,0.000,0.000,0.000,0,3998,0,27,27,27,27,70,70,70,70,70,70,70,70,110,22.000,22.000,24.500,24.500,0,0,0,0
424.617,13859826608897719907,0,0.000,0.000,0.000,0,3994,0,27,27,27,27,70,70,70,70,70,70,70,70,110,22.000,22.000,24.500,24.500,0,0,0,0
424.639,13859826608897719907,0,0.000,0.000,0.000,0,3990,0,27,27,27,27,70,70,70,70,70,70,70,70,110,22.000,22.000,24.500,24.500,0,0,0,0
424.661,13859826608897719907,0,0.000,0.000,0.000,0,3987,0,27,27,27,27,70,70,70,70,70,70,70,70,110,22.000,22.000,24.500,24.500,0,0,0,0
424.684,13859826608897719907,0,0.000,0.000,0.000,0,3984,0,27,27,27,27,70,70,70,70,70,70,70,70,110,22.000,22.000,24.500,24.500,0,0,0,0
424.706,13859826608897719907,0,0.000,0.000,0.000,0,3982,0,27,27,27,27,70,70,70,70,70,70,70,70,110,22.000,22.000,24.500,24.500,0,0,0,0
424.728,13859826608897719907,0,0.000,0.000,0.000,0,3981,0,27,27,27,27,70,70,70,70,70,70,70,70,110,22.000,22.000,24.500,24.500,0,0,0,0
424.750,13859826608897719907,0,0.000,0.000,0.000,0,3980,0,27,27,27,27,70,70,70,70,70,70,70,70,110,22.000,22.000,24.500,24.500,0,0,0,0
424.772,13859826608897719907,0,0.000,0.000,0.000,0,3981,0,27,27,27,27,70,70,70,70,70,70,70,70,110,22.000,22.000,24.500,24.500,0,0,0,0
424.794,13859826608897719907,0,0.000,0.000,0.000,0,3983,0,27,27,27,27,70,70,70,70,70,70,70,70,110,22.000,22.000,24.500,24.500,0,0,0,0
424.816,13859826608897719907,0,0.000,0.000,0.000,0,3985,0,27,27,27,27,70,70,70,70,70,70,70,70,110,22.000,22.000,24.500,24.500,0,0,0,0
424.838,13859826608897719907,0,0.000,0.000,0.000,0,3988,0,27,27,27,27,70,70,70,70,70,70,70,70,110,22.000,22.000,24.500,24.500,0,0,0,0
424.860,13859826608897719907,0,0.000,0.000,0.000,0,3992,0,27,27,27,27,70,70,70,70,70,70,70,70,110,22.000,22.000,24.500,24.500,0,0,0,0
424.882,13859826608897719907,0,0.000,0.000,0.000,0,3996,0,27,27,27,27,70,70,70,70,70,70,70,70,110,22.000,22.000,24.500,24.500,0,0,0,0
424.904,13859826608897719907,0,0.000,0.000,0.000,0,4000,0,27,27,27,27,70,70,70,70,70,70,70,70,110,22.000,22.000,24.500,24.500,0,0,0,0
424.927,13859826608897719907,0,0.000,0.000,0.000,0,4004,0,27,27,27,27,70,70,70,70,70,70,70,70,110,22.000,22.000,24.500,24.500,0,0,0,0
424.949,13859826608897719907,0,0.000,0.000,0.000,0,4008,0,27,27,27,27,70,70,70,70,70,70,70,70,110,22.000,22.000,24.500,24.500,0,0,0,0
424.971,13859826608897719907,0,0.000,0.000,0.000,0,4012,0,27,27,27,27,70,70,70,70,70,70,70,70,110,22.000,22.000,24.500,24.500,0,0,0,0
424.994,13859826608897719907,0,0.000,0.000,0.000,0,4015,0,27,27,27,27,70,70,70,70,70,70,70,70,110,22.000,22.000,24.500,24.500,0,0,0,0
425.017,13859826608897719907,0,0.000,0.000,0.000,0,4017,0,27,27,27,27,70,70,70,70,70,70,70,70,110,22.000,22.000,24.500,24.500,0,0,0,0
425.039,13859826608897719907,0,0.000,0.000,0.000,0,4018,0,27,27,27,27,70,70,70,70,70,70,70,70,110,22.000,22.000,24.500,24.500,0,0,0,0
425.062,13859826608897719907,0,0.000,0.000,0.000,0,4019,0,27,27,27,27,70,70,70,70,70,70,70,70,110,22.000,22.000,24.500,24.500,0,0,0,0
425.084,13859826608897719907,0,0.000,0.000,0.000,0,4018,0,27,27,27,27,70,70,70,70,70,70,70,70,110,22.000,22.000,24.500,24.500,0,0,0,0
425.107,13859826608897719907,0,0.000,0.000,0.000,0,4016,0,27,27,27,27,70,70,70,70,70,70,70,70,110,22.000,22.000,24.500,24.500,0,0,0,0
425.129,13859826608897719907,0,0.000,0.000,0.000,0,4014,0,27,27,27,27,70,70,70,70,70,70,70,70,110,22.000,22.000,24.500,24.500,0,0,0,0
425.151,13859826608897719907,0,0.000,0.000,0.000,0,4011,0,27,27,27,27,70,70,70,70,70,70,70,70,110,22.000,22.000,24.500,24.500,0,0,0,0
425.174,13859826608897719907,0,0.000,0.000,0.000,0,4007,0,27,27,27,27,70,70,70,70,70,70,70,70,110,22.000,22.000,24.500,24.500,0,0,0,0
425.196,13859826608897719907,0,0.000,0.000,0.000,0,4003,0,27,27,27,27,70,70,70,70,70,70,70,70,110,22.000,22.000,24.500,24.500,0,0,0,0
425.218,13859826608897719907,0,0.000,0.000,0.000,0,3999,0,27,27,27,27,70,70,70,70,70,70,70,70,110,22.000,22.000,24.500,24.500,0,0,0,0
425.240,13859826608897719907,0,0.000,0.000,0.000,0,3995,0,27,27,27,27,70,70,70,70,70,70,70,70,110,22.000,22.000,24.500,24.500,0,0,0,0
425.262,13859826608897719907,0,0.000,0.000,0.000,0,3991,0,27,27,27,27,70,70,70,70,70,70,70,70,110,22.000,22.000,24.500,24.500,0,0,0,0
425.284,13859826608897719907,0,0.000,0.000,0.000,0,3987,0,27,27,27,27,70,70,70,70,70,70,70,70,110,22.000,22.000,24.500,24.500,0,0,0,0
425.306,13859826608897719907,0,0.000,0.000,0.000,0,3984,0,27,27,27,27,70,70,70,70,70,70,70,70,110,22.000,22.000,24.500,24.500,0,0,0,0
425.328,13859826608897719907,0,0.000,0.000,0.000,0,3982,0,27,27,27,27,70,70,70,70,70,70,70,70,110,22.000,22.000,24.500,24.500,0,0,0,0
425.350,13859826608897719907,0,0.000,0.000,0.000,0,3981,0,27,27,27,27,70,70,70,70,70,70,70,70,110,22.000,22.000,24.500,24.500,0,0,0,0
425.372,13859826608897719907,0,0.000,0.000,0.000,0,3980,0,27,27,27,27,70,70,70,70,70,70,70,70,110,22.000,22.000,24.500,24.500,0,0,0,0
425.394,13859826608897719907,0,0.000,0.000,0.000,0,3981,0,27,27,27,27,70,70,70,70,70,70,70,70,110,22.000,22.000,24.500,24.500,0,0,0,0
425.416,13859826608897719907,0,0.000,0.000,0.000,0,3982,0,27,27,27,27,70,70,70,70,70,70,70,70,110,22.000,22.000,24.500,24.500,0,0,0,0
425.438,13859826608897719907,0,0.000,0.000,0.000,0,3985,0,27,27,27,27,70,70,70,70,70,70,70,70,110,22.000,22.000,24.500,24.500,0,0,0,0
425.460,13859826608897719907,0,0.000,0.000,0.000,0,3987,0,27,27,27,27,70,70,70,70,70,70,70,70,110,22.000,22.000,24.500,24.500,0,0,0,0
425.482,13859826608897719907,0,0.000,0.000,0.000,0,3991,0,27,27,27,27,70,70,70,70,70,70,70,70,110,22.000,22.000,24.500,24.500,0,0,0,0
425.505,13859826608897719907,0,0.000,0.000,0.000,0,3995,0,27,27,27,27,70,70,70,70,70,70,70,70,110,22.000,22.000,24.500,24.500,0,0,0,0
425.527,13859826608897719907,0,0.000,0.000,0.000,0,3999,0,27,27,27,27,70,70,70,70,70,70,70,70,110,22.000,22.000,24.500,24.500,0,0,0,0
425.549,13859826608897719907,0,0.000,0.000,0.000,0,4003,0,27,27,27,27,70,70,70,70,70,70,70,70,110,22.000,22.000,24.500,24.500,0,0,0,0
425.571,13859826608897719907,0,0.000,0.000,0.000,0,4007,0,27,27,27,27,70,70,70,70,70,70,70,70,110,22.000,22.000,24.500,24.500,0,0,0,0
425.594,13859826608897719907,0,0.000,0.000,0.000,0,4011,0,27,27,27,27,70,70,70,70,70,70,70,70,110,22.000,22.000,24.500,24.500,0,0,0,0
425.616,13859826608897719907,0,0.000,0.000,0.000,0,4014,0,27,27,27,27,70,70,70,70,70,70,70,70,110,22.000,22.000,24.500,24.500,0,0,0,0
425.726,13859826608897719907,0,0.000,0.000,0.000,0,4017,0,27,27,27,27,70,70,70,70,70,70,70,70,110,22.000,22.000,24.500,24.500,0,0,0,0
425.847,13859826608897719907,0,0.000,0.000,0.000,0,4018,0,27,27,27,27,70,70,70,70,70,70,70,70,110,22.000,22.000,24.500,24.500,0,0,0,0
425.960,13859826608897719907,0,0.000,0.000,0.000,0,4019,0,27,27,27,27,70,70,70,70,70,70,70,70,110,22.000,22.000,24.500,24.500,0,0,0,0
426.074,13859826608897719907,0,0.000,0.000,0.000,0,4018,0,27,27,27,27,70,70,70,70,70,70,70,70,110,22.000,22.000,24.500,24.500,0,0,0,0
426.188,13859826608897719907,0,0.000,0.000,0.000,0,4017,0,27,27,27,27,70,70,70,70,70,70,70,70,110,22.000,22.000,24.500,24.500,0,0,0,0
426.302,13859826608897719907,0,0.000,0.000,0.000,0,4015,0,27,27,27,27,70,70,70,70,70,70,70,70,110,22.000,22.000,24.500,24.500,0,0,0,0
426.415,13859826608897719907,0,0.000,0.000,0.000,0,4012,0,27,27,27,27,70,70,70,70,70,70,70,70,110,22.000,22.000,24.500,24.500,0,0,0,0
426.529,13859826608897719907,0,0.000,0.000,0.000,0,4008,0,27,27,27,27,70,70,70,70,70,70,70,70,110,22.000,22.000,24.500,24.500,0,0,0,0
426.736,13859826608897719907,0,0.000,0.000,0.000,0,4004,0,27,27,27,27,70,70,70,70,70,70,70,70,110,22.000,22.000,24.500,24.500,0,0,0,0
426.959,13859826608897719907,0,0.000,0.000,0.000,0,4000,0,27,27,27,27,70,70,70,70,70,70,70,70,110,22.000,22.000,24.500,24.500,0,0,0,0
427.181,13859826608897719907,0,0.000,0.000,0.000,0,3996,0,27,27,27,27,70,70,70,70,70,70,70,70,110,22.000,22.000,24.500,24.500,0,0,0,0
427.402,13859826608897719907,0,0.000,0.000,0.000,0,3992,0,27,27,27,27,70,70,70,70,70,70,70,70,110,22.000,22.000,24.500,24.500,0,0,0,0
427.624,13859826608897719907,0,0.000,0.000,0.000,0,3988,0,27,27,27,27,70,70,70,70,70,70,70,70,110,22.000,22.000,24.500,24.500,0,0,0,0
427.847,13859826608897719907,0,0.000,0.000,0.000,0,3985,0,27,27,27,27,70,70,70,70,70,70,70,70,110,22.000,22.000,24.500,24.500,0,0,0,0
428.512,13859826608897719907,0,0.000,0.000,0.000,0,3983,0,27,27,27,27,70,70,70,70,70,70,70,70,110,22.000,22.000,24.500,24.500,0,0,0,0
429.179,13859826608897719907,0,0.000,0.000,0.000,0,3981,0,27,27,27,27,70,70,70,70,70,70,70,70,110,22.000,22.000,24.500,24.500,0,0,0,0
429.844,13859826608897719907,0,0.000,0.000,0.000,0,3980,0,27,27,27,27,70,70,70,70,70,70,70,70,110,22.000,22.000,24.500,24.500,0,0,0,0
430.504,13859826608897719907,0,0.000,0.000,0.000,0,3981,0,27,27,27,27,70,70,70,70,70,70,70,70,110,22.000,22.000,24.500,24.500,0,0,0,0
431.171,13859826608897719907,0,0.000,0.000,0.000,0,3982,0,27,27,27,27,70,70,70,70,70,70,70,70,110,22.000,22.000,24.500,24.500,0,0,0,0
431.838,13859826608897719907,0,0.000,0.000,0.000,0,3984,0,27,27,27,27,70,70,70,70,70,70,70,70,110,22.000,22.000,24.500,24.500,0,0,0,0
432.504,13859826608897719907,0,0.000,0.000,0.000,0,3987,0,27,27,27,27,70,70,70,70,70,70,70,70,110,22.000,22.000,24.500,24.500,0,0,0,0
433.173,13859826608897719907,0,0.000,0.000,0.000,0,3991,0,27,27,27,27,70,70,70,70,70,70,70,70,110,22.000,22.000,24.500,24.500,0,0,0,0
433.842,13859826608897719907,0,0.000,0.000,0.000,0,3994,0,27,27,27,27,70,70,70,70,70,70,70,70,110,22.000,22.000,24.500,24.500,0,0,0,0
434.513,13859826608897719907,0,0.000,0.000,0.000,0,3999,0,27,27,27,27,70,70,70,70,70,70,70,70,110,22.000,22.000,24.500,24.500,0,0,0,0
435.182,13859826608897719907,0,0.000,0.000,0.000,0,4003,0,27,27,27,27,70,70,70,70,70,70,70,70,110,22.000,22.000,24.500,24.500,0,0,0,0
435.850,13859826608897719907,0,0.000,0.000,0.000,0,4007,0,27,27,27,27,70,70,70,70,70,70,70,70,110,22.000,22.000,24.500,24.500,0,0,0,0
436.517,13859826608897719907,0,0.000,0.000,0.000,0,4011,0,27,27,27,27,70,70,70,70,70,70,70,70,110,22.000,22.000,24.500,24.500,0,0,0,0
437.184,13859826608897719907,0,0.000,0.000,0.000,0,4014,0,27,27,27,27,70,70,70,70,70,70,70,70,110,22.000,22.000,24.500,24.500,0,0,0,0
437.846,13859826608897719907,0,0.000,0.000,0.000,0,4016,0,27,27,27,27,70,70,70,70,70,70,70,70,110,22.000,22.000,24.500,24.500,0,0,0,0
438.510,13859826608897719907,0,0.000,0.000,0.000,0,4018,0,27,27,27,27,70,70,70,70,70,70,70,70,110,22.000,22.000,24.500,24.500,0,0,0,0
439.173,13859826608897719907,51,0.000,1.000,0.000,1,4835,0,27,27,27,27,70,70,70,70,70,70,70,70,110,22.000,22.000,24.500,24.500,0,0,0,0
439.839,13859826608897719907,78,0.000,1.000,0.000,1,8137,0,34,34,32,32,70,70,70,70,70,70,70,70,110,22.000,22.000,24.500,24.500,0,0,0,0
440.501,13859826608897719907,0,0.000,0.000,0.000,1,4019,0,34,34,32,32,70,70,70,70,70,70,70,70,110,22.000,22.000,24.500,24.500,0,0,0,0
441.166,13859826608897719907,332,0.000,0.000,0.000,8,11428,0,34,34,32,32,70,70,70,70,70,70,70,70,110,22.000,22.000,24.500,24.500,0,0,0,0
441.835,13859826608897719907,334,0.000,0.000,0.000,8,11486,0,34,34,32,32,70,70,70,70,70,70,70,70,110,22.000,22.000,24.500,24.500,0,0,0,0
442.508,13859826608897719907,335,0.000,0.000,0.000,8,11539,0,34,34,32,32,70,70,70,70,70,70,70,70,110,22.000,22.000,24.500,24.500,0,0,0,0
443.178,13859826608897719907,337,0.000,0.000,0.000,8,11607,0,34,34,32,32,70,70,70,70,70,70,70,70,110,22.000,22.000,24.500,24.500,0,0,0,0
443.849,13859826608897719907,339,0.000,0.000,0.000,8,11649,0,34,34,32,32,70,70,70,70,70,70,70,70,110,22.000,22.000,24.500,24.500,0,0,0,0
444.521,13859826608897719907,340,0.000,0.000,0.000,8,11710,0,34,34,32,32,70,70,70,70,70,70,70,70,110,22.000,22.000,24.500,24.500,0,0,0,0
445.197,13859826608897719907,312,0.000,0.000,0.000,8,10706,0,34,34,32,32,70,70,70,70,70,70,70,70,110,22.000,22.000,24.500,24.500,0,0,0,0
445.867,13859826608897719907,247,0.000,0.000,0.000,6,10813,0,34,34,32,32,70,70,70,70,70,70,70,70,110,22.000,22.000,24.500,24.500,0,0,0,0
446.538,13859826608897719907,190,0.000,0.000,0.000,4,11251,0,34,34,32,32,70,70,70,70,70,70,70,70,110,22.000,22.000,24.500,24.500,0,0,0,0
447.205,13859826608897719907,138,0.000,0.049,0.000,3,9656,0,34,34,32,32,70,70,70,70,70,70,70,70,110,22.000,22.000,24.500,24.500,0,0,0,0
447.873,13859826608897719907,98,0.000,0.189,0.000,2,8298,0,34,34,32,32,70,70,70,70,70,70,70,70,110,22.000,22.000,24.500,24.500,0,0,0,0
448.539,13859826608897719907,84,0.000,0.384,0.000,2,7139,0,34,34,32,32,70,70,70,70,70,70,70,70,110,22.000,22.000,24.500,24.500,0,0,0,1
449.206,13859826608897719907,76,0.000,-0.079,0.000,1,8117,0,34,34,32,32,70,70,70,70,70,70,70,70,110,22.000,22.000,24.500,24.500,0,0,0,0
449.872,13859826608897719907,80,0.000,-0.384,0.000,1,8531,0,34,34,32,32,70,70,70,70,70,70,70,70,110,22.000,22.000,24.500,24.500,0,0,0,0
450.540,13859826608897719907,69,0.000,-0.451,0.000,1,7302,0,34,34,32,32,70,70,70,70,70,70,70,70,110,22.000,22.000,24.500,24.500,0,0,0,0
451.203,13859826608897719907,81,0.000,-0.268,0.000,1,8646,0,34,34,32,32,70,70,70,70,70,70,70,70,110,22.000,22.000,24.500,24.500,0,0,0,0
451.874,13859826608897719907,104,0.000,-0.038,0.000,2,8821,0,34,34,32,32,70,70,70,70,70,70,70,70,110,22.000,22.000,24.500,24.500,0,0,0,0
452.542,13859826608897719907,128,0.000,0.000,0.000,3,8931,0,34,34,32,32,70,70,70,70,70,70,70,70,110,22.000,22.000,24.500,24.500,0,0,0,0
453.211,13859826608897719907,155,0.000,0.000,0.000,3,10857,0,421,421,331,331,70,70,70,70,70,70,70,70,110,22.000,22.000,24.500,24.500,0,0,0,0
453.877,13859826608897719907,181,0.000,0.031,0.000,4,10704,0,421,421,331,331,70,70,70,70,70,70,70,70,110,22.000,22.000,24.500,24.500,0,0,0,0
454.548,13859826608897719907,203,0.000,0.021,0.000,5,10167,0,421,421,331,331,70,70,70,70,70,70,70,70,110,22.000,22.000,24.500,24.500,0,0,0,0
455.217,13859826608897719907,222,0.000,0.020,0.000,5,11151,0,421,421,331,331,70,70,70,70,70,70,70,70,110,22.000,22.000,24.500,24.500,0,0,0,0
455.892,13859826608897719907,240,0.000,0.000,0.000,6,10470,0,421,421,331,331,70,70,70,70,70,70,70,70,110,22.000,22.000,24.500,24.500,0,0,0,0
456.554,13859826608897719907,254,0.000,0.016,0.000,6,11104,0,421,421,331,331,70,70,70,70,70,70,70,70,110,22.000,22.000,24.500,24.500,0,0,0,0
457.220,13859826608897719907,265,0.000,0.033,0.000,7,10215,0,421,421,331,331,70,70,70,70,70,70,70,70,110,22.000,22.000,24.500,24.500,0,0,0,0
457.890,13859826608897719907,273,0.000,0.037,0.000,7,10522,0,421,421,331,331,70,70,70,70,70,70,70,70,110,22.000,22.000,24.500,24.500,0,0,0,0
458.557,13859826608897719907,280,0.000,0.036,0.000,7,10814,0,421,421,331,331,70,70,70,70,70,70,70,70,110,22.000,22.000,24.500,24.500,0,0,0,0
459.216,13859826608897719907,286,0.000,0.034,0.000,7,11052,0,421,421,331,331,70,70,70,70,70,70,70,70,110,22.000,22.000,24.500,24.500,0,0,0,0
459.878,13859826608897719907,290,0.000,0.034,0.000,7,11198,0,421,421,331,331,70,70,70,70,70,70,70,70,110,22.000,22.000,24.500,24.500,0,0,0,0
460.537,13859826608897719907,294,0.000,0.031,0.000,8,10060,0,421,421,331,331,70,70,70,70,70,70,70,70,110,22.000,22.000,24.500,24.500,0,0,0,0
461.207,13859826608897719907,298,0.000,0.024,0.000,8,10197,0,421,421,331,331,70,70,70,70,70,70,70,70,110,22.000,22.000,24.500,24.500,0,0,0,0
461.873,13859826608897719907,301,0.000,0.022,0.000,8,10312,0,421,421,331,331,70,70,70,70,70,70,70,70,110,22.000,22.000,24.500,24.500,0,0,0,0
462.531,13859826608897719907,304,0.000,0.017,0.000,8,10436,0,421,421,331,331,70,70,70,70,70,70,70,70,110,22.000,22.000,24.500,24.500,0,0,0,0
463.194,13859826608897719907,308,0.000,0.000,0.000,8,10575,0,421,421,331,331,70,70,70,70,70,70,70,70,110,22.000,22.000,24.500,24.500,0,0,0,0
463.860,13859826608897719907,313,0.000,0.000,0.000,8,10738,0,421,421,331,331,70,70,70,70,70,70,70,70,110,22.000,22.000,24.500,24.500,0,0,0,0
464.526,13859826608897719907,315,0.000,0.000,0.000,8,10825,0,421,421,331,331,70,70,70,70,70,70,70,70,110,22.000,22.000,24.500,24.500,0,0,0,0
465.190,13859826608897719907,317,0.000,0.000,0.000,8,10906,0,421,421,331,331,70,70,70,70,70,70,70,70,110,22.000,22.000,24.500,24.500,0,0,0,0
465.848,13859826608897719907,281,0.000,0.000,0.000,7,10852,0,421,421,331,331,70,70,70,70,70,70,70,70,110,22.000,22.000,24.500,24.500,0,0,0,0
466.512,13859826608897719907,219,0.000,0.000,0.000,5,10962,0,764,763,638,639,70,70,70,70,70,70,70,70,110,22.000,22.000,24.500,24.500,0,0,0,0
467.178,13859826608897719907,164,0.000,-0.025,0.000,4,9668,0,764,763,638,639,70,70,70,70,70,70,70,70,110,22.000,22.000,24.500,24.500,0,0,0,0
467.839,13859826608897719907,120,0.000,-0.183,0.000,2,10152,0,764,763,638,639,70,70,70,70,70,70,70,70,110,22.000,22.000,24.500,24.500,0,0,0,0
468.503,13859826608897719907,111,0.000,-0.226,0.000,2,9361,0,764,763,638,639,70,70,70,70,70,70,70,70,110,22.000,22.000,24.500,24.500,1,0,1,0
469.167,13859826608897719907,121,0.000,0.205,0.000,3,8414,0,764,763,638,639,70,70,70,70,70,70,70,70,110,22.000,22.000,24.500,24.500,0,0,0,0
469.831,13859826608897719907,131,0.000,0.126,0.000,3,9132,0,764,763,638,639,70,70,70,70,70,70,70,70,110,22.000,22.000,24.500,24.500,0,0,0,0
470.497,13859826608897719907,146,0.000,0.116,0.000,3,10217,0,764,763,638,639,70,70,70,70,70,70,70,70,110,22.000,22.000,24.500,24.500,0,0,1,0
471.164,13859826608897719907,170,0.000,0.000,0.000,4,10032,0,764,763,638,639,70,70,70,70,70,70,70,70,110,22.000,22.000,24.500,24.500,1,0,1,0
471.829,13859826608897719907,195,0.000,-0.019,0.000,5,9722,0,764,763,638,639,70,70,70,70,70,70,70,70,110,22.000,22.000,24.500,24.500,0,0,0,0
472.500,13859826608897719907,215,0.000,0.000,0.000,5,10780,0,764,763,638,639,70,70,70,70,70,70,70,70,110,22.000,22.000,24.500,24.500,0,0,0,0
473.168,13859826608897719907,233,0.000,0.000,0.000,6,10174,0,764,763,638,639,70,70,70,70,70,70,70,70,110,22.000,22.000,24.500,24.500,0,0,0,0
473.833,13859826608897719907,249,0.000,0.000,0.000,6,10882,0,764,763,638,639,70,70,70,70,70,70,70,70,110,22.000,22.000,24.500,24.500,0,0,0,0
474.498,13859826608897719907,252,0.000,0.037,0.000,6,11032,0,764,763,638,639,70,70,70,70,70,70,70,70,110,22.000,22.000,24.500,24.500,0,0,0,0
475.166,13859826608897719907,198,0.000,0.111,0.000,5,9906,0,764,763,638,639,70,70,70,70,70,70,70,70,110,22.000,22.000,24.500,24.500,0,0,0,0
475.831,13859826608897719907,175,0.000,0.130,0.000,4,10369,0,764,763,638,639,70,70,70,70,70,70,70,70,110,22.000,22.000,24.500,24.500,0,0,0,0
476.498,13859826608897719907,178,0.000,0.121,0.000,4,10505,0,764,763,638,639,70,70,70,70,70,70,70,70,110,22.000,22.000,24.500,24.500,0,0,0,0
477.163,13859826608897719907,187,0.000,0.107,0.000,4,11083,0,764,763,638,639,70,70,70,70,70,70,70,70,110,22.000,22.000,24.500,24.500,0,0,0,0
477.829,13859826608897719907,201,0.000,0.069,0.000,5,10073,0,764,763,638,639,70,70,70,70,70,70,70,70,110,22.000,22.000,24.500,24.500,0,0,1,0
478.493,13859826608897719907,218,0.000,0.023,0.000,5,10932,0,764,763,638,639,70,70,70,70,70,70,70,70,110,22.000,22.000,24.500,24.500,1,0,1,0
479.156,13859826608897719907,236,0.000,-0.020,0.000,6,10325,0,764,763,638,639,70,70,70,70,70,70,70,70,110,22.000,22.000,24.500,24.500,0,0,0,0
479.820,13859826608897719907,250,0.000,0.000,0.000,6,10952,0,884,884,766,768,70,70,72,72,70,70,70,70,110,22.000,22.000,24.500,24.500,0,0,0,0
480.482,13859826608897719907,227,0.000,0.000,0.000,5,11407,0,884,884,766,768,70,70,72,72,70,70,70,70,110,22.000,22.000,24.500,24.500,0,0,0,0
481.143,13859826608897719907,175,0.000,0.105,0.000,4,10320,0,884,884,766,768,70,70,72,72,70,70,70,70,110,22.000,22.000,24.500,24.500,0,0,0,0
481.798,13859826608897719907,163,0.000,0.131,0.000,4,9609,0,884,884,766,768,70,70,72,72,70,70,70,70,110,22.000,22.000,24.500,24.500,0,1,0,1
482.459,13859826608897719907,169,0.000,0.119,0.000,4,9974,0,884,884,766,768,70,70,72,72,70,70,70,70,110,22.000,22.000,24.500,24.500,0,0,0,0
483.121,13859826608897719907,186,0.000,0.066,0.000,4,11005,0,884,884,766,768,70,70,72,72,70,70,70,70,110,22.000,22.000,24.500,24.500,1,0,1,0
483.780,13859826608897719907,206,0.000,0.000,0.000,5,10338,0,884,884,766,768,70,70,72,72,70,70,70,70,110,22.000,22.000,24.500,24.500,1,0,1,0
484.439,13859826608897719907,225,0.000,0.000,0.000,5,11313,0,884,884,766,768,70,70,72,72,70,70,70,70,110,22.000,22.000,24.500,24.500,0,0,0,0
485.094,13859826608897719907,242,0.000,0.000,0.000,6,10603,0,884,884,766,768,70,70,72,72,70,70,70,70,110,22.000,22.000,24.500,24.500,0,0,0,0
485.748,13859826608897719907,257,0.000,0.000,0.000,6,11260,0,884,884,766,768,70,70,72,72,70,70,70,70,110,22.000,22.000,24.500,24.500,0,0,0,0
486.406,13859826608897719907,269,0.000,0.000,0.000,7,10392,0,884,884,766,768,70,70,72,72,70,70,70,70,110,22.000,22.000,24.500,24.500,0,0,0,0
487.055,13859826608897719907,276,0.000,-0.009,0.000,7,10665,0,884,884,766,768,70,70,72,72,70,70,70,70,110,22.000,22.000,24.500,24.500,0,0,0,0
487.699,13859826608897719907,290,0.000,-0.010,0.000,7,11221,0,884,884,766,768,70,70,72,72,70,70,70,70,110,22.000,22.000,24.500,24.500,0,0,0,0
488.347,13859826608897719907,298,0.000,-0.011,0.000,8,10239,0,884,884,766,768,70,70,72,72,70,70,70,70,110,22.000,22.000,24.500,24.500,0,0,0,0
489.010,13859826608897719907,305,0.000,-0.013,0.000,8,10466,0,884,884,766,768,70,70,72,72,70,70,70,70,110,22.000,22.000,24.500,24.500,0,0,0,0
489.671,13859826608897719907,313,0.000,0.000,0.000,8,10734,0,884,884,766,768,70,70,72,72,70,70,70,70,110,22.000,22.000,24.500,24.500,0,0,0,0
490.333,13859826608897719907,318,0.000,0.000,0.000,8,10915,0,884,884,766,768,70,70,72,72,70,70,70,70,110,22.000,22.000,24.500,24.500,0,0,0,0
490.993,13859826608897719907,323,0.000,0.000,0.000,8,11105,0,884,884,766,768,70,70,72,72,70,70,70,70,110,22.000,22.000,24.500,24.500,0,0,0,0
491.649,13859826608897719907,327,0.000,0.000,0.000,8,11261,0,884,884,766,768,70,70,72,72,70,70,70,70,110,22.000,22.000,24.500,24.500,0,0,0,0
492.311,13859826608897719907,330,0.000,0.000,0.000,8,11353,0,884,884,766,768,70,70,72,72,70,70,70,70,110,22.000,22.000,24.500,24.500,0,0,0,0
492.976,13859826608897719907,333,0.000,0.000,0.000,8,11444,0,992,992,893,896,70,70,72,72,70,70,70,70,110,22.000,22.000,24.500,24.500,0,0,0,0
493.623,13859826608897719907,333,0.000,0.000,0.000,8,11477,0,992,992,893,896,70,70,72,72,70,70,70,70,110,22.000,22.000,24.500,24.500,0,0,0,0
494.275,13859826608897719907,296,0.000,0.000,0.000,8,10153,0,992,992,893,896,70,70,72,72,70,70,70,70,110,22.000,22.000,24.500,24.500,0,0,0,0
494.930,13859826608897719907,234,0.000,0.000,0.000,6,10234,0,992,992,893,896,70,70,72,72,70,70,70,70,110,22.000,22.000,24.500,24.500,0,0,0,0
495.588,13859826608897719907,182,0.000,-0.093,0.000,4,10788,0,992,992,893,896,70,70,72,72,70,70,70,70,110,22.000,22.000,24.500,24.500,0,0,0,0
496.258,13859826608897719907,171,0.000,-0.110,0.000,4,10100,0,992,992,893,896,70,70,72,72,70,70,70,70,110,22.000,22.000,24.500,24.500,0,1,0,0
496.926,13859826608897719907,180,0.000,-0.094,0.000,4,10649,0,992,992,893,896,70,70,72,72,70,70,70,70,110,22.000,22.000,24.500,24.500,0,0,0,0
497.590,13859826608897719907,198,0.000,0.102,0.000,5,9908,0,992,992,893,896,70,70,72,72,70,70,70,70,110,22.000,22.000,24.500,24.500,0,1,0,1
498.256,13859826608897719907,205,0.000,0.091,0.000,5,10253,0,992,992,893,896,70,70,72,72,70,70,70,70,110,22.000,22.000,24.500,24.500,0,0,0,0
498.927,13859826608897719907,217,0.000,0.080,0.000,5,10877,0,992,992,893,896,70,70,72,72,70,70,70,70,110,22.000,22.000,24.500,24.500,0,0,0,0
499.594,13859826608897719907,232,0.000,-0.067,0.000,6,10105,0,992,992,893,896,70,70,72,72,70,70,70,70,110,22.000,22.000,24.500,24.500,1,0,0,0
500.263,13859826608897719907,242,0.000,-0.061,0.000,6,10593,0,992,992,893,896,70,70,72,72,70,70,70,70,110,22.000,22.000,24.500,24.500,0,0,0,0
500.937,13859826608897719907,253,0.000,0.000,0.000,6,11080,0,992,992,893,896,70,70,72,72,70,70,70,70,110,22.000,22.000,24.500,24.500,0,1,0,0
501.606,13859826608897719907,266,0.000,0.000,0.000,7,10236,0,992,992,893,896,70,70,72,72,70,70,70,70,110,22.000,22.000,24.500,24.500,0,0,0,0
502.284,13859826608897719907,276,0.000,0.000,0.000,7,10629,0,992,992,893,896,70,70,72,72,70,70,70,70,110,22.000,22.000,24.500,24.500,0,0,0,0
502.959,13859826608897719907,286,0.000,0.000,0.000,7,11025,0,992,992,893,896,70,70,72,72,70,70,70,70,110,22.000,22.000,24.500,24.500,0,0,0,0
503.637,13859826608897719907,294,0.000,0.000,0.000,8,10057,0,992,992,893,896,70,70,72,72,70,70,70,70,110,22.000,22.000,24.500,24.500,0,0,0,0
504.310,13859826608897719907,299,0.000,0.000,0.000,8,10256,0,992,992,893,896,70,70,72,72,70,70,70,70,110,22.000,22.000,24.500,24.500,0,0,0,0
504.976,13859826608897719907,305,0.000,0.000,0.000,8,10461,0,992,992,893,896,70,70,72,72,70,70,70,70,110,22.000,22.000,24.500,24.500,0,0,0,0
505.635,13859826608897719907,309,0.000,0.000,0.000,8,10605,0,992,992,893,896,70,70,72,72,70,70,70,70,110,22.000,22.000,24.500,24.500,0,0,0,0
506.299,13859826608897719907,313,0.000,0.000,0.000,8,10745,0,1047,1046,971,972,70,70,73,73,70,70,70,70,110,22.000,22.000,24.500,24.500,0,0,0,0
506.959,13859826608897719907,317,0.000,0.000,0.000,8,10874,0,1047,1046,971,972,70,70,73,73,70,70,70,70,110,22.000,22.000,24.500,24.500,0,0,0,0
507.621,13859826608897719907,319,0.000,0.000,0.000,8,10952,0,1047,1046,971,972,70,70,73,73,70,70,70,70,110,22.000,22.000,24.500,24.500,0,0,0,0
508.281,13859826608897719907,321,0.000,0.000,0.000,8,11039,0,1047,1046,971,972,70,70,73,73,70,70,70,70,110,22.000,22.000,24.500,24.500,0,0,0,0
508.945,13859826608897719907,323,0.000,0.000,0.000,8,11100,0,1047,1046,971,972,70,70,73,73,70,70,70,70,110,22.000,22.000,24.500,24.500,0,0,0,0
509.611,13859826608897719907,324,0.000,0.000,0.000,8,11151,0,1047,1046,971,972,70,70,73,73,70,70,70,70,110,22.000,22.000,24.500,24.500,0,0,0,0
510.283,13859826608897719907,325,0.000,0.000,0.000,8,11185,0,1047,1046,971,972,70,70,73,73,70,70,70,70,110,22.000,22.000,24.500,24.500,0,0,0,0
510.953,13859826608897719907,273,0.000,0.041,0.000,7,10526,0,1047,1046,971,972,70,70,73,73,70,70,70,70,110,22.000,22.000,24.500,24.500,0,0,0,0
511.621,13859826608897719907,210,0.000,0.095,0.000,5,10537,0,1047,1046,971,972,70,70,73,73,70,70,70,70,110,22.000,22.000,24.500,24.500,0,0,0,0
512.286,13859826608897719907,180,0.000,0.130,0.000,4,10672,0,1047,1046,971,972,70,70,73,73,70,70,70,70,110,22.000,22.000,24.500,24.500,0,0,0,0
512.950,13859826608897719907,178,0.000,0.126,0.000,4,10553,0,1047,1046,971,972,70,70,73,73,70,70,70,70,110,22.000,22.000,24.500,24.500,0,0,0,0
513.618,13859826608897719907,184,0.000,0.111,0.000,4,10873,0,1047,1046,971,972,70,70,73,73,70,70,70,70,110,22.000,22.000,24.500,24.500,0,0,0,0
514.289,13859826608897719907,198,0.000,0.093,0.000,5,9878,0,1047,1046,971,972,70,70,73,73,70,70,70,70,110,22.000,22.000,24.500,24.500,0,0,0,0
514.958,13859826608897719907,211,0.000,0.083,0.000,5,10591,0,1047,1046,971,972,70,70,73,73,70,70,70,70,110,22.000,22.000,24.500,24.500,0,0,0,0
515.629,13859826608897719907,225,0.000,0.067,0.000,5,11313,0,1047,1046,971,972,70,70,73,73,70,70,70,70,110,22.000,22.000,24.500,24.500,0,0,0,0
516.299,13859826608897719907,239,0.000,0.057,0.000,6,10421,0,1047,1046,971,972,70,70,73,73,70,70,70,70,110,22.000,22.000,24.500,24.500,0,0,0,0
516.974,13859826608897719907,250,0.000,0.040,0.000,6,10934,0,1047,1046,971,972,70,70,73,73,70,70,70,70,110,22.000,22.000,24.500,24.500,0,0,0,0
517.648,13859826608897719907,261,0.000,0.029,0.000,7,10051,0,1047,1046,971,972,70,70,73,73,70,70,70,70,110,22.000,22.000,24.500,24.500,0,0,0,0
518.320,13859826608897719907,271,0.000,0.013,0.000,7,10458,0,1047,1046,971,972,70,70,73,73,70,70,70,70,110,22.000,22.000,24.500,24.500,0,0,0,0
518.991,13859826608897719907,281,0.000,0.009,0.000,7,10846,0,1047,1046,971,972,70,70,73,73,70,70,70,70,110,22.000,22.000,24.500,24.500,0,0,0,0
519.661,13859826608897719907,289,0.000,0.000,0.000,7,11161,0,1076,1076,1020,1021,70,70,73,73,70,70,70,70,110,22.000,22.000,24.500,24.500,0,0,0,0
520.331,13859826608897719907,295,0.000,0.000,0.000,8,10089,0,1076,1076,1020,1021,70,70,73,73,70,70,70,70,110,22.000,22.000,24.500,24.500,0,0,0,0
521.025,13859826608897719907,301,0.000,0.000,0.000,8,10298,0,1076,1076,1020,1021,70,70,73,73,70,70,70,70,110,22.000,22.000,24.500,24.500,0,0,0,0
521.693,13859826608897719907,307,0.000,0.000,0.000,8,10521,0,1076,1076,1020,1021,70,70,73,73,70,70,70,70,110,22.000,22.000,24.500,24.500,0,0,0,0
522.361,13859826608897719907,312,0.000,0.000,0.000,8,10723,0,1076,1076,1020,1021,70,70,73,73,70,70,70,70,110,22.000,22.000,24.500,24.500,0,0,0,0
523.029,13859826608897719907,317,0.000,0.000,0.000,8,10891,0,1076,1076,1020,1021,70,70,73,73,70,70,70,70,110,22.000,22.000,24.500,24.500,0,0,0,0
523.695,13859826608897719907,322,0.000,0.000,0.000,8,11066,0,1076,1076,1020,1021,70,70,73,73,70,70,70,70,110,22.000,22.000,24.500,24.500,0,0,0,0
524.371,13859826608897719907,326,0.000,0.000,0.000,8,11221,0,1076,1076,1020,1021,70,70,73,73,70,70,70,70,110,22.000,22.000,24.500,24.500,0,0,0,0
525.043,13859826608897719907,328,0.000,0.000,0.000,8,11291,0,1076,1076,1020,1021,70,70,73,73,70,70,70,70,110,22.000,22.000,24.500,24.500,0,0,0,0
525.695,13859826608897719907,332,0.000,0.000,0.000,8,11415,0,1076,1076,1020,1021,70,70,73,73,70,70,70,70,110,22.000,22.000,24.500,24.500,0,0,0,0
526.367,13859826608897719907,333,0.000,0.000,0.000,8,11439,0,1076,1076,1020,1021,70,70,73,73,70,70,70,70,110,22.000,22.000,24.500,24.500,0,0,0,0
527.036,13859826608897719907,335,0.000,0.000,0.000,8,11523,0,1076,1076,1020,1021,70,70,73,73,70,70,70,70,110,22.000,22.000,24.500,24.500,0,0,0,0
527.703,13859826608897719907,337,0.000,0.000,0.000,8,11582,0,1076,1076,1020,1021,70,70,73,73,70,70,70,70,110,22.000,22.000,24.500,24.500,0,0,0,0
528.375,13859826608897719907,338,0.000,0.000,0.000,8,11644,0,1076,1076,1020,1021,70,70,73,73,70,70,70,70,110,22.000,22.000,24.500,24.500,0,0,0,0
529.037,13859826608897719907,339,0.000,0.000,0.000,8,11668,0,1076,1076,1020,1021,70,70,73,73,70,70,70,70,110,22.000,22.000,24.500,24.500,0,0,0,0
529.696,13859826608897719907,335,0.000,0.000,0.000,8,11521,0,1076,1076,1020,1021,70,70,73,73,70,70,70,70,110,22.000,22.000,24.500,24.500,0,0,0,0
530.358,13859826608897719907,275,0.000,0.000,0.000,7,10608,0,1076,1076,1020,1021,70,70,73,73,70,70,70,70,110,22.000,22.000,24.500,24.500,0,0,0,0
531.020,13859826608897719907,213,0.000,0.000,0.000,5,10696,0,1076,1076,1020,1021,70,70,73,73,70,70,70,70,110,22.000,22.000,24.500,24.500,0,0,0,0
531.683,13859826608897719907,160,0.000,0.000,0.000,4,9458,0,1076,1076,1020,1021,70,70,73,73,70,70,70,70,110,22.000,22.000,24.500,24.500,0,0,0,0
532.352,13859826608897719907,114,0.000,0.168,0.000,2,9639,0,1076,1076,1020,1021,70,70,73,73,70,70,70,70,110,22.000,22.000,24.500,24.500,0,0,0,0
533.016,13859826608897719907,86,0.000,0.374,0.000,2,7234,0,1094,1094,1055,1055,70,70,74,74,70,70,70,70,110,22.000,22.000,24.500,24.500,0,0,0,0
533.679,13859826608897719907,77,0.000,0.332,0.000,1,8184,0,1094,1094,1055,1055,70,70,74,74,70,70,70,70,110,22.000,22.000,24.500,24.500,0,1,0,0
534.345,13859826608897719907,83,0.000,-0.146,0.000,2,7013,0,1094,1094,1055,1055,70,70,74,74,70,70,70,70,110,22.000,22.000,24.500,24.500,0,0,0,0
535.009,13859826608897719907,69,0.000,-0.465,0.000,1,7376,0,1094,1094,1055,1055,70,70,74,74,70,70,70,70,110,22.000,22.000,24.500,24.500,0,0,0,0
535.674,13859826608897719907,76,0.000,-0.359,0.000,1,8109,0,1094,1094,1055,1055,70,70,74,74,70,70,70,70,110,22.000,22.000,24.500,24.500,0,0,0,0
536.344,13859826608897719907,95,0.000,-0.126,0.000,2,8011,0,1094,1094,1055,1055,70,70,74,74,70,70,70,70,110,22.000,22.000,24.500,24.500,0,0,0,0
537.008,13859826608897719907,120,0.000,0.000,0.000,3,8405,0,1094,1094,1055,1055,70,70,74,74,70,70,70,70,110,22.000,22.000,24.500,24.500,0,0,0,0
537.672,13859826608897719907,144,0.000,0.000,0.000,3,10080,0,1094,1094,1055,1055,70,70,74,74,70,70,70,70,110,22.000,22.000,24.500,24.500,0,0,0,0
538.342,13859826608897719907,172,0.000,0.031,0.000,4,10147,0,1094,1094,1055,1055,70,70,74,74,70,70,70,70,110,22.000,22.000,24.500,24.500,0,0,0,0
539.009,13859826608897719907,195,0.000,0.027,0.000,5,9767,0,1094,1094,1055,1055,70,70,74,74,70,70,70,70,110,22.000,22.000,24.500,24.500,0,0,0,0
539.677,13859826608897719907,216,0.000,0.024,0.000,5,10806,0,1094,1094,1055,1055,70,70,74,74,70,70,70,70,110,22.000,22.000,24.500,24.500,0,0,0,0
540.349,13859826608897719907,233,0.000,0.000,0.000,6,10154,0,1094,1094,1055,1055,70,70,74,74,70,70,70,70,110,22.000,22.000,24.500,24.500,0,0,0,0
541.016,13859826608897719907,248,0.000,0.000,0.000,6,10868,0,1094,1094,1055,1055,70,70,74,74,70,70,70,70,110,22.000,22.000,24.500,24.500,0,0,0,0
541.685,13859826608897719907,261,0.000,0.029,0.000,7,10036,0,1094,1094,1055,1055,70,70,74,74,70,70,70,70,110,22.000,22.000,24.500,24.500,0,0,0,0
542.362,13859826608897719907,271,0.000,0.039,0.000,7,10425,0,1094,1094,1055,1055,70,70,74,74,70,70,70,70,110,22.000,22.000,24.500,24.500,0,0,0,0
543.028,13859826608897719907,278,0.000,0.037,0.000,7,10735,0,1094,1094,1055,1055,70,70,74,74,70,70,70,70,110,22.000,22.000,24.500,24.500,0,0,0,0
543.704,13859826608897719907,284,0.000,0.036,0.000,7,10980,0,1094,1094,1055,1055,70,70,74,74,70,70,70,70,110,22.000,22.000,24.500,24.500,0,0,0,0
544.376,13859826608897719907,288,0.000,0.035,0.000,7,11132,0,1094,1094,1055,1055,70,70,74,74,70,70,70,70,110,22.000,22.000,24.500,24.500,0,0,0,0
545.044,13859826608897719907,292,0.000,0.031,0.000,7,11294,0,1094,1094,1055,1055,70,70,74,74,70,70,70,70,110,22.000,22.000,24.500,24.500,0,0,0,0
545.716,13859826608897719907,296,0.000,0.030,0.000,8,10153,0,1094,1094,1055,1055,70,70,74,74,70,70,70,70,110,22.000,22.000,24.500,24.500,0,0,0,0
546.391,13859826608897719907,300,0.000,0.024,0.000,8,10281,0,1098,1097,1067,1067,70,70,75,74,70,70,70,70,110,22.000,22.000,24.500,24.500,0,0,0,0
547.059,13859826608897719907,304,0.000,0.018,0.000,8,10420,0,1098,1097,1067,1067,70,70,75,74,70,70,70,70,110,22.000,22.000,24.500,24.500,0,0,0,0
547.731,13859826608897719907,307,0.000,0.016,0.000,8,10548,0,1098,1097,1067,1067,70,70,75,74,70,70,70,70,110,22.000,22.000,24.500,24.500,0,0,0,0
548.400,13859826608897719907,312,0.000,0.000,0.000,8,10706,0,1098,1097,1067,1067,70,70,75,74,70,70,70,70,110,22.000,22.000,24.500,24.500,0,0,0,0
549.068,13859826608897719907,314,0.000,0.000,0.000,8,10791,0,1098,1097,1067,1067,70,70,75,74,70,70,70,70,110,22.000,22.000,24.500,24.500,0,0,0,0
549.731,13859826608897719907,317,0.000,0.000,0.000,8,10888,0,1098,1097,1067,1067,70,70,75,74,70,70,70,70,110,22.000,22.000,24.500,24.500,0,0,0,0
550.398,13859826608897719907,299,0.000,0.000,0.000,8,10233,0,1098,1097,1067,1067,70,70,75,74,70,70,70,70,110,22.000,22.000,24.500,24.500,0,0,0,0
551.058,13859826608897719907,235,0.000,0.000,0.000,6,10248,0,1098,1097,1067,1067,70,70,75,74,70,70,70,70,110,22.000,22.000,24.500,24.500,0,0,0,0
551.720,13859826608897719907,178,0.000,0.000,0.000,4,10510,0,1098,1097,1067,1067,70,70,75,74,70,70,70,70,110,22.000,22.000,24.500,24.500,0,0,0,0
552.382,13859826608897719907,129,0.000,-0.177,0.000,3,9030,0,1098,1097,1067,1067,70,70,75,74,70,70,70,70,110,22.000,22.000,24.500,24.500,0,0,0,0
553.044,13859826608897719907,110,0.000,-0.225,0.000,2,9292,0,1098,1097,1067,1067,70,70,75,74,70,70,70,70,110,22.000,22.000,24.500,24.500,0,0,0,0
553.705,13859826608897719907,115,0.000,-0.150,0.000,2,9692,0,1098,1097,1067,1067,70,70,75,74,70,70,70,70,110,22.000,22.000,24.500,24.500,0,0,0,0
554.378,13859826608897719907,128,0.000,0.221,0.000,3,8947,0,1098,1097,1067,1067,70,70,75,74,70,70,70,70,110,22.000,22.000,24.500,24.500,0,1,0,1
555.046,13859826608897719907,143,0.000,0.130,0.000,3,9993,0,1098,1097,1067,1067,70,70,75,74,70,70,70,70,110,22.000,22.000,24.500,24.500,0,0,0,0
555.712,13859826608897719907,164,0.000,0.000,0.000,4,9672,0,1098,1097,1067,1067,70,70,75,74,70,70,70,70,110,22.000,22.000,24.500,24.500,1,0,1,0
556.380,13859826608897719907,190,0.000,-0.014,0.000,4,11236,0,1098,1097,1067,1067,70,70,75,74,70,70,70,70,110,22.000,22.000,24.500,24.500,0,0,0,0
557.048,13859826608897719907,211,0.000,0.000,0.000,5,10556,0,1098,1097,1067,1067,70,70,75,74,70,70,70,70,110,22.000,22.000,24.500,24.500,0,0,0,0
557.713,13859826608897719907,230,0.000,0.000,0.000,6,10030,0,1098,1097,1067,1067,70,70,75,74,70,70,70,70,110,22.000,22.000,24.500,24.500,0,0,0,0
558.381,13859826608897719907,245,0.000,0.000,0.000,6,10733,0,1098,1097,1067,1067,70,70,75,74,70,70,70,70,110,22.000,22.000,24.500,24.500,0,0,0,0
559.040,13859826608897719907,259,0.000,0.009,0.000,6,11344,0,1098,1097,1067,1067,70,70,75,74,70,70,70,70,110,22.000,22.000,24.500,24.500,0,0,0,0
559.701,13859826608897719907,208,0.000,0.109,0.000,5,10433,0,1099,1099,1076,1076,70,70,75,75,70,70,71,71,110,22.000,22.000,24.500,24.500,0,0,0,0
560.372,13859826608897719907,177,0.000,0.130,0.000,4,10470,0,1099,1099,1076,1076,70,70,75,75,70,70,71,71,110,22.000,22.000,24.500,24.500,0,0,0,0
561.038,13859826608897719907,177,0.000,0.124,0.000,4,10470,0,1099,1099,1076,1076,70,70,75,75,70,70,71,71,110,22.000,22.000,24.500,24.500,0,0,0,1
561.702,13859826608897719907,185,0.000,0.108,0.000,4,10956,0,1099,1099,1076,1076,70,70,75,75,70,70,71,71,110,22.000,22.000,24.500,24.500,0,0,0,0
562.371,13859826608897719907,199,0.000,0.095,0.000,5,9947,0,1099,1099,1076,1076,70,70,75,75,70,70,71,71,110,22.000,22.000,24.500,24.500,0,0,0,0
563.037,13859826608897719907,215,0.000,0.025,0.000,5,10792,0,1099,1099,1076,1076,70,70,75,75,70,70,71,71,110,22.000,22.000,24.500,24.500,1,0,1,0
563.707,13859826608897719907,234,0.000,0.000,0.000,6,10219,0,1099,1099,1076,1076,70,70,75,75,70,70,71,71,110,22.000,22.000,24.500,24.500,0,0,0,0
564.379,13859826608897719907,249,0.000,0.000,0.000,6,10892,0,1099,1099,1076,1076,70,70,75,75,70,70,71,71,110,22.000,22.000,24.500,24.500,0,0,0,0
565.048,13859826608897719907,239,0.000,0.000,0.000,6,10426,0,1099,1099,1076,1076,70,70,75,75,70,70,71,71,110,22.000,22.000,24.500,24.500,0,0,0,0
565.728,13859826608897719907,183,0.000,0.107,0.000,4,10844,0,1099,1099,1076,1076,70,70,75,75,70,70,71,71,110,22.000,22.000,24.500,24.500,0,0,0,0
566.412,13859826608897719907,164,0.000,0.133,0.000,4,9658,0,1099,1099,1076,1076,70,70,75,75,70,70,71,71,110,22.000,22.000,24.500,24.500,0,0,0,1
567.094,13859826608897719907,168,0.000,0.103,0.000,4,9935,0,1099,1099,1076,1076,70,70,75,75,70,70,71,71,110,22.000,22.000,24.500,24.500,0,0,0,0
567.783,13859826608897719907,185,0.000,0.086,0.000,4,10920,0,1099,1099,1076,1076,70,70,75,75,70,70,71,71,110,22.000,22.000,24.500,24.500,1,0,1,0
568.475,13859826608897719907,207,0.000,0.000,0.000,5,10336,0,1099,1099,1076,1076,70,70,75,75,70,70,71,71,110,22.000,22.000,24.500,24.500,1,0,1,0
569.164,13859826608897719907,226,0.000,0.000,0.000,5,11344,0,1099,1099,1076,1076,70,70,75,75,70,70,71,71,110,22.000,22.000,24.500,24.500,0,0,0,0
569.859,13859826608897719907,243,0.000,0.000,0.000,6,10615,0,1099,1099,1076,1076,70,70,75,75,70,70,71,71,110,22.000,22.000,24.500,24.500,0,0,0,0
570.552,13859826608897719907,259,0.000,0.000,0.000,6,11346,0,1099,1099,1076,1076,70,70,75,75,70,70,71,71,110,22.000,22.000,24.500,24.500,0,0,0,0
571.239,13859826608897719907,272,0.000,0.000,0.000,7,10491,0,1099,1099,1076,1076,70,70,75,75,70,70,71,71,110,22.000,22.000,24.500,24.500,0,0,0,0
571.926,13859826608897719907,283,0.000,-0.008,0.000,7,10926,0,1099,1099,1076,1076,70,70,75,75,70,70,71,71,110,22.000,22.000,24.500,24.500,0,0,0,0
572.613,13859826608897719907,293,0.000,-0.010,0.000,7,11315,0,1099,1099,1076,1076,70,70,75,75,70,70,71,71,110,22.000,22.000,24.500,24.500,0,0,0,0
573.293,13859826608897719907,302,0.000,-0.012,0.000,8,10336,0,1101,1101,1082,1082,70,70,76,76,70,70,71,71,110,22.000,22.000,24.500,24.500,0,0,0,0
573.972,13859826608897719907,308,0.000,-0.013,0.000,8,10565,0,1101,1101,1082,1082,70,70,76,76,70,70,71,71,110,22.000,22.000,24.500,24.500,0,0,0,0
574.647,13859826608897719907,315,0.000,0.000,0.000,8,10824,0,1101,1101,1082,1082,70,70,76,76,70,70,71,71,110,22.000,22.000,24.500,24.500,0,0,0,0
575.313,13859826608897719907,322,0.000,0.000,0.000,8,11059,0,1101,1101,1082,1082,70,70,76,76,70,70,71,71,110,22.000,22.000,24.500,24.500,0,0,0,0
575.981,13859826608897719907,325,0.000,0.000,0.000,8,11178,0,1101,1101,1082,1082,70,70,76,76,70,70,71,71,110,22.000,22.000,24.500,24.500,0,0,0,0
576.652,13859826608897719907,329,0.000,0.000,0.000,8,11298,0,1101,1101,1082,1082,70,70,76,76,70,70,71,71,110,22.000,22.000,24.500,24.500,0,0,0,0
577.318,13859826608897719907,330,0.000,0.000,0.000,8,11362,0,1101,1101,1082,1082,70,70,76,76,70,70,71,71,110,22.000,22.000,24.500,24.500,0,0,0,0
577.987,13859826608897719907,333,0.000,0.000,0.000,8,11466,0,1101,1101,1082,1082,70,70,76,76,70,70,71,71,110,22.000,22.000,24.500,24.500,0,0,0,0
578.656,13859826608897719907,326,0.000,0.000,0.000,8,11217,0,1101,1101,1082,1082,70,70,76,76,70,70,71,71,110,22.000,22.000,24.500,24.500,0,0,0,0
579.323,13859826608897719907,262,0.000,0.000,0.000,7,10086,0,1101,1101,1082,1082,70,70,76,76,70,70,71,71,110,22.000,22.000,24.500,24.500,0,0,0,0
579.989,13859826608897719907,202,0.000,-0.091,0.000,5,10115,0,1101,1101,1082,1082,70,70,76,76,70,70,71,71,110,22.000,22.000,24.500,24.500,0,0,0,0
580.659,13859826608897719907,171,0.000,-0.109,0.000,4,10116,0,1101,1101,1082,1082,70,70,76,76,70,70,71,71,110,22.000,22.000,24.500,24.500,0,0,0,0
581.348,13859826608897719907,174,0.000,-0.110,0.000,4,10257,0,1101,1101,1082,1082,70,70,76,76,70,70,71,71,110,22.000,22.000,24.500,24.500,0,0,0,0
582.021,13859826608897719907,194,0.000,0.075,0.000,5,9698,0,1101,1101,1082,1082,70,70,76,76,70,70,71,71,110,22.000,22.000,24.500,24.500,0,0,0,0
582.696,13859826608897719907,205,0.000,0.086,0.000,5,10270,0,1101,1101,1082,1082,70,70,76,76,70,70,71,71,110,22.000,22.000,24.500,24.500,0,0,0,0
583.373,13859826608897719907,214,0.000,0.085,0.000,5,10726,0,1101,1101,1082,1082,70,70,76,76,70,70,71,71,110,22.000,22.000,24.500,24.500,0,0,0,0
584.044,13859826608897719907,232,0.000,-0.068,0.000,6,10137,0,1101,1101,1082,1082,70,70,76,76,70,70,71,71,110,22.000,22.000,24.500,24.500,0,0,0,0
584.721,13859826608897719907,240,0.000,-0.060,0.000,6,10483,0,1101,1101,1082,1082,70,70,76,76,70,70,71,71,110,22.000,22.000,24.500,24.500,0,0,0,0
585.404,13859826608897719907,250,0.000,-0.011,0.000,6,10926,0,1101,1101,1082,1082,70,70,76,76,70,70,71,71,110,22.000,22.000,24.500,24.500,0,1,0,1
586.059,13859826608897719907,263,0.000,0.000,0.000,7,10141,0,1101,1101,1082,1082,70,70,76,76,70,70,71,71,110,22.000,22.000,24.500,24.500,0,0,0,0
586.737,13859826608897719907,274,0.000,0.000,0.000,7,10561,0,1104,1104,1089,1089,70,70,77,76,70,70,71,71,110,22.000,22.000,24.500,24.500,0,0,0,0
587.419,13859826608897719907,283,0.000,0.000,0.000,7,10925,0,1104,1104,1089,1089,70,70,77,76,70,70,71,71,110,22.000,22.000,24.500,24.500,0,0,0,0
588.100,13859826608897719907,291,0.000,0.000,0.000,7,11225,0,1104,1104,1089,1089,70,70,77,76,70,70,71,71,110,22.000,22.000,24.500,24.500,0,0,0,0
588.788,13859826608897719907,297,0.000,0.000,0.000,8,10168,0,1104,1104,1089,1089,70,70,77,76,70,70,71,71,110,22.000,22.000,24.500,24.500,0,0,0,0
589.475,13859826608897719907,303,0.000,0.000,0.000,8,10394,0,1104,1104,1089,1089,70,70,77,76,70,70,71,71,110,22.000,22.000,24.500,24.500,0,0,0,0
590.151,13859826608897719907,309,0.000,0.000,0.000,8,10615,0,1104,1104,1089,1089,70,70,77,76,70,70,71,71,110,22.000,22.000,24.500,24.500,0,0,0,0
590.835,13859826608897719907,312,0.000,0.000,0.000,8,10705,0,1104,1104,1089,1089,70,70,77,76,70,70,71,71,110,22.000,22.000,24.500,24.500,0,0,0,0
591.513,13859826608897719907,315,0.000,0.000,0.000,8,10831,0,1104,1104,1089,1089,70,70,77,76,70,70,71,71,110,22.000,22.000,24.500,24.500,0,0,0,0
592.183,13859826608897719907,319,0.000,0.000,0.000,8,10954,0,1104,1104,1089,1089,70,70,77,76,70,70,71,71,110,22.000,22.000,24.500,24.500,0,0,0,0
592.856,13859826608897719907,322,0.000,0.000,0.000,8,11068,0,1104,1104,1089,1089,70,70,77,76,70,70,71,71,110,22.000,22.000,24.500,24.500,0,0,0,0
593.522,13859826608897719907,323,0.000,0.000,0.000,8,11100,0,1104,1104,1089,1089,70,70,77,76,70,70,71,71,110,22.000,22.000,24.500,24.500,0,0,0,0
594.184,13859826608897719907,325,0.000,0.000,0.000,8,11165,0,1104,1104,1089,1089,70,70,77,76,70,70,71,71,110,22.000,22.000,24.500,24.500,0,0,0,0
594.849,13859826608897719907,326,0.000,0.000,0.000,8,11201,0,1104,1104,1089,1089,70,70,77,76,70,70,71,71,110,22.000,22.000,24.500,24.500,0,0,0,0
595.509,13859826608897719907,280,0.000,0.000,0.000,7,10827,0,1104,1104,1089,1089,70,70,77,76,70,70,71,71,110,22.000,22.000,24.500,24.500,0,0,0,0
596.171,13859826608897719907,217,0.000,0.084,0.000,5,10881,0,1104,1104,1089,1089,70,70,77,76,70,70,71,71,110,22.000,22.000,24.500,24.500,0,0,0,0
596.834,13859826608897719907,183,0.000,0.120,0.000,4,10848,0,1104,1104,1089,1089,70,70,77,76,70,70,71,71,110,22.000,22.000,24.500,24.500,0,0,0,0
597.495,13859826608897719907,178,0.000,0.126,0.000,4,10528,0,1104,1104,1089,1089,70,70,77,76,70,70,71,71,110,22.000,22.000,24.500,24.500,0,0,0,0
598.158,13859826608897719907,183,0.000,0.114,0.000,4,10849,0,1104,1104,1089,1089,70,70,77,76,70,70,71,71,110,22.000,22.000,24.500,24.500,0,0,0,0
598.824,13859826608897719907,196,0.000,0.095,0.000,5,9819,0,1104,1104,1089,1089,70,70,77,76,70,70,71,71,110,22.000,22.000,24.500,24.500,0,0,0,0
599.484,13859826608897719907,211,0.000,0.078,0.000,5,10548,0,1104,1104,1089,1089,70,70,77,76,70,70,71,71,110,22.000,22.000,24.500,24.500,0,0,0,0
600.151,13859826608897719907,223,0.000,0.070,0.000,5,11201,0,1106,1106,1093,1093,70,70,77,77,70,70,71,71,110,22.000,22.000,24.500,24.500,0,0,0,0
600.813,13859826608897719907,236,0.000,0.070,0.000,6,10288,0,1106,1106,1093,1093,70,70,77,77,70,70,71,71,110,22.000,22.000,24.500,24.500,0,0,0,0
601.472,13859826608897719907,249,0.000,0.037,0.000,6,10890,0,1106,1106,1093,1093,70,70,77,77,70,70,71,71,110,22.000,22.000,24.500,24.500,0,0,0,0
602.129,13859826608897719907,260,0.000,0.041,0.000,6,11373,0,1106,1106,1093,1093,70,70,77,77,70,70,71,71,110,22.000,22.000,24.500,24.500,0,0,0,0
602.789,13859826608897719907,270,0.000,0.000,0.000,7,10417,0,1106,1106,1093,1093,70,70,77,77,70,70,71,71,110,22.000,22.000,24.500,24.500,0,0,0,0
603.447,13859826608897719907,279,0.000,0.008,0.000,7,10782,0,1106,1106,1093,1093,70,70,77,77,70,70,71,71,110,22.000,22.000,24.500,24.500,0,0,0,0
604.104,13859826608897719907,287,0.000,0.000,0.000,7,11082,0,1106,1106,1093,1093,70,70,77,77,70,70,71,71,110,22.000,22.000,24.500,24.500,0,0,0,0
604.757,13859826608897719907,294,0.000,0.000,0.000,8,10077,0,1106,1106,1093,1093,70,70,77,77,70,70,71,71,110,22.000,22.000,24.500,24.500,0,0,0,0
605.417,13859826608897719907,299,0.000,0.000,0.000,8,10258,0,1106,1106,1093,1093,70,70,77,77,70,70,71,71,110,22.000,22.000,24.500,24.500,0,0,0,0
606.077,13859826608897719907,305,0.000,0.000,0.000,8,10460,0,1106,1106,1093,1093,70,70,77,77,70,70,71,71,110,22.000,22.000,24.500,24.500,0,0,0,0
606.738,13859826608897719907,309,0.000,0.000,0.000,8,10618,0,1106,1106,1093,1093,70,70,77,77,70,70,71,71,110,22.000,22.000,24.500,24.500,0,0,0,0
607.401,13859826608897719907,317,0.000,0.000,0.000,8,10877,0,1106,1106,1093,1093,70,70,77,77,70,70,71,71,110,22.000,22.000,24.500,24.500,0,0,0,0
608.061,13859826608897719907,321,0.000,0.000,0.000,8,11032,0,1106,1106,1093,1093,70,70,77,77,70,70,71,71,110,22.000,22.000,24.500,24.500,0,0,0,0
608.728,13859826608897719907,325,0.000,0.000,0.000,8,11169,0,1106,1106,1093,1093,70,70,77,77,70,70,71,71,110,22.000,22.000,24.500,24.500,0,0,0,0
609.393,13859826608897719907,329,0.000,0.000,0.000,8,11328,0,1106,1106,1093,1093,70,70,77,77,70,70,71,71,110,22.000,22.000,24.500,24.500,0,0,0,0
610.056,13859826608897719907,331,0.000,0.000,0.000,8,11381,0,1106,1106,1093,1093,70,70,77,77,70,70,71,71,110,22.000,22.000,24.500,24.500,0,0,0,0
610.719,13859826608897719907,333,0.000,0.000,0.000,8,11469,0,1106,1106,1093,1093,70,70,77,77,70,70,71,71,110,22.000,22.000,24.500,24.500,0,0,0,0
611.387,13859826608897719907,336,0.000,0.000,0.000,8,11558,0,1106,1106,1093,1093,70,70,77,77,70,70,71,71,110,22.000,22.000,24.500,24.500,0,0,0,0
612.047,13859826608897719907,337,0.000,0.000,0.000,8,11586,0,1106,1106,1093,1093,70,70,77,77,70,70,71,71,110,22.000,22.000,24.500,24.500,0,0,0,0
612.714,13859826608897719907,338,0.000,0.000,0.000,8,11639,0,1106,1106,1093,1093,70,70,77,77,70,70,71,71,110,22.000,22.000,24.500,24.500,0,0,0,0
613.378,13859826608897719907,338,0.000,0.000,0.000,8,11638,0,1111,1111,1099,1099,70,70,77,77,71,71,71,71,110,22.000,22.000,24.500,24.500,0,0,0,0
614.046,13859826608897719907,340,0.000,0.000,0.000,8,11714,0,1111,1111,1099,1099,70,70,77,77,71,71,71,71,110,22.000,22.000,24.500,24.500,0,0,0,0
614.713,13859826608897719907,302,0.000,0.000,0.000,8,10342,0,1111,1111,1099,1099,70,70,77,77,71,71,71,71,110,22.000,22.000,24.500,24.500,0,0,0,0
615.380,13859826608897719907,238,0.000,0.000,0.000,6,10379,0,1111,1111,1099,1099,70,70,77,77,71,71,71,71,110,22.000,22.000,24.500,24.500,0,0,0,0
616.040,13859826608897719907,180,0.000,0.000,0.000,4,10655,0,1111,1111,1099,1099,70,70,77,77,71,71,71,71,110,22.000,22.000,24.500,24.500,0,0,0,0
616.702,13859826608897719907,128,0.000,0.093,0.000,3,8960,0,1111,1111,1099,1099,70,70,77,77,71,71,71,71,110,22.000,22.000,24.500,24.500,0,0,0,0
617.361,13859826608897719907,91,0.000,0.359,0.000,2,7709,0,1111,1111,1099,1099,70,70,77,77,71,71,71,71,110,22.000,22.000,24.500,24.500,0,0,0,0
618.017,13859826608897719907,85,0.000,0.421,0.000,2,7231,0,1111,1111,1099,1099,70,70,77,77,71,71,71,71,110,22.000,22.000,24.500,24.500,0,1,0,1
618.674,13859826608897719907,75,0.000,0.124,0.000,1,8006,0,1111,1111,1099,1099,70,70,77,77,71,71,71,71,110,22.000,22.000,24.500,24.500,0,0,0,0
619.331,13859826608897719907,78,0.000,-0.422,0.000,1,8295,0,1111,1111,1099,1099,70,70,77,77,71,71,71,71,110,22.000,22.000,24.500,24.500,0,0,0,0
619.986,13859826608897719907,62,0.000,-0.385,0.000,1,6588,0,1111,1111,1099,1099,70,70,77,77,71,71,71,71,110,22.000,22.000,24.500,24.500,0,0,0,0
620.643,13859826608897719907,86,0.000,-0.166,0.000,2,7251,0,1111,1111,1099,1099,70,70,77,77,71,71,71,71,110,22.000,22.000,24.500,24.500,0,0,0,0
621.304,13859826608897719907,111,0.000,-0.069,0.000,2,9375,0,1111,1111,1099,1099,70,70,77,77,71,71,71,71,110,22.000,22.000,24.500,24.500,0,0,0,0
621.964,13859826608897719907,134,0.000,0.000,0.000,3,9324,0,1111,1111,1099,1099,70,70,77,77,71,71,71,71,110,22.000,22.000,24.500,24.500,0,0,0,0
622.624,13859826608897719907,162,0.000,0.016,0.000,4,9543,0,1111,1111,1099,1099,70,70,77,77,71,71,71,71,110,22.000,22.000,24.500,24.500,0,0,0,0
623.279,13859826608897719907,187,0.000,0.027,0.000,4,11054,0,1111,1111,1099,1099,70,70,77,77,71,71,71,71,110,22.000,22.000,24.500,24.500,0,0,0,0
623.935,13859826608897719907,208,0.000,0.022,0.000,5,10409,0,1111,1111,1099,1099,70,70,77,77,71,71,71,71,110,22.000,22.000,24.500,24.500,0,0,0,0
624.595,13859826608897719907,226,0.000,0.027,0.000,5,11347,0,1111,1111,1099,1099,70,70,77,77,71,71,71,71,110,22.000,22.000,24.500,24.500,0,0,0,0
625.253,13859826608897719907,242,0.000,0.000,0.000,6,10587,0,1111,1111,1099,1099,70,70,77,77,71,71,71,71,110,22.000,22.000,24.500,24.500,0,0,0,0
625.908,13859826608897719907,256,0.000,0.022,0.000,6,11206,0,1111,1111,1099,1099,70,70,77,77,71,71,71,71,110,22.000,22.000,24.500,24.500,0,0,0,0
626.564,13859826608897719907,266,0.000,0.036,0.000,7,10244,0,1106,1106,1096,1096,70,70,78,77,71,71,71,71,110,22.000,22.000,24.500,24.500,0,0,0,0
627.223,13859826608897719907,274,0.000,0.037,0.000,7,10581,0,1106,1106,1096,1096,70,70,78,77,71,71,71,71,110,22.000,22.000,24.500,24.500,0,0,0,0
627.887,13859826608897719907,281,0.000,0.037,0.000,7,10843,0,1106,1106,1096,1096,70,70,78,77,71,71,71,71,110,22.000,22.000,24.500,24.500,0,0,0,0
628.548,13859826608897719907,286,0.000,0.035,0.000,7,11055,0,1106,1106,1096,1096,70,70,78,77,71,71,71,71,110,22.000,22.000,24.500,24.500,0,0,0,0
629.209,13859826608897719907,291,0.000,0.033,0.000,7,11244,0,1106,1106,1096,1096,70,70,78,77,71,71,71,71,110,22.000,22.000,24.500,24.500,0,0,0,0
629.876,13859826608897719907,294,0.000,0.030,0.000,8,10072,0,1106,1106,1096,1096,70,70,78,77,71,71,71,71,110,22.000,22.000,24.500,24.500,0,0,0,0
630.548,13859826608897719907,299,0.000,0.025,0.000,8,10230,0,1106,1106,1096,1096,70,70,78,77,71,71,71,71,110,22.000,22.000,24.500,24.500,0,0,0,0
631.215,13859826608897719907,301,0.000,0.021,0.000,8,10334,0,1106,1106,1096,1096,70,70,78,77,71,71,71,71,110,22.000,22.000,24.500,24.500,0,0,0,0
631.884,13859826608897719907,305,0.000,0.016,0.000,8,10457,0,1106,1106,1096,1096,70,70,78,77,71,71,71,71,110,22.000,22.000,24.500,24.500,0,0,0,0
632.545,13859826608897719907,309,0.000,0.009,0.000,8,10620,0,1106,1106,1096,1096,70,70,78,77,71,71,71,71,110,22.000,22.000,24.500,24.500,0,0,0,0
633.210,13859826608897719907,312,0.000,0.000,0.000,8,10712,0,1106,1106,1096,1096,70,70,78,77,71,71,71,71,110,22.000,22.000,24.500,24.500,0,0,0,0
633.876,13859826608897719907,316,0.000,0.000,0.000,8,10862,0,1106,1106,1096,1096,70,70,78,77,71,71,71,71,110,22.000,22.000,24.500,24.500,0,0,0,0
634.540,13859826608897719907,318,0.000,0.000,0.000,8,10939,0,1106,1106,1096,1096,70,70,78,77,71,71,71,71,110,22.000,22.000,24.500,24.500,0,0,0,0
635.197,13859826608897719907,274,0.000,0.000,0.000,7,10567,0,1106,1106,1096,1096,70,70,78,77,71,71,71,71,110,22.000,22.000,24.500,24.500,0,0,0,0
635.859,13859826608897719907,212,0.000,0.000,0.000,5,10617,0,1106,1106,1096,1096,70,70,78,77,71,71,71,71,110,22.000,22.000,24.500,24.500,0,0,0,0
636.521,13859826608897719907,158,0.000,-0.074,0.000,4,9343,0,1106,1106,1096,1096,70,70,78,77,71,71,71,71,110,22.000,22.000,24.500,24.500,0,0,0,0
637.185,13859826608897719907,117,0.000,-0.169,0.000,2,9875,0,1106,1106,1096,1096,70,70,78,77,71,71,71,71,110,22.000,22.000,24.500,24.500,0,0,0,0
637.854,13859826608897719907,110,0.000,-0.201,0.000,2,9333,0,1106,1106,1096,1096,70,70,78,77,71,71,71,71,110,22.000,22.000,24.500,24.500,1,0,0,0
638.518,13859826608897719907,128,0.000,0.078,0.000,3,8941,0,1106,1106,1096,1096,70,70,78,77,71,71,71,71,110,22.000,22.000,24.500,24.500,0,0,0,0
639.179,13859826608897719907,133,0.000,0.153,0.000,3,9273,0,1106,1106,1096,1096,70,70,78,77,71,71,71,71,110,22.000,22.000,24.500,24.500,0,0,0,0
639.844,13859826608897719907,151,0.000,0.057,0.000,3,10561,0,1106,1106,1096,1097,70,70,78,78,71,71,72,72,110,22.000,22.000,24.500,24.500,1,0,1,0
640.506,13859826608897719907,175,0.000,0.000,0.000,4,10334,0,1106,1106,1096,1097,70,70,78,78,71,71,72,72,110,22.000,22.000,24.500,24.500,1,0,1,0
641.171,13859826608897719907,198,0.000,-0.018,0.000,5,9920,0,1106,1106,1096,1097,70,70,78,78,71,71,72,72,110,22.000,22.000,24.500,24.500,0,0,0,0
641.837,13859826608897719907,219,0.000,0.000,0.000,5,10988,0,1106,1106,1096,1097,70,70,78,78,71,71,72,72,110,22.000,22.000,24.500,24.500,0,0,0,0
642.496,13859826608897719907,236,0.000,0.000,0.000,6,10330,0,1106,1106,1096,1097,70,70,78,78,71,71,72,72,110,22.000,22.000,24.500,24.500,0,0,0,0
643.159,13859826608897719907,251,0.000,0.000,0.000,6,10984,0,1106,1106,1096,1097,70,70,78,78,71,71,72,72,110,22.000,22.000,24.500,24.500,0,0,0,0
643.825,13859826608897719907,246,0.000,0.031,0.000,6,10757,0,1106,1106,1096,1097,70,70,78,78,71,71,72,72,110,22.000,22.000,24.500,24.500,0,0,0,0
644.491,13859826608897719907,194,0.000,0.128,0.000,5,9679,0,1106,1106,1096,1097,70,70,78,78,71,71,72,72,110,22.000,22.000,24.500,24.500,0,0,0,0
645.158,13859826608897719907,176,0.000,0.136,0.000,4,10391,0,1106,1106,1096,1097,70,70,78,78,71,71,72,72,110,22.000,22.000,24.500,24.500,0,0,0,0
645.820,13859826608897719907,181,0.000,0.122,0.000,4,10740,0,1106,1106,1096,1097,70,70,78,78,71,71,72,72,110,22.000,22.000,24.500,24.500,0,0,0,0
646.482,13859826608897719907,189,0.000,0.112,0.000,4,11175,0,1106,1106,1096,1097,70,70,78,78,71,71,72,72,110,22.000,22.000,24.500,24.500,0,0,0,0
647.141,13859826608897719907,205,0.000,0.074,0.000,5,10243,0,1106,1106,1096,1097,70,70,78,78,71,71,72,72,110,22.000,22.000,24.500,24.500,1,0,1,0
647.801,13859826608897719907,224,0.000,0.020,0.000,5,11227,0,1106,1106,1096,1097,70,70,78,78,71,71,72,72,110,22.000,22.000,24.500,24.500,1,0,1,0
648.463,13859826608897719907,239,0.000,-0.013,0.000,6,10455,0,1106,1106,1096,1097,70,70,78,78,71,71,72,72,110,22.000,22.000,24.500,24.500,0,0,0,0
649.121,13859826608897719907,253,0.000,0.000,0.000,6,11084,0,1106,1106,1096,1097,70,70,78,78,71,71,72,72,110,22.000,22.000,24.500,24.500,0,0,0,0
649.781,13859826608897719907,221,0.000,0.000,0.000,5,11079,0,1106,1106,1096,1097,70,70,78,78,71,71,72,72,110,22.000,22.000,24.500,24.500,0,0,0,0
650.441,13859826608897719907,170,0.000,0.132,0.000,4,10022,0,1106,1106,1096,1097,70,70,78,78,71,71,72,72,110,22.000,22.000,24.500,24.500,0,0,0,0
651.099,13859826608897719907,166,0.000,0.124,0.000,4,9792,0,1106,1106,1096,1097,70,70,78,78,71,71,72,72,110,22.000,22.000,24.500,24.500,0,1,0,1
651.759,13859826608897719907,171,0.000,0.095,0.000,4,10094,0,1106,1106,1096,1097,70,70,78,78,71,71,72,72,110,22.000,22.000,24.500,24.500,0,0,0,0
652.426,13859826608897719907,190,0.000,0.012,0.000,4,11243,0,1106,1106,1096,1097,70,70,78,78,71,71,72,72,110,22.000,22.000,24.500,24.500,0,0,1,0
653.086,13859826608897719907,210,0.000,0.000,0.000,5,10512,0,1102,1102,1094,1094,70,70,79,79,71,71,72,72,110,22.000,22.000,24.500,24.500,1,0,1,0
653.747,13859826608897719907,229,0.000,0.000,0.000,6,10014,0,1102,1102,1094,1094,70,70,79,79,71,71,72,72,110,22.000,22.000,24.500,24.500,0,0,0,0
654.411,13859826608897719907,244,0.000,0.000,0.000,6,10683,0,1102,1102,1094,1094,70,70,79,79,71,71,72,72,110,22.000,22.000,24.500,24.500,0,0,0,0
655.075,13859826608897719907,259,0.000,0.000,0.000,6,11367,0,1102,1102,1094,1094,70,70,79,79,71,71,72,72,110,22.000,22.000,24.500,24.500,0,0,0,0
655.760,13859826608897719907,273,0.000,0.000,0.000,7,10504,0,1102,1102,1094,1094,70,70,79,79,71,71,72,72,110,22.000,22.000,24.500,24.500,0,0,0,0
656.444,13859826608897719907,283,0.000,-0.008,0.000,7,10929,0,1102,1102,1094,1094,70,70,79,79,71,71,72,72,110,22.000,22.000,24.500,24.500,0,0,0,0
657.117,13859826608897719907,293,0.000,-0.010,0.000,8,10038,0,1102,1102,1094,1094,70,70,79,79,71,71,72,72,110,22.000,22.000,24.500,24.500,0,0,0,0
657.801,13859826608897719907,301,0.000,-0.012,0.000,8,10329,0,1102,1102,1094,1094,70,70,79,79,71,71,72,72,110,22.000,22.000,24.500,24.500,0,0,0,0
658.481,13859826608897719907,308,0.000,-0.013,0.000,8,10561,0,1102,1102,1094,1094,70,70,79,79,71,71,72,72,110,22.000,22.000,24.500,24.500,0,0,0,0
659.158,13859826608897719907,316,0.000,0.000,0.000,8,10833,0,1102,1102,1094,1094,70,70,79,79,71,71,72,72,110,22.000,22.000,24.500,24.500,0,0,0,0
659.840,13859826608897719907,322,0.000,0.000,0.000,8,11052,0,1102,1102,1094,1094,70,70,79,79,71,71,72,72,110,22.000,22.000,24.500,24.500,0,0,0,0
660.504,13859826608897719907,325,0.000,0.000,0.000,8,11181,0,1102,1102,1094,1094,70,70,79,79,71,71,72,72,110,22.000,22.000,24.500,24.500,0,0,0,0
661.169,13859826608897719907,329,0.000,0.000,0.000,8,11306,0,1102,1102,1094,1094,70,70,79,79,71,71,72,72,110,22.000,22.000,24.500,24.500,0,0,0,0
661.838,13859826608897719907,330,0.000,0.000,0.000,8,11361,0,1102,1102,1094,1094,70,70,79,79,71,71,72,72,110,22.000,22.000,24.500,24.500,0,0,0,0
662.500,13859826608897719907,333,0.000,0.000,0.000,8,11468,0,1102,1102,1094,1094,70,70,79,79,71,71,72,72,110,22.000,22.000,24.500,24.500,0,0,0,0
663.166,13859826608897719907,328,0.000,0.000,0.000,8,11272,0,1102,1102,1094,1094,70,70,79,79,71,71,72,72,110,22.000,22.000,24.500,24.500,0,0,0,0
663.831,13859826608897719907,263,0.000,0.000,0.000,7,10124,0,1102,1102,1094,1094,70,70,79,79,71,71,72,72,110,22.000,22.000,24.500,24.500,0,0,0,0
664.491,13859826608897719907,203,0.000,-0.089,0.000,5,10135,0,1102,1102,1094,1094,70,70,79,79,71,71,72,72,110,22.000,22.000,24.500,24.500,0,0,0,0
665.148,13859826608897719907,173,0.000,-0.108,0.000,4,10213,0,1102,1102,1094,1094,70,70,79,79,71,71,72,72,110,22.000,22.000,24.500,24.500,0,0,0,0
665.810,13859826608897719907,174,0.000,-0.108,0.000,4,10273,0,1102,1102,1094,1094,70,70,79,79,71,71,72,72,110,22.000,22.000,24.500,24.500,0,0,0,0
666.472,13859826608897719907,194,0.000,0.049,0.000,5,9686,0,1106,1106,1097,1097,70,70,79,79,71,71,72,72,110,22.000,22.000,24.500,24.500,0,0,0,0
667.131,13859826608897719907,205,0.000,0.098,0.000,5,10288,0,1106,1106,1097,1097,70,70,79,79,71,71,72,72,110,22.000,22.000,24.500,24.500,0,0,0,0
667.790,13859826608897719907,214,0.000,0.078,0.000,5,10706,0,1106,1106,1097,1097,70,70,79,79,71,71,72,72,110,22.000,22.000,24.500,24.500,0,0,0,0
668.452,13859826608897719907,228,0.000,-0.080,0.000,5,11441,0,1106,1106,1097,1097,70,70,79,79,71,71,72,72,110,22.000,22.000,24.500,24.500,0,0,0,0
669.115,13859826608897719907,239,0.000,-0.063,0.000,6,10431,0,1106,1106,1097,1097,70,70,79,79,71,71,72,72,110,22.000,22.000,24.500,24.500,0,0,0,0
669.781,13859826608897719907,249,0.000,-0.072,0.000,6,10883,0,1106,1106,1097,1097,70,70,79,79,71,71,72,72,110,22.000,22.000,24.500,24.500,0,1,0,1
670.442,13859826608897719907,262,0.000,0.000,0.000,7,10075,0,1106,1106,1097,1097,70,70,79,79,71,71,72,72,110,22.000,22.000,24.500,24.500,0,0,0,0
671.102,13859826608897719907,272,0.000,0.000,0.000,7,10488,0,1106,1106,1097,1097,70,70,79,79,71,71,72,72,110,22.000,22.000,24.500,24.500,0,0,0,0
671.761,13859826608897719907,283,0.000,0.000,0.000,7,10912,0,1106,1106,1097,1097,70,70,79,79,71,71,72,72,110,22.000,22.000,24.500,24.500,0,0,0,0
672.426,13859826608897719907,290,0.000,0.000,0.000,7,11225,0,1106,1106,1097,1097,70,70,79,79,71,71,72,72,110,22.000,22.000,24.500,24.500,0,0,0,0
673.088,13859826608897719907,296,0.000,0.000,0.000,8,10159,0,1106,1106,1097,1097,70,70,79,79,71,71,72,72,110,22.000,22.000,24.500,24.500,0,0,0,0
673.746,13859826608897719907,303,0.000,0.000,0.000,8,10382,0,1106,1106,1097,1097,70,70,79,79,71,71,72,72,110,22.000,22.000,24.500,24.500,0,0,0,0
674.410,13859826608897719907,307,0.000,0.000,0.000,8,10548,0,1106,1106,1097,1097,70,70,79,79,71,71,72,72,110,22.000,22.000,24.500,24.500,0,0,0,0
675.073,13859826608897719907,311,0.000,0.000,0.000,8,10687,0,1106,1106,1097,1097,70,70,79,79,71,71,72,72,110,22.000,22.000,24.500,24.500,0,0,0,0
675.734,13859826608897719907,315,0.000,0.000,0.000,8,10825,0,1106,1106,1097,1097,70,70,79,79,71,71,72,72,110,22.000,22.000,24.500,24.500,0,0,0,0
676.405,13859826608897719907,317,0.000,0.000,0.000,8,10897,0,1106,1106,1097,1097,70,70,79,79,71,71,72,72,110,22.000,22.000,24.500,24.500,0,0,0,0
677.069,13859826608897719907,321,0.000,0.000,0.000,8,11042,0,1106,1106,1097,1097,70,70,79,79,71,71,72,72,110,22.000,22.000,24.500,24.500,0,0,0,0
677.734,13859826608897719907,323,0.000,0.000,0.000,8,11093,0,1106,1106,1097,1097,70,70,79,79,71,71,72,72,110,22.000,22.000,24.500,24.500,0,0,0,0
678.404,13859826608897719907,325,0.000,0.000,0.000,8,11153,0,1106,1106,1097,1097,70,70,79,79,71,71,72,72,110,22.000,22.000,24.500,24.500,0,0,0,0
679.067,13859826608897719907,326,0.000,0.000,0.000,8,11203,0,1106,1106,1097,1097,70,70,79,79,71,71,72,72,110,22.000,22.000,24.500,24.500,0,0,0,0
679.728,13859826608897719907,308,0.000,0.000,0.000,8,10564,0,1109,1109,1100,1100,70,70,80,79,71,71,72,72,110,22.000,22.000,24.500,24.500,0,0,0,0
680.396,13859826608897719907,242,0.000,0.057,0.000,6,10568,0,1109,1109,1100,1100,70,70,80,79,71,71,72,72,110,22.000,22.000,24.500,24.500,0,0,0,0
681.058,13859826608897719907,191,0.000,0.118,0.000,4,11319,0,1109,1109,1100,1100,70,70,80,79,71,71,72,72,110,22.000,22.000,24.500,24.500,0,0,0,0
681.723,13859826608897719907,177,0.000,0.119,0.000,4,10487,0,1109,1109,1100,1100,70,70,80,79,71,71,72,72,110,22.000,22.000,24.500,24.500,0,0,0,0
682.388,13859826608897719907,181,0.000,0.118,0.000,4,10732,0,1109,1109,1100,1100,70,70,80,79,71,71,72,72,110,22.000,22.000,24.500,24.500,0,0,0,0
683.051,13859826608897719907,191,0.000,0.105,0.000,4,11301,0,1109,1109,1100,1100,70,70,80,79,71,71,72,72,110,22.000,22.000,24.500,24.500,0,0,0,0
683.717,13859826608897719907,205,0.000,0.085,0.000,5,10240,0,1109,1109,1100,1100,70,70,80,79,71,71,72,72,110,22.000,22.000,24.500,24.500,0,0,0,0
684.387,13859826608897719907,219,0.000,0.078,0.000,5,10972,0,1109,1109,1100,1100,70,70,80,79,71,71,72,72,110,22.000,22.000,24.500,24.500,0,0,0,0
685.053,13859826608897719907,232,0.000,0.045,0.000,6,10134,0,1109,1109,1100,1100,70,70,80,79,71,71,72,72,110,22.000,22.000,24.500,24.500,0,0,0,0
685.716,13859826608897719907,244,0.000,0.037,0.000,6,10669,0,1109,1109,1100,1100,70,70,80,79,71,71,72,72,110,22.000,22.000,24.500,24.500,0,0,0,0
686.378,13859826608897719907,255,0.000,0.034,0.000,6,11178,0,1109,1109,1100,1100,70,70,80,79,71,71,72,72,110,22.000,22.000,24.500,24.500,0,0,0,0
687.041,13859826608897719907,267,0.000,0.031,0.000,7,10286,0,1109,1109,1100,1100,70,70,80,79,71,71,72,72,110,22.000,22.000,24.500,24.500,0,0,0,0
687.704,13859826608897719907,276,0.000,0.010,0.000,7,10654,0,1109,1109,1100,1100,70,70,80,79,71,71,72,72,110,22.000,22.000,24.500,24.500,0,0,0,0
688.370,13859826608897719907,284,0.000,0.000,0.000,7,10973,0,1109,1109,1100,1100,70,70,80,79,71,71,72,72,110,22.000,22.000,24.500,24.500,0,0,0,0
689.033,13859826608897719907,292,0.000,0.000,0.000,7,11273,0,1109,1109,1100,1100,70,70,80,79,71,71,72,72,110,22.000,22.000,24.500,24.500,0,0,0,0
689.692,13859826608897719907,297,0.000,0.000,0.000,8,10168,0,1109,1109,1100,1100,70,70,80,79,71,71,72,72,110,22.000,22.000,24.500,24.500,0,0,0,0
690.356,13859826608897719907,302,0.000,0.000,0.000,8,10353,0,1109,1109,1100,1100,70,70,80,79,71,71,72,72,110,22.000,22.000,24.500,24.500,0,0,0,0
691.021,13859826608897719907,308,0.000,0.000,0.000,8,10586,0,1109,1109,1100,1100,70,70,80,79,71,71,72,72,110,22.000,22.000,24.500,24.500,0,0,0,0
691.043,13859826608897719907,315,0.000,0.000,0.000,8,10802,0,1109,1109,1100,1100,70,70,80,79,71,71,72,72,110,22.000,22.000,24.500,24.500,0,0,0,0
691.067,13859826608897719907,312,0.000,0.000,0.000,8,9715,0,1109,1109,1100,1100,70,70,80,79,71,71,72,72,110,22.000,22.000,24.500,24.500,0,0,0,0
691.088,13859826608897719907,309,0.009,-0.002,0.000,8,10524,0,1106,1106,1098,1098,71,71,81,80,71,71,72,72,110,22.000,22.000,24.500,24.500,0,0,0,0
691.112,13859826608897719907,308,0.026,0.047,0.000,8,11189,0,1106,1106,1098,1098,71,71,81,80,71,71,72,72,110,22.000,22.000,24.500,24.500,0,0,0,0
691.138,13859826608897719907,307,0.053,0.027,0.000,7,12239,1,1106,1106,1098,1098,71,71,81,80,71,71,72,72,110,22.000,22.000,24.500,24.500,0,0,0,0
691.163,13859826608897719907,308,0.072,0.008,0.000,8,11498,1,1106,1106,1098,1098,71,71,81,80,71,71,72,72,110,22.000,22.000,24.500,24.500,0,0,0,0
691.189,13859826608897719907,308,0.091,0.002,0.000,8,10794,1,1106,1106,1098,1098,71,71,81,80,71,71,72,72,110,22.000,22.000,24.500,24.500,0,0,0,0
691.214,13859826608897719907,307,0.110,-0.006,0.000,8,10778,1,1106,1106,1098,1098,71,71,81,80,71,71,72,72,110,22.000,22.000,24.500,24.500,0,0,0,0
691.238,13859826608897719907,307,0.120,-0.008,0.000,8,10765,1,1106,1106,1098,1098,71,71,81,80,71,71,72,72,110,22.000,22.000,24.500,24.500,0,0,0,0
691.263,13859826608897719907,306,0.147,-0.007,0.000,8,10754,1,1106,1106,1098,1098,71,71,81,80,71,71,72,72,110,22.000,22.000,24.500,24.500,0,0,0,0
691.287,13859826608897719907,306,0.157,-0.007,0.000,8,10741,1,1106,1106,1098,1098,71,71,81,80,71,71,72,72,110,22.000,22.000,24.500,24.500,0,0,0,0
691.309,13859826608897719907,305,0.174,-0.005,0.000,8,10731,1,1106,1106,1098,1098,71,71,81,80,71,71,72,72,110,22.000,22.000,24.500,24.500,0,0,0,0
691.331,13859826608897719907,305,0.191,-0.002,0.000,8,10721,1,1106,1106,1098,1098,71,71,81,80,71,71,72,72,110,22.000,22.000,24.500,24.500,0,0,0,0
691.353,13859826608897719907,305,0.208,0.000,0.000,8,10712,1,1106,1106,1098,1098,71,71,81,80,71,71,72,72,110,22.000,22.000,24.500,24.500,0,0,0,0
691.375,13859826608897719907,304,0.224,0.003,0.000,8,10704,1,1106,1106,1098,1098,71,71,81,80,71,71,72,72,110,22.000,22.000,24.500,24.500,0,0,0,0
691.397,13859826608897719907,304,0.241,0.003,0.000,8,10697,1,1106,1106,1098,1098,71,71,81,80,71,71,72,72,110,22.000,22.000,24.500,24.500,0,0,0,0
691.419,13859826608897719907,304,0.257,0.003,0.000,8,10691,1,1106,1106,1098,1098,71,71,81,80,71,71,72,72,110,22.000,22.000,24.500,24.500,0,0,0,0
691.441,13859826608897719907,304,0.274,0.003,0.000,8,10685,1,1106,1106,1098,1098,71,71,81,80,71,71,72,72,110,22.000,22.000,24.500,24.500,0,0,0,0
691.463,13859826608897719907,303,0.290,0.003,0.000,8,10679,1,1106,1106,1098,1098,71,71,81,80,71,71,72,72,110,22.000,22.000,24.500,24.500,0,0,0,0
691.485,13859826608897719907,303,0.307,0.003,0.000,8,10673,1,1106,1106,1098,1098,71,71,81,80,71,71,72,72,110,22.000,22.000,24.500,24.500,0,0,0,0
691.506,13859826608897719907,303,0.323,0.003,0.000,8,10667,1,1106,1106,1098,1098,71,71,81,80,71,71,72,72,110,22.000,22.000,24.500,24.500,0,0,0,0
691.528,13859826608897719907,303,0.339,0.002,0.000,8,10662,1,1106,1106,1098,1098,71,71,81,80,71,71,72,72,110,22.000,22.000,24.500,24.500,0,0,0,0
691.550,13859826608897719907,302,0.355,0.001,0.000,8,10657,1,1060,1060,1059,1059,71,71,81,80,71,71,73,73,110,22.000,22.000,24.500,24.500,0,0,0,0
691.572,13859826608897719907,302,0.372,-0.001,0.000,8,10653,1,1060,1060,1059,1059,71,71,81,80,71,71,73,73,110,22.000,22.000,24.500,24.500,0,0,0,0
691.594,13859826608897719907,302,0.388,0.000,0.000,8,10649,1,1060,1060,1059,1059,71,71,81,80,71,71,73,73,110,22.000,22.000,24.500,24.500,0,0,0,0
691.616,13859826608897719907,302,0.405,0.001,0.000,8,10646,1,1060,1060,1059,1059,71,71,81,80,71,71,73,73,110,22.000,22.000,24.500,24.500,0,0,0,0
691.638,13859826608897719907,302,0.422,0.001,0.000,8,10644,1,1060,1060,1059,1059,71,71,81,80,71,71,73,73,110,22.000,22.000,24.500,24.500,0,0,0,0
691.660,13859826608897719907,302,0.438,0.001,0.000,8,10642,1,1060,1060,1059,1059,71,71,81,80,71,71,73,73,110,22.000,22.000,24.500,24.500,0,0,0,0
691.682,13859826608897719907,301,0.455,-0.002,0.000,8,10641,1,1060,1060,1059,1059,71,71,81,80,71,71,73,73,110,22.000,22.000,24.500,24.500,0,0,0,0
691.705,13859826608897719907,301,0.471,-0.002,0.000,8,10640,1,1060,1060,1059,1059,71,71,81,80,71,71,73,73,110,22.000,22.000,24.500,24.500,0,0,0,0
691.727,13859826608897719907,301,0.488,0.002,0.000,8,10639,1,1060,1060,1059,1059,71,71,81,80,71,71,73,73,110,22.000,22.000,24.500,24.500,0,0,0,0
691.749,13859826608897719907,301,0.505,0.002,0.000,8,10639,1,1060,1060,1059,1059,71,71,81,80,71,71,73,73,110,22.000,22.000,24.500,24.500,0,0,0,0
691.771,13859826608897719907,301,0.521,-0.001,0.000,8,10639,1,1060,1060,1059,1059,71,71,81,80,71,71,73,73,110,22.000,22.000,24.500,24.500,0,0,0,0
691.793,13859826608897719907,301,0.538,0.001,0.000,8,10640,1,1060,1060,1059,1059,71,71,81,80,71,71,73,73,110,22.000,22.000,24.500,24.500,0,0,0,0
691.815,13859826608897719907,301,0.554,-0.001,0.000,8,10641,1,1060,1060,1059,1059,71,71,81,80,71,71,73,73,110,22.000,22.000,24.500,24.500,0,0,0,0
691.837,13859826608897719907,301,0.571,0.002,0.000,8,10643,1,1060,1060,1059,1059,71,71,81,80,71,71,73,73,110,22.000,22.000,24.500,24.500,0,0,0,0
691.859,13859826608897719907,301,0.587,0.002,0.000,8,10645,1,1060,1060,1059,1059,71,71,81,80,71,71,73,73,110,22.000,22.000,24.500,24.500,0,0,0,0
691.881,13859826608897719907,301,0.604,0.002,0.000,8,10648,1,1060,1060,1059,1059,71,71,81,80,71,71,73,73,110,22.000,22.000,24.500,24.500,0,0,0,0
691.903,13859826608897719907,301,0.621,0.001,0.000,8,10651,1,1060,1060,1059,1059,71,71,81,80,71,71,73,73,110,22.000,22.000,24.500,24.500,0,0,0,0
691.925,13859826608897719907,301,0.637,-0.001,0.000,8,10653,1,1060,1060,1059,1059,71,71,81,80,71,71,73,73,110,22.000,22.000,24.500,24.500,0,0,0,0
691.948,13859826608897719907,301,0.654,-0.002,0.000,8,10656,1,1060,1060,1059,1059,71,71,81,80,71,71,73,73,110,22.000,22.000,24.500,24.500,0,0,0,0
691.969,13859826608897719907,301,0.670,0.001,0.000,8,10659,1,1060,1060,1059,1059,71,71,81,80,71,71,73,73,110,22.000,22.000,24.500,24.500,0,0,0,0
691.992,13859826608897719907,301,0.687,0.002,0.000,8,10662,1,1018,1018,1024,1024,71,71,81,80,72,72,73,73,110,22.000,22.000,24.500,24.500,0,0,0,0
692.014,13859826608897719907,301,0.703,0.001,0.000,8,10666,1,1018,1018,1024,1024,71,71,81,80,72,72,73,73,110,22.000,22.000,24.500,24.500,0,0,0,0
692.036,13859826608897719907,301,0.720,0.002,0.000,8,10672,1,1018,1018,1024,1024,71,71,81,80,72,72,73,73,110,22.000,22.000,24.500,24.500,0,0,0,0
692.057,13859826608897719907,301,0.736,-0.002,0.000,8,10678,1,1018,1018,1024,1024,71,71,81,80,72,72,73,73,110,22.000,22.000,24.500,24.500,0,0,0,0
692.079,13859826608897719907,301,0.753,-0.002,0.000,8,10685,1,1018,1018,1024,1024,71,71,81,80,72,72,73,73,110,22.000,22.000,24.500,24.500,0,0,0,0
692.101,13859826608897719907,301,0.769,0.002,0.000,8,10692,1,1018,1018,1024,1024,71,71,81,80,72,72,73,73,110,22.000,22.000,24.500,24.500,0,0,0,0
692.123,13859826608897719907,301,0.786,0.002,0.000,8,10699,1,1018,1018,1024,1024,71,71,81,80,72,72,73,73,110,22.000,22.000,24.500,24.500,0,0,0,0
692.145,13859826608897719907,301,0.802,0.002,0.000,8,10707,1,1018,1018,1024,1024,71,71,81,80,72,72,73,73,110,22.000,22.000,24.500,24.500,0,0,0,0
692.167,13859826608897719907,301,0.819,-0.002,0.000,8,10714,1,1018,1018,1024,1024,71,71,81,80,72,72,73,73,110,22.000,22.000,24.500,24.500,0,0,0,0
692.189,13859826608897719907,302,0.835,-0.002,0.000,8,10722,1,1018,1018,1024,1024,71,71,81,80,72,72,73,73,110,22.000,22.000,24.500,24.500,0,0,0,0
692.211,13859826608897719907,302,0.852,0.002,0.000,8,10728,1,1018,1018,1024,1024,71,71,81,80,72,72,73,73,110,22.000,22.000,24.500,24.500,0,0,0,0
692.233,13859826608897719907,302,0.868,0.002,0.000,8,10735,1,1018,1018,1024,1024,71,71,81,80,72,72,73,73,110,22.000,22.000,24.500,24.500,0,0,0,0
692.255,13859826608897719907,302,0.885,0.001,0.000,8,10742,1,1018,1018,1024,1024,71,71,81,80,72,72,73,73,110,22.000,22.000,24.500,24.500,0,0,0,0
692.277,13859826608897719907,302,0.901,-0.041,0.000,8,10751,1,1018,1018,1024,1024,71,71,81,80,72,72,73,73,110,22.000,22.000,24.500,24.500,0,0,0,0
692.299,13859826608897719907,302,0.918,-0.045,0.000,8,10761,1,1018,1018,1024,1024,71,71,81,80,72,72,73,73,110,22.000,22.000,24.500,24.500,0,0,0,0
692.321,13859826608897719907,303,0.934,-0.023,0.000,8,10770,1,1018,1018,1024,1024,71,71,81,80,72,72,73,73,110,22.000,22.000,24.500,24.500,0,0,0,0
692.343,13859826608897719907,303,0.951,-0.002,0.000,8,10783,1,1018,1018,1024,1024,71,71,81,80,72,72,73,73,110,22.000,22.000,24.500,24.500,0,0,0,0
692.365,13859826608897719907,303,0.967,0.010,0.000,8,10799,1,1018,1018,1024,1024,71,71,81,80,72,72,73,73,110,22.000,22.000,24.500,24.500,0,0,0,0
692.387,13859826608897719907,303,0.984,0.013,0.000,8,10817,1,1018,1018,1024,1024,71,71,81,80,72,72,73,73,110,22.000,22.000,24.500,24.500,0,0,0,0
692.409,13859826608897719907,304,1.000,0.012,0.000,8,10834,1,1018,1018,1024,1024,71,71,81,80,72,72,73,73,110,22.000,22.000,24.500,24.500,0,0,0,0
692.431,13859826608897719907,304,1.000,0.010,0.000,8,10844,1,978,978,990,990,71,71,81,80,72,72,73,73,110,22.000,22.000,24.500,24.500,0,0,0,0
692.453,13859826608897719907,304,1.000,0.007,0.000,8,10851,1,978,978,990,990,71,71,81,80,72,72,73,73,110,22.000,22.000,24.500,24.500,0,0,0,0
692.475,13859826608897719907,304,1.000,0.004,0.000,8,10858,1,978,978,990,990,71,71,81,80,72,72,73,73,110,22.000,22.000,24.500,24.500,0,0,0,0
692.497,13859826608897719907,305,1.000,0.002,0.000,8,10864,1,978,978,990,990,71,71,81,80,72,72,73,73,110,22.000,22.000,24.500,24.500,0,0,0,0
692.519,13859826608897719907,305,1.000,-0.001,0.000,8,10870,1,978,978,990,990,71,71,81,80,72,72,73,73,110,22.000,22.000,24.500,24.500,0,0,0,0
692.541,13859826608897719907,305,1.000,-0.003,0.000,8,10877,1,978,978,990,990,71,71,81,80,72,72,73,73,110,22.000,22.000,24.500,24.500,0,0,0,0
692.563,13859826608897719907,305,1.000,-0.003,0.000,8,10886,1,978,978,990,990,71,71,81,80,72,72,73,73,110,22.000,22.000,24.500,24.500,0,0,0,0
692.585,13859826608897719907,306,1.000,-0.002,0.000,8,10896,1,978,978,990,990,71,71,81,80,72,72,73,73,110,22.000,22.000,24.500,24.500,0,0,0,0
692.607,13859826608897719907,306,1.000,-0.002,0.000,8,10906,1,978,978,990,990,71,71,81,80,72,72,73,73,110,22.000,22.000,24.500,24.500,0,0,0,0
692.629,13859826608897719907,306,1.000,-0.002,0.000,8,10915,1,978,978,990,990,71,71,81,80,72,72,73,73,110,22.000,22.000,24.500,24.500,0,0,0,0
692.651,13859826608897719907,306,1.000,-0.002,0.000,8,10924,1,978,978,990,990,71,71,81,80,72,72,73,73,110,22.000,22.000,24.500,24.500,0,0,0,0
692.673,13859826608897719907,307,1.000,0.001,0.000,8,10931,1,978,978,990,990,71,71,81,80,72,72,73,73,110,22.000,22.000,24.500,24.500,0,0,0,0
692.695,13859826608897719907,307,1.000,0.001,0.000,8,10939,1,978,978,990,990,71,71,81,80,72,72,73,73,110,22.000,22.000,24.500,24.500,0,0,0,0
692.717,13859826608897719907,307,1.000,-0.002,0.000,8,10946,1,978,978,990,990,71,71,81,80,72,72,73,73,110,22.000,22.000,24.500,24.500,0,0,0,0
692.739,13859826608897719907,307,1.000,0.002,0.000,8,10955,1,978,978,990,990,71,71,81,80,72,72,73,73,110,22.000,22.000,24.500,24.500,0,0,0,0
692.761,13859826608897719907,308,1.000,0.002,0.000,8,10963,1,978,978,990,990,71,71,81,80,72,72,73,73,110,22.000,22.000,24.500,24.500,0,0,0,0
692.783,13859826608897719907,308,1.000,0.001,0.000,8,10972,1,978,978,990,990,71,71,81,80,72,72,73,73,110,22.000,22.000,24.500,24.500,0,0,0,0
692.805,13859826608897719907,308,1.000,-0.001,0.000,8,10981,1,978,978,990,990,71,71,81,80,72,72,73,73,110,22.000,22.000,24.500,24.500,0,0,0,0
692.826,13859826608897719907,308,1.000,-0.001,0.000,8,10990,1,978,978,990,990,71,71,81,80,72,72,73,73,110,22.000,22.000,24.500,24.500,0,0,0,0
692.847,13859826608897719907,309,1.000,0.002,0.000,8,10998,1,978,978,990,990,71,71,81,80,72,72,73,73,110,22.000,22.000,24.500,24.500,0,0,0,0
692.868,13859826608897719907,309,1.000,0.002,0.000,8,11006,1,939,939,958,958,71,71,81,80,72,72,73,73,110,22.000,22.000,24.500,24.500,0,0,0,0
692.888,13859826608897719907,309,1.000,-0.001,0.000,8,11013,1,939,939,958,958,71,71,81,80,72,72,73,73,110,22.000,22.000,24.500,24.500,0,0,0,0
692.909,13859826608897719907,309,1.000,-0.001,0.000,8,11019,1,939,939,958,958,71,71,81,80,72,72,73,73,110,22.000,22.000,24.500,24.500,0,0,0,0
692.930,13859826608897719907,309,1.000,-0.001,0.000,8,11027,1,939,939,958,958,71,71,81,80,72,72,73,73,110,22.000,22.000,24.500,24.500,0,0,0,0
692.950,13859826608897719907,310,1.000,0.002,0.000,8,11034,1,939,939,958,958,71,71,81,80,72,72,73,73,110,22.000,22.000,24.500,24.500,0,0,0,0
692.972,13859826608897719907,310,1.000,0.002,0.000,8,11041,1,939,939,958,958,71,71,81,80,72,72,73,73,110,22.000,22.000,24.500,24.500,0,0,0,0
692.994,13859826608897719907,310,1.000,-0.002,0.000,8,11049,1,939,939,958,958,71,71,81,80,72,72,73,73,110,22.000,22.000,24.500,24.500,0,0,0,0
692.994,13859826608897719907,310,1.000,-0.002,0.000,8,11049,1,939,939,958,958,71,71,81,80,72,72,73,73,110,22.000,22.000,24.500,24.500,0,0,0,0
692.994,13859826608897719907,310,1.000,-0.002,0.000,8,11049,1,939,939,958,958,71,71,81,80,72,72,73,73,110,22.000,22.000,24.500,24.500,0,0,0,0
692.994,13859826608897719907,310,1.000,-0.002,0.000,8,11049,1,939,939,958,958,71,71,81,80,72,72,73,73,110,22.000,22.000,24.500,24.500,0,0,0,0
692.994,13859826608897719907,310,1.000,-0.002,0.000,8,11049,1,939,939,958,958,71,71,81,80,72,72,73,73,110,22.000,22.000,24.500,24.500,0,0,0,0
692.994,13859826608897719907,310,1.000,-0.002,0.000,8,11049,1,939,939,958,958,71,71,81,80,72,72,73,73,110,22.000,22.000,24.500,24.500,0,0,0,0
692.994,13859826608897719907,310,1.000,-0.002,0.000,8,11049,1,939,939,958,958,71,71,81,80,72,72,73,73,110,22.000,22.000,24.500,24.500,0,0,0,0
692.994,13859826608897719907,310,1.000,-0.002,0.000,8,11049,1,939,939,958,958,71,71,81,80,72,72,73,73,110,22.000,22.000,24.500,24.500,0,0,0,0
692.994,13859826608897719907,310,1.000,-0.002,0.000,8,11049,1,939,939,958,958,71,71,81,80,72,72,73,73,110,22.000,22.000,24.500,24.500,0,0,0,0
692.994,13859826608897719907,310,1.000,-0.002,0.000,8,11049,1,939,939,958,958,71,71,81,80,72,72,73,73,110,22.000,22.000,24.500,24.500,0,0,0,0
692.994,13859826608897719907,310,1.000,-0.002,0.000,8,11049,1,939,939,958,958,71,71,81,80,72,72,73,73,110,22.000,22.000,24.500,24.500,0,0,0,0
692.994,13859826608897719907,310,1.000,-0.002,0.000,8,11049,1,939,939,958,958,71,71,81,80,72,72,73,73,110,22.000,22.000,24.500,24.500,0,0,0,0
692.994,13859826608897719907,310,1.000,-0.002,0.000,8,11049,1,939,939,958,958,71,71,81,80,72,72,73,73,110,22.000,22.000,24.500,24.500,0,0,0,0
692.994,13859826608897719907,310,1.000,-0.002,0.000,8,11049,1,939,939,958,958,71,71,81,80,72,72,73,73,110,22.000,22.000,24.500,24.500,0,0,0,0
692.994,13859826608897719907,310,1.000,-0.002,0.000,8,11049,1,928,928,948,948,71,71,81,80,72,72,73,73,110,22.000,22.000,24.500,24.500,0,0,0,0
692.994,13859826608897719907,310,1.000,-0.002,0.000,8,11049,1,928,928,948,948,71,71,81,80,72,72,73,73,110,22.000,22.000,24.500,24.500,0,0,0,0
692.994,13859826608897719907,310,1.000,-0.002,0.000,8,11049,1,928,928,948,948,71,71,81,80,72,72,73,73,110,22.000,22.000,24.500,24.500,0,0,0,0
692.994,13859826608897719907,310,1.000,-0.002,0.000,8,11049,1,928,928,948,948,71,71,81,80,72,72,73,73,110,22.000,22.000,24.500,24.500,0,0,0,0
692.994,13859826608897719907,310,1.000,-0.002,0.000,8,11049,1,928,928,948,948,71,71,81,80,72,72,73,73,110,22.000,22.000,24.500,24.500,0,0,0,0
692.994,13859826608897719907,310,1.000,-0.002,0.000,8,11049,1,928,928,948,948,71,71,81,80,72,72,73,73,110,22.000,22.000,24.500,24.500,0,0,0,0
692.994,13859826608897719907,310,1.000,-0.002,0.000,8,11049,1,928,928,948,948,71,71,81,80,72,72,73,73,110,22.000,22.000,24.500,24.500,0,0,0,0
692.994,13859826608897719907,310,1.000,-0.002,0.000,8,11049,1,928,928,948,948,71,71,81,80,72,72,73,73,110,22.000,22.000,24.500,24.500,0,0,0,0
692.994,13859826608897719907,310,1.000,-0.002,0.000,8,11049,1,928,928,948,948,71,71,81,80,72,72,73,73,110,22.000,22.000,24.500,24.500,0,0,0,0
692.994,13859826608897719907,310,1.000,-0.002,0.000,8,11049,1,928,928,948,948,71,71,81,80,72,72,73,73,110,22.000,22.000,24.500,24.500,0,0,0,0
692.994,13859826608897719907,310,1.000,-0.002,0.000,8,11049,1,928,928,948,948,71,71,81,80,72,72,73,73,110,22.000,22.000,24.500,24.500,0,0,0,0
692.994,13859826608897719907,310,1.000,-0.002,0.000,8,11049,1,928,928,948,948,71,71,81,80,72,72,73,73,110,22.000,22.000,24.500,24.500,0,0,0,0
692.994,13859826608897719907,310,1.000,-0.002,0.000,8,11049,1,928,928,948,948,71,71,81,80,72,72,73,73,110,22.000,22.000,24.500,24.500,0,0,0,0
692.994,13859826608897719907,310,1.000,-0.002,0.000,8,11049,1,928,928,948,948,71,71,81,80,72,72,73,73,110,22.000,22.000,24.500,24.500,0,0,0,0
692.994,13859826608897719907,310,1.000,-0.002,0.000,8,11049,1,928,928,948,948,71,71,81,80,72,72,73,73,110,22.000,22.000,24.500,24.500,0,0,0,0
692.994,13859826608897719907,310,1.000,-0.002,0.000,8,11049,1,928,928,948,948,71,71,81,80,72,72,73,73,110,22.000,22.000,24.500,24.500,0,0,0,0
692.994,13859826608897719907,310,1.000,-0.002,0.000,8,11049,1,928,928,948,948,71,71,81,80,72,72,73,73,110,22.000,22.000,24.500,24.500,0,0,0,0
692.994,13859826608897719907,310,1.000,-0.002,0.000,8,11049,1,928,928,948,948,71,71,81,80,72,72,73,73,110,22.000,22.000,24.500,24.500,0,0,0,0
692.994,13859826608897719907,310,1.000,-0.002,0.000,8,11049,1,928,928,948,948,71,71,81,80,72,72,73,73,110,22.000,22.000,24.500,24.500,0,0,0,0
692.994,13859826608897719907,310,1.000,-0.002,0.000,8,11049,1,928,928,948,948,71,71,81,80,72,72,73,73,110,22.000,22.000,24.500,24.500,0,0,0,0
692.994,13859826608897719907,310,1.000,-0.002,0.000,8,11049,1,928,928,948,948,71,71,81,80,72,72,73,73,110,22.000,22.000,24.500,24.500,0,0,0,0
692.994,13859826608897719907,310,1.000,-0.002,0.000,8,11049,1,928,928,948,948,71,71,81,80,72,72,73,73,110,22.000,22.000,24.500,24.500,0,0,0,0
692.994,13859826608897719907,310,1.000,-0.002,0.000,8,11049,1,928,928,948,948,71,71,81,80,72,72,73,73,110,22.000,22.000,24.500,24.500,0,0,0,0
692.994,13859826608897719907,310,1.000,-0.002,0.000,8,11049,1,928,928,948,948,71,71,81,80,72,72,73,73,110,22.000,22.000,24.500,24.500,0,0,0,0
692.994,13859826608897719907,310,1.000,-0.002,0.000,8,11049,1,928,928,948,948,71,71,81,80,72,72,73,73,110,22.000,22.000,24.500,24.500,0,0,0,0
692.994,13859826608897719907,310,1.000,-0.002,0.000,8,11049,1,928,928,948,948,71,71,81,80,72,72,73,73,110,22.000,22.000,24.500,24.500,0,0,0,0
692.994,13859826608897719907,310,1.000,-0.002,0.000,8,11049,1,928,928,948,948,71,71,81,80,72,72,73,73,110,22.000,22.000,24.500,24.500,0,0,0,0
692.994,13859826608897719907,310,1.000,-0.002,0.000,8,11049,1,928,928,948,948,71,71,81,80,72,72,73,73,110,22.000,22.000,24.500,24.500,0,0,0,0
692.994,13859826608897719907,310,1.000,-0.002,0.000,8,11049,1,928,928,948,948,71,71,81,80,72,72,73,73,110,22.000,22.000,24.500,24.500,0,0,0,0
692.994,13859826608897719907,310,1.000,-0.002,0.000,8,11049,1,928,928,948,948,71,71,81,80,72,72,73,73,110,22.000,22.000,24.500,24.500,0,0,0,0
692.994,13859826608897719907,310,1.000,-0.002,0.000,8,11049,1,928,928,948,948,71,71,81,80,72,72,73,73,110,22.000,22.000,24.500,24.500,0,0,0,0
692.994,13859826608897719907,310,1.000,-0.002,0.000,8,11049,1,928,928,948,948,71,71,81,80,72,72,73,73,110,22.000,22.000,24.500,24.500,0,0,0,0
692.994,13859826608897719907,310,1.000,-0.002,0.000,8,11049,1,928,928,948,948,71,71,81,80,72,72,73,73,110,22.000,22.000,24.500,24.500,0,0,0,0
692.994,13859826608897719907,310,1.000,-0.002,0.000,8,11049,1,928,928,948,948,71,71,81,80,72,72,73,73,110,22.000,22.000,24.500,24.500,0,0,0,0
692.994,13859826608897719907,310,1.000,-0.002,0.000,8,11049,1,928,928,948,948,71,71,81,80,72,72,73,73,110,22.000,22.000,24.500,24.500,0,0,0,0
692.994,13859826608897719907,310,1.000,-0.002,0.000,8,11049,1,928,928,948,948,71,71,81,80,72,72,73,73,110,22.000,22.000,24.500,24.500,0,0,0,0
692.994,13859826608897719907,310,1.000,-0.002,0.000,8,11049,1,928,928,948,948,71,71,81,80,72,72,73,73,110,22.000,22.000,24.500,24.500,0,0,0,0
692.994,13859826608897719907,310,1.000,-0.002,0.000,8,11049,1,928,928,948,948,71,71,81,80,72,72,73,73,110,22.000,22.000,24.500,24.500,0,0,0,0
692.994,13859826608897719907,310,1.000,-0.002,0.000,8,11049,1,928,928,948,948,71,71,81,80,72,72,73,73,110,22.000,22.000,24.500,24.500,0,0,0,0
692.994,13859826608897719907,310,1.000,-0.002,0.000,8,11049,1,928,928,948,948,71,71,81,80,72,72,73,73,110,22.000,22.000,24.500,24.500,0,0,0,0
692.994,13859826608897719907,310,1.000,-0.002,0.000,8,11049,1,928,928,948,948,71,71,81,80,72,72,73,73,110,22.000,22.000,24.500,24.500,0,0,0,0
692.994,13859826608897719907,310,1.000,-0.002,0.000,8,11049,1,928,928,948,948,71,71,81,80,72,72,73,73,110,22.000,22.000,24.500,24.500,0,0,0,0
692.994,13859826608897719907,310,1.000,-0.002,0.000,8,11049,1,928,928,948,948,71,71,81,80,72,72,73,73,110,22.000,22.000,24.500,24.500,0,0,0,0
692.994,13859826608897719907,310,1.000,-0.002,0.000,8,11049,1,928,928,948,948,71,71,81,80,72,72,73,73,110,22.000,22.000,24.500,24.500,0,0,0,0
692.994,13859826608897719907,310,1.000,-0.002,0.000,8,11049,1,928,928,948,948,71,71,81,80,72,72,73,73,110,22.000,22.000,24.500,24.500,0,0,0,0
692.994,13859826608897719907,310,1.000,-0.002,0.000,8,11049,1,928,928,948,948,71,71,81,80,72,72,73,73,110,22.000,22.000,24.500,24.500,0,0,0,0
692.994,13859826608897719907,310,1.000,-0.002,0.000,8,11049,1,928,928,948,948,71,71,81,80,72,72,73,73,110,22.000,22.000,24.500,24.500,0,0,0,0
692.994,13859826608897719907,310,1.000,-0.002,0.000,8,11049,1,928,928,948,948,71,71,81,80,72,72,73,73,110,22.000,22.000,24.500,24.500,0,0,0,0
692.994,13859826608897719907,310,1.000,-0.002,0.000,8,11049,1,928,928,948,948,71,71,81,80,72,72,73,73,110,22.000,22.000,24.500,24.500,0,0,0,0
692.994,13859826608897719907,310,1.000,-0.002,0.000,8,11049,1,928,928,948,948,71,71,81,80,72,72,73,73,110,22.000,22.000,24.500,24.500,0,0,0,0
692.994,13859826608897719907,310,1.000,-0.002,0.000,8,11049,1,928,928,948,948,71,71,81,80,72,72,73,73,110,22.000,22.000,24.500,24.500,0,0,0,0
692.994,13859826608897719907,310,1.000,-0.002,0.000,8,11049,1,928,928,948,948,71,71,81,80,72,72,73,73,110,22.000,22.000,24.500,24.500,0,0,0,0
692.994,13859826608897719907,310,1.000,-0.002,0.000,8,11049,1,928,928,948,948,71,71,81,80,72,72,73,73,110,22.000,22.000,24.500,24.500,0,0,0,0
692.994,13859826608897719907,310,1.000,-0.002,0.000,8,11049,1,928,928,948,948,71,71,81,80,72,72,73,73,110,22.000,22.000,24.500,24.500,0,0,0,0
692.994,13859826608897719907,310,1.000,-0.002,0.000,8,11049,1,928,928,948,948,71,71,81,80,72,72,73,73,110,22.000,22.000,24.500,24.500,0,0,0,0
692.994,13859826608897719907,310,1.000,-0.002,0.000,8,11049,1,928,928,948,948,71,71,81,80,72,72,73,73,110,22.000,22.000,24.500,24.500,0,0,0,0
692.994,13859826608897719907,310,1.000,-0.002,0.000,8,11049,1,928,928,948,948,71,71,81,80,72,72,73,73,110,22.000,22.000,24.500,24.500,0,0,0,0
692.994,13859826608897719907,310,1.000,-0.002,0.000,8,11049,1,928,928,948,948,71,71,81,80,72,72,73,73,110,22.000,22.000,24.500,24.500,0,0,0,0
692.994,13859826608897719907,310,1.000,-0.002,0.000,8,11049,1,928,928,948,948,71,71,81,80,72,72,73,73,110,22.000,22.000,24.500,24.500,0,0,0,0
692.994,13859826608897719907,310,1.000,-0.002,0.000,8,11049,1,928,928,948,948,71,71,81,80,72,72,73,73,110,22.000,22.000,24.500,24.500,0,0,0,0
692.994,13859826608897719907,310,1.000,-0.002,0.000,8,11049,1,928,928,948,948,71,71,81,80,72,72,73,73,110,22.000,22.000,24.500,24.500,0,0,0,0
692.994,13859826608897719907,310,1.000,-0.002,0.000,8,11049,1,928,928,948,948,71,71,81,80,72,72,73,73,110,22.000,22.000,24.500,24.500,0,0,0,0
692.994,13859826608897719907,310,1.000,-0.002,0.000,8,11049,1,928,928,948,948,71,71,81,80,72,72,73,73,110,22.000,22.000,24.500,24.500,0,0,0,0
692.994,13859826608897719907,310,1.000,-0.002,0.000,8,11049,1,928,928,948,948,71,71,81,80,72,72,73,73,110,22.000,22.000,24.500,24.500,0,0,0,0
692.994,13859826608897719907,310,1.000,-0.002,0.000,8,11049,1,928,928,948,948,71,71,81,80,72,72,73,73,110,22.000,22.000,24.500,24.500,0,0,0,0
692.994,13859826608897719907,310,1.000,-0.002,0.000,8,11049,1,928,928,948,948,71,71,81,80,72,72,73,73,110,22.000,22.000,24.500,24.500,0,0,0,0
692.994,13859826608897719907,310,1.000,-0.002,0.000,8,11049,1,928,928,948,948,71,71,81,80,72,72,73,73,110,22.000,22.000,24.500,24.500,0,0,0,0
692.994,13859826608897719907,310,1.000,-0.002,0.000,8,11049,1,928,928,948,948,71,71,81,80,72,72,73,73,110,22.000,22.000,24.500,24.500,0,0,0,0
692.994,13859826608897719907,310,1.000,-0.002,0.000,8,11049,1,928,928,948,948,71,71,81,80,72,72,73,73,110,22.000,22.000,24.500,24.500,0,0,0,0
692.994,13859826608897719907,310,1.000,-0.002,0.000,8,11049,1,928,928,948,948,71,71,81,80,72,72,73,73,110,22.000,22.000,24.500,24.500,0,0,0,0
692.994,13859826608897719907,310,1.000,-0.002,0.000,8,11049,1,928,928,948,948,71,71,81,80,72,72,73,73,110,22.000,22.000,24.500,24.500,0,0,0,0
692.994,13859826608897719907,310,1.000,-0.002,0.000,8,11049,1,928,928,948,948,71,71,81,80,72,72,73,73,110,22.000,22.000,24.500,24.500,0,0,0,0
692.994,13859826608897719907,310,1.000,-0.002,0.000,8,11049,1,928,928,948,948,71,71,81,80,72,72,73,73,110,22.000,22.000,24.500,24.500,0,0,0,0
692.994,13859826608897719907,310,1.000,-0.002,0.000,8,11049,1,928,928,948,948,71,71,81,80,72,72,73,73,110,22.000,22.000,24.500,24.500,0,0,0,0
692.994,13859826608897719907,310,1.000,-0.002,0.000,8,11049,1,928,928,948,948,71,71,81,80,72,72,73,73,110,22.000,22.000,24.500,24.500,0,0,0,0
692.994,13859826608897719907,310,1.000,-0.002,0.000,8,11049,1,928,928,948,948,71,71,81,80,72,72,73,73,110,22.000,22.000,24.500,24.500,0,0,0,0
692.994,13859826608897719907,310,1.000,-0.002,0.000,8,11049,1,928,928,948,948,71,71,81,80,72,72,73,73,110,22.000,22.000,24.500,24.500,0,0,0,0
692.994,13859826608897719907,310,1.000,-0.002,0.000,8,11049,1,928,928,948,948,71,71,81,80,72,72,73,73,110,22.000,22.000,24.500,24.500,0,0,0,0
692.994,13859826608897719907,310,1.000,-0.002,0.000,8,11049,1,928,928,948,948,71,71,81,80,72,72,73,73,110,22.000,22.000,24.500,24.500,0,0,0,0
692.994,13859826608897719907,310,1.000,-0.002,0.000,8,11049,1,928,928,948,948,71,71,81,80,72,72,73,73,110,22.000,22.000,24.500,24.500,0,0,0,0
692.994,13859826608897719907,310,1.000,-0.002,0.000,8,11049,1,928,928,948,948,71,71,81,80,72,72,73,73,110,22.000,22.000,24.500,24.500,0,0,0,0
692.994,13859826608897719907,310,1.000,-0.002,0.000,8,11049,1,928,928,948,948,71,71,81,80,72,72,73,73,110,22.000,22.000,24.500,24.500,0,0,0,0
692.994,13859826608897719907,310,1.000,-0.002,0.000,8,11049,1,928,928,948,948,71,71,81,80,72,72,73,73,110,22.000,22.000,24.500,24.500,0,0,0,0
692.994,13859826608897719907,310,1.000,-0.002,0.000,8,11049,1,928,928,948,948,71,71,81,80,72,72,73,73,110,22.000,22.000,24.500,24.500,0,0,0,0
692.994,13859826608897719907,310,1.000,-0.002,0.000,8,11049,1,928,928,948,948,71,71,81,80,72,72,73,73,110,22.000,22.000,24.500,24.500,0,0,0,0
692.994,13859826608897719907,310,1.000,-0.002,0.000,8,11049,1,928,928,948,948,71,71,81,80,72,72,73,73,110,22.000,22.000,24.500,24.500,0,0,0,0
692.994,13859826608897719907,310,1.000,-0.002,0.000,8,11049,1,928,928,948,948,71,71,81,80,72,72,73,73,110,22.000,22.000,24.500,24.500,0,0,0,0
692.994,13859826608897719907,310,1.000,-0.002,0.000,8,11049,1,928,928,948,948,71,71,81,80,72,72,73,73,110,22.000,22.000,24.500,24.500,0,0,0,0
692.994,13859826608897719907,310,1.000,-0.002,0.000,8,11049,1,928,928,948,948,71,71,81,80,72,72,73,73,110,22.000,22.000,24.500,24.500,0,0,0,0
692.994,13859826608897719907,310,1.000,-0.002,0.000,8,11049,1,928,928,948,948,71,71,81,80,72,72,73,73,110,22.000,22.000,24.500,24.500,0,0,0,0
692.994,13859826608897719907,310,1.000,-0.002,0.000,8,11049,1,928,928,948,948,71,71,81,80,72,72,73,73,110,22.000,22.000,24.500,24.500,0,0,0,0
692.994,13859826608897719907,310,1.000,-0.002,0.000,8,11049,1,928,928,948,948,71,71,81,80,72,72,73,73,110,22.000,22.000,24.500,24.500,0,0,0,0
692.994,13859826608897719907,310,1.000,-0.002,0.000,8,11049,1,928,928,948,948,71,71,81,80,72,72,73,73,110,22.000,22.000,24.500,24.500,0,0,0,0
692.994,13859826608897719907,310,1.000,-0.002,0.000,8,11049,1,928,928,948,948,71,71,81,80,72,72,73,73,110,22.000,22.000,24.500,24.500,0,0,0,0
692.994,13859826608897719907,310,1.000,-0.002,0.000,8,11049,1,928,928,948,948,71,71,81,80,72,72,73,73,110,22.000,22.000,24.500,24.500,0,0,0,0
692.994,13859826608897719907,310,1.000,-0.002,0.000,8,11049,1,928,928,948,948,71,71,81,80,72,72,73,73,110,22.000,22.000,24.500,24.500,0,0,0,0
692.994,13859826608897719907,310,1.000,-0.002,0.000,8,11049,1,928,928,948,948,71,71,81,80,72,72,73,73,110,22.000,22.000,24.500,24.500,0,0,0,0
692.994,13859826608897719907,310,1.000,-0.002,0.000,8,11049,1,928,928,948,948,71,71,81,80,72,72,73,73,110,22.000,22.000,24.500,24.500,0,0,0,0
692.994,13859826608897719907,310,1.000,-0.002,0.000,8,11049,1,928,928,948,948,71,71,81,80,72,72,73,73,110,22.000,22.000,24.500,24.500,0,0,0,0
692.994,13859826608897719907,310,1.000,-0.002,0.000,8,11049,1,928,928,948,948,71,71,81,80,72,72,73,73,110,22.000,22.000,24.500,24.500,0,0,0,0
692.994,13859826608897719907,310,1.000,-0.002,0.000,8,11049,1,928,928,948,948,71,71,81,80,72,72,73,73,110,22.000,22.000,24.500,24.500,0,0,0,0
692.994,13859826608897719907,310,1.000,-0.002,0.000,8,11049,1,928,928,948,948,71,71,81,80,72,72,73,73,110,22.000,22.000,24.500,24.500,0,0,0,0
692.994,13859826608897719907,310,1.000,-0.002,0.000,8,11049,1,928,928,948,948,71,71,81,80,72,72,73,73,110,22.000,22.000,24.500,24.500,0,0,0,0
692.994,13859826608897719907,310,1.000,-0.002,0.000,8,11049,1,928,928,948,948,71,71,81,80,72,72,73,73,110,22.000,22.000,24.500,24.500,0,0,0,0
692.994,13859826608897719907,310,1.000,-0.002,0.000,8,11049,1,928,928,948,948,71,71,81,80,72,72,73,73,110,22.000,22.000,24.500,24.500,0,0,0,0
692.994,13859826608897719907,310,1.000,-0.002,0.000,8,11049,1,928,928,948,948,71,71,81,80,72,72,73,73,110,22.000,22.000,24.500,24.500,0,0,0,0
692.994,13859826608897719907,310,1.000,-0.002,0.000,8,11049,1,928,928,948,948,71,71,81,80,72,72,73,73,110,22.000,22.000,24.500,24.500,0,0,0,0
692.994,13859826608897719907,310,1.000,-0.002,0.000,8,11049,1,928,928,948,948,71,71,81,80,72,72,73,73,110,22.000,22.000,24.500,24.500,0,0,0,0
692.994,13859826608897719907,310,1.000,-0.002,0.000,8,11049,1,928,928,948,948,71,71,81,80,72,72,73,73,110,22.000,22.000,24.500,24.500,0,0,0,0
692.994,13859826608897719907,310,1.000,-0.002,0.000,8,11049,1,928,928,948,948,71,71,81,80,72,72,73,73,110,22.000,22.000,24.500,24.500,0,0,0,0
692.994,13859826608897719907,310,1.000,-0.002,0.000,8,11049,1,928,928,948,948,71,71,81,80,72,72,73,73,110,22.000,22.000,24.500,24.500,0,0,0,0
692.994,13859826608897719907,310,1.000,-0.002,0.000,8,11049,1,928,928,948,948,71,71,81,80,72,72,73,73,110,22.000,22.000,24.500,24.500,0,0,0,0
692.994,13859826608897719907,310,1.000,-0.002,0.000,8,11049,1,928,928,948,948,71,71,81,80,72,72,73,73,110,22.000,22.000,24.500,24.500,0,0,0,0
692.994,13859826608897719907,310,1.000,-0.002,0.000,8,11049,1,928,928,948,948,71,71,81,80,72,72,73,73,110,22.000,22.000,24.500,24.500,0,0,0,0
692.994,13859826608897719907,310,1.000,-0.002,0.000,8,11049,1,928,928,948,948,71,71,81,80,72,72,73,73,110,22.000,22.000,24.500,24.500,0,0,0,0
692.994,13859826608897719907,310,1.000,-0.002,0.000,8,11049,1,928,928,948,948,71,71,81,80,72,72,73,73,110,22.000,22.000,24.500,24.500,0,0,0,0
692.994,13859826608897719907,310,1.000,-0.002,0.000,8,11049,1,928,928,948,948,71,71,81,80,72,72,73,73,110,22.000,22.000,24.500,24.500,0,0,0,0
692.994,13859826608897719907,310,1.000,-0.002,0.000,8,11049,1,928,928,948,948,71,71,81,80,72,72,73,73,110,22.000,22.000,24.500,24.500,0,0,0,0
692.994,13859826608897719907,310,1.000,-0.002,0.000,8,11049,1,928,928,948,948,71,71,81,80,72,72,73,73,110,22.000,22.000,24.500,24.500,0,0,0,0
692.994,13859826608897719907,310,1.000,-0.002,0.000,8,11049,1,928,928,948,948,71,71,81,80,72,72,73,73,110,22.000,22.000,24.500,24.500,0,0,0,0
692.994,13859826608897719907,310,1.000,-0.002,0.000,8,11049,1,928,928,948,948,71,71,81,80,72,72,73,73,110,22.000,22.000,24.500,24.500,0,0,0,0
692.994,13859826608897719907,310,1.000,-0.002,0.000,8,11049,1,928,928,948,948,71,71,81,80,72,72,73,73,110,22.000,22.000,24.500,24.500,0,0,0,0
692.994,13859826608897719907,310,1.000,-0.002,0.000,8,11049,1,928,928,948,948,71,71,81,80,72,72,73,73,110,22.000,22.000,24.500,24.500,0,0,0,0
692.994,13859826608897719907,310,1.000,-0.002,0.000,8,11049,1,928,928,948,948,71,71,81,80,72,72,73,73,110,22.000,22.000,24.500,24.500,0,0,0,0
692.994,13859826608897719907,310,1.000,-0.002,0.000,8,11049,1,928,928,948,948,71,71,81,80,72,72,73,73,110,22.000,22.000,24.500,24.500,0,0,0,0
692.994,13859826608897719907,310,1.000,-0.002,0.000,8,11049,1,928,928,948,948,71,71,81,80,72,72,73,73,110,22.000,22.000,24.500,24.500,0,0,0,0
692.994,13859826608897719907,310,1.000,-0.002,0.000,8,11049,1,928,928,948,948,71,71,81,80,72,72,73,73,110,22.000,22.000,24.500,24.500,0,0,0,0
692.994,13859826608897719907,310,1.000,-0.002,0.000,8,11049,1,928,928,948,948,71,71,81,80,72,72,73,73,110,22.000,22.000,24.500,24.500,0,0,0,0
692.994,13859826608897719907,310,1.000,-0.002,0.000,8,11049,1,928,928,948,948,71,71,81,80,72,72,73,73,110,22.000,22.000,24.500,24.500,0,0,0,0
692.994,13859826608897719907,310,1.000,-0.002,0.000,8,11049,1,928,928,948,948,71,71,81,80,72,72,73,73,110,22.000,22.000,24.500,24.500,0,0,0,0
692.994,13859826608897719907,310,1.000,-0.002,0.000,8,11049,1,928,928,948,948,71,71,81,80,72,72,73,73,110,22.000,22.000,24.500,24.500,0,0,0,0
692.994,13859826608897719907,310,1.000,-0.002,0.000,8,11049,1,928,928,948,948,71,71,81,80,72,72,73,73,110,22.000,22.000,24.500,24.500,0,0,0,0
692.994,13859826608897719907,310,1.000,-0.002,0.000,8,11049,1,928,928,948,948,71,71,81,80,72,72,73,73,110,22.000,22.000,24.500,24.500,0,0,0,0
692.994,13859826608897719907,310,1.000,-0.002,0.000,8,11049,1,928,928,948,948,71,71,81,80,72,72,73,73,110,22.000,22.000,24.500,24.500,0,0,0,0
692.994,13859826608897719907,310,1.000,-0.002,0.000,8,11049,1,928,928,948,948,71,71,81,80,72,72,73,73,110,22.000,22.000,24.500,24.500,0,0,0,0
693.018,13859826608897719907,310,1.000,-0.002,0.000,8,11058,1,928,928,948,948,71,71,81,80,72,72,73,73,110,22.000,22.000,24.500,24.500,0,0,0,0
693.041,13859826608897719907,311,1.000,0.002,0.000,8,11067,1,928,928,948,948,71,71,81,80,72,72,73,73,110,22.000,22.000,24.500,24.500,0,0,0,0
693.067,13859826608897719907,311,1.000,0.001,0.000,8,11077,1,928,928,948,948,71,71,81,80,72,72,73,73,110,22.000,22.000,24.500,24.500,0,0,0,0
693.116,13859826608897719907,311,1.000,-0.002,0.000,8,11094,1,928,928,948,948,71,71,81,80,72,72,73,73,110,22.000,22.000,24.500,24.500,0,0,0,0
693.143,13859826608897719907,312,1.000,-0.002,0.000,8,11102,1,916,916,938,938,71,71,81,80,72,72,74,73,110,22.000,22.000,24.500,24.500,0,0,0,0
693.168,13859826608897719907,312,1.000,-0.002,0.000,8,11112,1,916,916,938,938,71,71,81,80,72,72,74,73,110,22.000,22.000,24.500,24.500,0,0,0,0
693.193,13859826608897719907,312,1.000,0.002,0.000,8,11121,1,916,916,938,938,71,71,81,80,72,72,74,73,110,22.000,22.000,24.500,24.500,0,0,0,0
693.219,13859826608897719907,312,1.000,0.001,0.000,8,11133,1,916,916,938,938,71,71,81,80,72,72,74,73,110,22.000,22.000,24.500,24.500,0,0,0,0
693.242,13859826608897719907,313,1.000,-0.001,0.000,8,11141,1,916,916,938,938,71,71,81,80,72,72,74,73,110,22.000,22.000,24.500,24.500,0,0,0,0
693.267,13859826608897719907,313,1.000,-0.002,0.000,8,11150,1,916,916,938,938,71,71,81,80,72,72,74,73,110,22.000,22.000,24.500,24.500,0,0,0,0
693.292,13859826608897719907,313,1.000,0.001,0.000,8,11157,1,916,916,938,938,71,71,81,80,72,72,74,73,110,22.000,22.000,24.500,24.500,0,0,0,0
693.313,13859826608897719907,313,1.000,0.002,0.000,8,11161,1,916,916,938,938,71,71,81,80,72,72,74,73,110,22.000,22.000,24.500,24.500,0,0,0,0
693.336,13859826608897719907,314,1.000,0.001,0.000,8,11165,1,916,916,938,938,71,71,81,80,72,72,74,73,110,22.000,22.000,24.500,24.500,0,0,0,0
693.359,13859826608897719907,314,1.000,-0.001,0.000,8,11170,1,916,916,938,938,71,71,81,80,72,72,74,73,110,22.000,22.000,24.500,24.500,0,0,0,0
693.381,13859826608897719907,314,1.000,-0.002,0.000,8,11178,1,916,916,938,938,71,71,81,80,72,72,74,73,110,22.000,22.000,24.500,24.500,0,0,0,0
693.404,13859826608897719907,314,1.000,0.002,0.000,8,11186,1,916,916,938,938,71,71,81,80,72,72,74,73,110,22.000,22.000,24.500,24.500,0,0,0,0
693.427,13859826608897719907,314,1.000,0.001,0.000,8,11195,1,916,916,938,938,71,71,81,80,72,72,74,73,110,22.000,22.000,24.500,24.500,0,0,0,0
693.450,13859826608897719907,315,1.000,-0.002,0.000,8,11204,1,916,916,938,938,71,71,81,80,72,72,74,73,110,22.000,22.000,24.500,24.500,0,0,0,0
693.472,13859826608897719907,315,1.000,-0.001,0.000,8,11213,1,916,916,938,938,71,71,81,80,72,72,74,73,110,22.000,22.000,24.500,24.500,0,0,0,0
693.495,13859826608897719907,315,1.000,0.001,0.000,8,11219,1,916,916,938,938,71,71,81,80,72,72,74,73,110,22.000,22.000,24.500,24.500,0,0,0,0
693.518,13859826608897719907,315,1.000,0.002,0.000,8,11226,1,916,916,938,938,71,71,81,80,72,72,74,73,110,22.000,22.000,24.500,24.500,0,0,0,0
693.541,13859826608897719907,315,1.000,-0.001,0.000,8,11233,1,916,916,938,938,71,71,81,80,72,72,74,73,110,22.000,22.000,24.500,24.500,0,0,0,0
693.564,13859826608897719907,316,1.000,-0.002,0.000,8,11240,1,916,916,938,938,71,71,81,80,72,72,74,73,110,22.000,22.000,24.500,24.500,0,0,0,0
693.587,13859826608897719907,316,1.000,-0.001,0.000,8,11249,1,916,916,938,938,71,71,81,80,72,72,74,73,110,22.000,22.000,24.500,24.500,0,0,0,0
693.610,13859826608897719907,316,1.000,0.001,0.000,8,11258,1,877,877,904,904,71,71,81,80,72,72,74,74,110,22.000,22.000,24.500,24.500,0,0,0,0
693.633,13859826608897719907,316,1.000,0.001,0.000,8,11270,1,877,877,904,904,71,71,81,80,72,72,74,74,110,22.000,22.000,24.500,24.500,0,0,0,0
693.656,13859826608897719907,317,1.000,0.001,0.000,8,11275,1,877,877,904,904,71,71,81,80,72,72,74,74,110,22.000,22.000,24.500,24.500,0,0,0,0
693.678,13859826608897719907,317,1.000,-0.002,0.000,8,11280,1,877,877,904,904,71,71,81,80,72,72,74,74,110,22.000,22.000,24.500,24.500,0,0,0,0
693.701,13859826608897719907,317,1.000,-0.002,0.000,8,11283,1,877,877,904,904,71,71,81,80,72,72,74,74,110,22.000,22.000,24.500,24.500,0,0,0,0
693.723,13859826608897719907,317,1.000,-0.002,0.000,8,11286,1,877,877,904,904,71,71,81,80,72,72,74,74,110,22.000,22.000,24.500,24.500,0,0,0,0
693.746,13859826608897719907,317,1.000,0.002,0.000,8,11291,1,877,877,904,904,71,71,81,80,72,72,74,74,110,22.000,22.000,24.500,24.500,0,0,0,0
693.768,13859826608897719907,317,1.000,0.003,0.000,8,11295,1,877,877,904,904,71,71,81,80,72,72,74,74,110,22.000,22.000,24.500,24.500,0,0,0,0
693.790,13859826608897719907,318,1.000,0.001,0.000,8,11305,1,877,877,904,904,71,71,81,80,72,72,74,74,110,22.000,22.000,24.500,24.500,0,0,0,0
693.815,13859826608897719907,318,1.000,-0.002,0.000,8,11316,1,877,877,904,904,71,71,81,80,72,72,74,74,110,22.000,22.000,24.500,24.500,0,0,0,0
693.862,13859826608897719907,318,1.000,0.002,0.000,8,11340,1,877,877,904,904,71,71,81,80,72,72,74,74,110,22.000,22.000,24.500,24.500,0,0,0,0
693.885,13859826608897719907,318,1.000,0.000,0.000,8,11347,1,877,877,904,904,71,71,81,80,72,72,74,74,110,22.000,22.000,24.500,24.500,0,0,0,0
693.908,13859826608897719907,319,1.000,-0.001,0.000,8,11355,1,877,877,904,904,71,71,81,80,72,72,74,74,110,22.000,22.000,24.500,24.500,0,0,0,0
693.931,13859826608897719907,319,1.000,-0.002,0.000,8,11356,1,877,877,904,904,71,71,81,80,72,72,74,74,110,22.000,22.000,24.500,24.500,0,0,0,0
693.954,13859826608897719907,319,1.000,0.001,0.000,8,11359,1,877,877,904,904,71,71,81,80,72,72,74,74,110,22.000,22.000,24.500,24.500,0,0,0,0
693.974,13859826608897719907,319,1.000,0.002,0.000,8,11361,1,877,877,904,904,71,71,81,80,72,72,74,74,110,22.000,22.000,24.500,24.500,0,0,0,0
693.996,13859826608897719907,319,1.000,0.001,0.000,8,11365,1,877,877,904,904,71,71,81,80,72,72,74,74,110,22.000,22.000,24.500,24.500,0,0,0,0
694.018,13859826608897719907,320,1.000,-0.001,0.000,8,11372,1,877,877,904,904,71,71,81,80,72,72,74,74,110,22.000,22.000,24.500,24.500,0,0,0,0
694.039,13859826608897719907,320,1.000,-0.002,0.000,8,11380,1,877,877,904,904,71,71,81,80,72,72,74,74,110,22.000,22.000,24.500,24.500,0,0,0,0
694.061,13859826608897719907,320,1.000,-0.002,0.000,8,11387,1,841,841,873,873,71,71,81,80,73,73,74,74,110,22.000,22.000,24.500,24.500,0,0,0,0
694.083,13859826608897719907,320,1.000,0.002,0.000,8,11394,1,841,841,873,873,71,71,81,80,73,73,74,74,110,22.000,22.000,24.500,24.500,0,0,0,0
